,,, Salary ,,,,,,,
Rk,Player,Tm, 2018-19 , 2019-20 , 2020-21 , 2021-22 , 2022-23 , 2023-24 ,Signed Using, Guaranteed 
1,Stephen Curry,GSW," 37,457,154.00 "," 40,231,758.00 "," 43,006,362.00 "," 45,780,966.00 ",,,Bird Rights," 166,476,240.00 "
2,Chris Paul,HOU," 35,654,150.00 "," 38,506,482.00 "," 41,358,814.00 "," 44,211,146.00 ",,,," 159,730,592.00 "
3,Russell Westbrook,OKC," 35,654,150.00 "," 38,178,000.00 "," 41,006,000.00 "," 43,848,000.00 "," 46,662,000.00 ",,Bird Rights," 158,686,150.00 "
4,LeBron James,LAL," 35,654,150.00 "," 37,436,858.00 "," 39,219,565.00 "," 41,002,273.00 ",,,," 113,310,573.00 "
5,Blake Griffin,DET," 32,088,932.00 "," 34,234,964.00 "," 36,595,996.00 "," 38,957,028.00 ",,,Bird Rights," 102,919,892.00 "
6,Gordon Hayward,BOS," 31,214,295.00 "," 32,700,690.00 "," 34,187,085.00 ",,,,Cap space," 63,914,985.00 "
7,Kyle Lowry,TOR," 31,200,000.00 "," 33,296,296.00 ",,,,,Bird Rights," 64,496,296.00 "
8,Paul George,OKC," 30,560,700.00 "," 33,005,556.00 "," 35,450,412.00 "," 37,895,268.00 ",,,Maximum Salary," 99,016,668.00 "
9,Mike Conley,MEM," 30,521,116.00 "," 32,511,623.00 "," 34,504,132.00 ",,,,Cap Space," 85,459,122.00 "
10,James Harden,HOU," 30,431,854.00 "," 37,800,000.00 "," 40,824,000.00 "," 43,848,000.00 "," 46,872,000.00 ",,Bird Rights," 152,903,854.00 "
11,Kevin Durant,GSW," 30,000,000.00 "," 31,500,000.00 ",,,,,," 30,000,000.00 "
12,Paul Millsap,DEN," 29,730,769.00 "," 30,500,000.00 ",,,,,Cap space," 29,730,769.00 "
13,Al Horford,BOS," 28,928,710.00 "," 30,123,015.00 ",,,,,Cap Space," 28,928,710.00 "
14,Damian Lillard,POR," 27,977,689.00 "," 29,802,321.00 "," 31,626,953.00 ",,,,1st Round Pick," 89,406,963.00 "
15,DeMar DeRozan,SAS," 27,739,975.00 "," 27,739,975.00 "," 27,739,975.00 ",,,,Cap Space," 55,479,950.00 "
16,Chris Bosh,MIA," 26,837,720.00 ",,,,,,," 26,837,720.00 "
17,Otto Porter,CHI," 26,011,913.00 "," 27,250,576.00 "," 28,489,239.00 ",,,,Bird Rights," 53,262,489.00 "
18,Jrue Holiday,NOP," 25,976,111.00 "," 26,131,111.00 "," 26,131,111.00 "," 27,020,000.00 ",,,Bird Rights," 78,238,333.00 "
19,CJ McCollum,POR," 25,759,766.00 "," 27,556,959.00 "," 29,354,152.00 ",,,,1st Round Pick," 82,670,877.00 "
20,Carmelo Anthony,ATL," 25,534,253.00 ",,,,,,," 25,534,253.00 "
,,, Salary ,,,,,,,
Rk,Player,Tm, 2018-19 , 2019-20 , 2020-21 , 2021-22 , 2022-23 , 2023-24 ,Signed Using, Guaranteed 
21,Andrew Wiggins,MIN," 25,467,250.00 "," 27,270,000.00 "," 29,290,000.00 "," 31,310,000.00 "," 33,330,000.00 ",,1st Round Pick," 146,667,250.00 "
22,Joel Embiid,PHI," 25,467,250.00 "," 27,270,000.00 "," 29,290,000.00 "," 31,310,000.00 "," 33,330,000.00 ",,1st Round Pick," 25,467,250.00 "
23,Bradley Beal,WAS," 25,434,263.00 "," 27,093,019.00 "," 28,751,775.00 ",,,,Cap Space," 81,279,057.00 "
24,Anthony Davis,NOP," 25,434,263.00 "," 27,093,019.00 "," 28,751,775.00 ",,,,1st Round Pick," 52,527,282.00 "
25,Andre Drummond,DET," 25,434,263.00 "," 27,093,019.00 "," 28,751,775.00 ",,,,Cap Space," 52,527,282.00 "
26,Hassan Whiteside,MIA," 25,434,263.00 "," 27,093,018.00 ",,,,,Cap Space," 25,434,263.00 "
27,Nikola Jokic,DEN," 24,605,181.00 "," 26,573,595.00 "," 28,542,009.00 "," 30,510,423.00 "," 32,478,837.00 ",,," 142,710,045.00 "
28,Steven Adams,OKC," 24,157,304.00 "," 25,842,697.00 "," 27,528,090.00 ",,,,1st Round Pick," 77,528,091.00 "
29,Giannis Antetokounmpo,MIL," 24,157,304.00 "," 25,842,697.00 "," 27,528,090.00 ",,,,1st Round Pick," 77,528,091.00 "
30,Kevin Love,CLE," 24,119,025.00 "," 28,900,000.00 "," 31,300,000.00 "," 31,300,000.00 "," 28,900,000.00 ",,Bird Rights," 144,519,025.00 "
31,Marc Gasol,TOR," 24,119,025.00 "," 25,595,700.00 ",,,,,Bird Rights," 24,119,025.00 "
32,Chandler Parsons,MEM," 24,107,258.00 "," 25,102,511.00 ",,,,,Cap Space," 49,209,769.00 "
33,Harrison Barnes,SAC," 24,107,258.00 "," 25,102,512.00 ",,,,,Cap Space," 24,107,258.00 "
34,Nicolas Batum,CHO," 24,000,000.00 "," 25,565,217.00 "," 27,130,434.00 ",,,,Cap Space," 49,565,217.00 "
35,Rudy Gobert,UTA," 23,241,573.00 "," 25,008,427.00 "," 26,525,281.00 ",,,,1st Round Pick," 74,775,281.00 "
36,Kawhi Leonard,TOR," 23,114,067.00 "," 21,329,752.00 ",,,,,Bird Rights," 23,114,067.00 "
37,DeAndre Jordan,NYK," 22,900,000.00 ",,,,,,," 22,900,000.00 "
38,LaMarcus Aldridge,SAS," 22,347,015.00 "," 26,000,000.00 "," 24,000,000.00 ",,,,Cap Space," 55,347,015.00 "
39,Serge Ibaka,TOR," 21,666,667.00 "," 23,271,604.00 ",,,,,Cap space," 44,938,271.00 "
40,Aaron Gordon,ORL," 21,590,909.00 "," 19,863,636.00 "," 18,136,364.00 "," 16,409,091.00 ",,,," 76,000,000.00 "
,,, Salary ,,,,,,,
Rk,Player,Tm, 2018-19 , 2019-20 , 2020-21 , 2021-22 , 2022-23 , 2023-24 ,Signed Using, Guaranteed 
41,Danilo Gallinari,LAC," 21,587,579.00 "," 22,615,559.00 ",,,,,Sign and Trade," 44,203,138.00 "
42,Victor Oladipo,IND," 21,000,000.00 "," 21,000,000.00 "," 21,000,000.00 ",,,,1st Round Pick," 63,000,000.00 "
43,Jimmy Butler,PHI," 20,445,779.00 "," 19,841,627.00 ",,,,,Bird Rights," 20,445,779.00 "
44,Ryan Anderson,MIA," 20,421,546.00 "," 15,600,000.00 ",,,,,Cap Space," 36,021,546.00 "
45,Kyrie Irving,BOS," 20,099,189.00 "," 21,329,750.00 ",,,,,Bird Rights," 20,099,189.00 "
46,Jabari Parker,WAS," 20,000,000.00 "," 20,000,000.00 ",,,,,," 20,000,000.00 "
47,Zach LaVine,CHI," 19,500,000.00 "," 19,500,000.00 "," 19,500,000.00 "," 19,500,000.00 ",,,," 78,000,000.00 "
48,Tyler Johnson,PHO," 19,245,370.00 "," 19,245,370.00 ",,,,,Cap Space," 19,245,370.00 "
49,John Wall,WAS," 19,169,800.00 "," 37,800,000.00 "," 40,824,000.00 "," 43,848,000.00 "," 46,872,000.00 ",,Bird Rights," 141,641,800.00 "
50,George Hill,MIL," 19,000,000.00 "," 18,000,000.00 ",,,,,Cap space," 20,000,000.00 "
51,Jeff Teague,MIN," 19,000,000.00 "," 19,000,000.00 ",,,,,Cap space," 19,000,000.00 "
52,Klay Thompson,GSW," 18,988,725.00 ",,,,,,1st Round Pick," 18,988,725.00 "
53,Dwight Howard,BRK," 18,919,725.00 ",,,,,,," 18,919,725.00 "
54,Enes Kanter,NYK," 18,622,514.00 ",,,,,,," 18,622,514.00 "
55,Wesley Matthews,NYK," 18,622,514.00 ",,,,,,," 18,622,514.00 "
56,Joakim Noah,NYK," 18,530,000.00 "," 6,431,666.00 "," 6,431,666.00 "," 6,431,666.00 ",,,," 37,824,998.00 "
57,Allen Crabbe,BRK," 18,500,000.00 "," 18,500,000.00 ",,,,,Cap Space," 18,500,000.00 "
58,Goran Dragic,MIA," 18,109,175.00 "," 19,217,900.00 ",,,,,Bird Rights," 18,109,175.00 "
59,Kent Bazemore,ATL," 18,089,887.00 "," 19,269,662.00 ",,,,,Cap Space," 18,089,887.00 "
60,Evan Turner,POR," 17,868,852.00 "," 18,606,557.00 ",,,,,Cap Space," 36,475,409.00 "
,,, Salary ,,,,,,,
Rk,Player,Tm, 2018-19 , 2019-20 , 2020-21 , 2021-22 , 2022-23 , 2023-24 ,Signed Using, Guaranteed 
61,Draymond Green,GSW," 17,469,565.00 "," 18,539,130.00 ",,,,,Bird Rights," 36,008,695.00 "
62,Tristan Thompson,CLE," 17,469,565.00 "," 18,539,130.00 ",,,,,Bird Rights," 36,008,695.00 "
63,Tim Hardaway,DAL," 17,325,000.00 "," 18,150,000.00 "," 18,975,000.00 ",,,,Cap space," 35,475,000.00 "
64,Reggie Jackson,DET," 17,043,478.00 "," 18,086,956.00 ",,,,,Bird Rights," 35,130,434.00 "
65,Evan Fournier,ORL," 17,000,000.00 "," 17,000,000.00 "," 17,000,000.00 ",,,,Cap Space," 34,000,000.00 "
66,Bismack Biyombo,CHO," 17,000,000.00 "," 17,000,000.00 ",,,,,Cap Space," 17,000,000.00 "
67,Derrick Favors,UTA," 16,900,000.00 "," 16,900,000.00 ",,,,,," 16,000,000.00 "
68,Jonas Valanciunas,MEM," 16,539,326.00 "," 17,617,977.00 ",,,,,1st Round Pick," 16,539,326.00 "
69,Gary Harris,DEN," 16,517,857.00 "," 17,839,286.00 "," 19,160,714.00 "," 20,482,143.00 ",,,1st Round Pick," 74,000,000.00 "
70,Andre Iguodala,GSW," 16,000,000.00 "," 17,185,185.00 ",,,,,Bird Rights," 33,185,185.00 "
71,Timofey Mozgov,ORL," 16,000,000.00 "," 16,720,000.00 ",,,,,Cap Space," 32,720,000.00 "
72,Ian Mahinmi,WAS," 15,944,154.00 "," 15,450,051.00 ",,,,,Cap Space," 31,394,205.00 "
73,Dennis Schroder,OKC," 15,500,000.00 "," 15,500,000.00 "," 15,500,000.00 ",,,,1st Round Pick," 46,500,000.00 "
74,DeMarre Carroll,BRK," 15,400,000.00 ",,,,,,Cap Space," 15,400,000.00 "
75,Clint Capela,HOU," 15,293,104.00 "," 16,456,522.00 "," 17,500,000.00 "," 18,543,478.00 "," 19,586,957.00 ",,," 87,380,061.00 "
76,Gorgui Dieng,MIN," 15,170,787.00 "," 16,229,213.00 "," 17,287,640.00 ",,,,1st Round Pick," 48,687,640.00 "
77,Pau Gasol,SAS," 15,100,000.00 "," 5,100,000.00 ",,,,,," 20,200,000.00 "
78,Eric Bledsoe,MIL," 15,000,000.00 "," 15,625,000.00 "," 16,875,000.00 "," 18,125,000.00 "," 19,375,000.00 ",,Bird Rights," 85,000,000.00 "
79,Trevor Ariza,WAS," 15,000,000.00 ",,,,,,Cap Space," 15,000,000.00 "
80,Ricky Rubio,UTA," 14,975,000.00 ",,,,,,1st Round Pick," 14,975,000.00 "
,,, Salary ,,,,,,,
Rk,Player,Tm, 2018-19 , 2019-20 , 2020-21 , 2021-22 , 2022-23 , 2023-24 ,Signed Using, Guaranteed 
81,Tobias Harris,PHI," 14,800,000.00 ",,,,,,Bird Rights," 14,800,000.00 "
82,J.R. Smith,CLE," 14,720,000.00 "," 15,680,000.00 ",,,,,Bird Rights," 18,590,000.00 "
83,James Johnson,MIA," 14,651,700.00 "," 15,349,400.00 "," 16,047,100.00 ",,,,Cap space," 30,001,100.00 "
84,Brandon Knight,CLE," 14,631,250.00 "," 15,643,750.00 ",,,,,," 30,275,000.00 "
85,Robin Lopez,CHI," 14,357,750.00 ",,,,,,Cap Space," 14,357,750.00 "
86,Luol Deng,LAL," 14,354,067.00 "," 4,990,000.00 "," 4,990,000.00 "," 4,990,000.00 ",,,," 29,324,067.00 "
87,Marvin Williams,CHO," 14,087,500.00 "," 15,006,250.00 ",,,,,Cap Space," 14,087,500.00 "
88,Taj Gibson,MIN," 14,000,000.00 ",,,,,,Cap space," 14,000,000.00 "
89,Jeremy Lin,ATL," 13,768,421.00 ",,,,,,," 13,768,421.00 "
90,Thaddeus Young,IND," 13,764,045.00 ",,,,,,Bird Rights," 13,764,045.00 "
91,Kenneth Faried,BRK," 13,764,045.00 ",,,,,,," 13,764,045.00 "
92,Tyson Chandler,PHO," 13,585,000.00 ",,,,,,," 13,585,000.00 "
93,Marcin Gortat,LAC," 13,565,218.00 ",,,,,,," 13,565,218.00 "
94,Cody Zeller,CHO," 13,528,090.00 "," 14,471,910.00 "," 15,415,730.00 ",,,,1st Round Pick," 43,415,730.00 "
95,Eric Gordon,HOU," 13,500,375.00 "," 14,057,730.00 ",,,,,Cap Space," 27,558,105.00 "
96,Joe Ingles,UTA," 13,045,455.00 "," 11,954,546.00 "," 10,863,637.00 ",,,,Bird Rights," 35,863,638.00 "
97,Khris Middleton,MIL," 13,000,000.00 "," 13,000,000.00 ",,,,,Bird Rights," 13,000,000.00 "
98,Michael Kidd-Gilchrist,CHO," 13,000,000.00 "," 13,000,000.00 ",,,,,1st Round Pick," 13,000,000.00 "
99,Mason Plumlee,DEN," 12,917,808.00 "," 14,041,096.00 ",,,,,Cap space," 26,958,904.00 "
100,Wilson Chandler,LAC," 12,800,562.00 ",,,,,,," 12,800,562.00 "
,,, Salary ,,,,,,,
Rk,Player,Tm, 2018-19 , 2019-20 , 2020-21 , 2021-22 , 2022-23 , 2023-24 ,Signed Using, Guaranteed 
101,Nikola Vucevic,ORL," 12,750,000.00 ",,,,,,Bird Rights," 12,750,000.00 "
102,Jordan Clarkson,CLE," 12,500,000.00 "," 13,437,500.00 ",,,,,Cap Space," 25,937,500.00 "
103,Miles Plumlee,ATL," 12,500,000.00 "," 12,500,000.00 ",,,,,Bird Rights," 25,000,000.00 "
104,Nikola Mirotic,MIL," 12,500,000.00 ",,,,,,Cap space," 12,500,000.00 "
105,Tyreke Evans,IND," 12,400,000.00 ",,,,,,," 12,400,000.00 "
106,Courtney Lee,DAL," 12,253,780.00 "," 12,759,670.00 ",,,,,Cap Space," 25,013,450.00 "
107,Solomon Hill,NOP," 12,252,928.00 "," 13,258,781.00 ",,,,,Cap Space," 25,511,709.00 "
108,J.J. Redick,PHI," 12,250,000.00 ",,,,,,," 12,250,000.00 "
109,Kelly Olynyk,MIA," 12,137,527.00 "," 11,667,885.00 "," 12,198,243.00 ",,,,Cap space," 23,805,412.00 "
110,Austin Rivers,PHO," 12,000,000.00 ",,,,,,," 12,000,000.00 "
111,Avery Bradley,MEM," 12,000,000.00 "," 12,960,000.00 ",,,,,," 12,000,000.00 "
112,Kentavious Caldwell-Pope,LAL," 12,000,000.00 ",,,,,,," 12,000,000.00 "
113,Kemba Walker,CHO," 12,000,000.00 ",,,,,,1st Round Pick," 12,000,000.00 "
114,Will Barton,DEN," 11,830,358.00 "," 12,960,000.00 "," 13,920,000.00 "," 14,880,000.00 ",,,," 38,710,358.00 "
115,T.J. Warren,PHO," 11,750,000.00 "," 10,810,000.00 "," 11,750,000.00 "," 12,690,000.00 ",,,1st Round Pick," 47,000,000.00 "
116,Zach Randolph,DAL," 11,692,308.00 ",,,,,,," 11,692,308.00 "
117,Marcus Smart,BOS," 11,660,716.00 "," 12,553,471.00 "," 13,446,428.00 "," 14,339,285.00 ",,,," 51,999,900.00 "
118,Patty Mills,SAS," 11,571,429.00 "," 12,428,571.00 "," 13,285,714.00 ",,,,Bird Rights," 37,285,714.00 "
119,Dion Waiters,MIA," 11,550,000.00 "," 12,100,000.00 "," 12,650,000.00 ",,,,Cap space," 36,300,000.00 "
120,Alec Burks,SAC," 11,536,515.00 ",,,,,,1st Round Pick," 11,536,515.00 "
,,, Salary ,,,,,,,
Rk,Player,Tm, 2018-19 , 2019-20 , 2020-21 , 2021-22 , 2022-23 , 2023-24 ,Signed Using, Guaranteed 
121,John Henson,CLE," 11,327,466.00 "," 9,732,396.00 ",,,,,1st Round Pick," 21,059,862.00 "
122,Omer Asik,CHI," 11,286,516.00 "," 3,000,000.00 ",,,,,," 14,286,516.00 "
123,Jusuf Nurkic,POR," 11,111,111.00 "," 12,000,000.00 "," 12,000,000.00 "," 12,000,000.00 ",,,," 39,111,111.00 "
124,Iman Shumpert,HOU," 11,011,234.00 ",,,,,,Bird Rights," 11,011,234.00 "
125,Maurice Harkless,POR," 10,837,079.00 "," 11,511,234.00 ",,,,,Cap Space," 22,348,313.00 "
126,Tony Snell,MIL," 10,607,143.00 "," 11,392,857.00 "," 12,178,571.00 ",,,,Cap space," 22,000,000.00 "
127,Meyers Leonard,POR," 10,595,506.00 "," 11,286,515.00 ",,,,,Cap Space," 21,882,021.00 "
128,Terrence Ross,ORL," 10,500,000.00 ",,,,,,Rookie scale extension," 10,500,000.00 "
129,Bojan Bogdanovic,IND," 10,500,000.00 ",,,,,,Cap space," 10,500,000.00 "
130,Robert Covington,MIN," 10,464,092.00 "," 11,301,219.00 "," 12,138,345.00 "," 12,975,471.00 ",,,Cap Space," 46,879,127.00 "
131,Rudy Gay,SAS," 10,087,200.00 ",,,,,,Non-Bird Rights," 10,087,200.00 "
132,Jon Leuer,DET," 10,002,681.00 "," 9,508,043.00 ",,,,,Cap Space," 19,510,724.00 "
133,Andre Roberson,OKC," 10,000,000.00 "," 10,740,741.00 ",,,,,Bird Rights," 20,740,741.00 "
134,Danny Green,TOR," 10,000,000.00 ",,,,,,Bird Rights," 10,000,000.00 "
135,Darren Collison,IND," 10,000,000.00 ",,,,,,Cap space," 10,000,000.00 "
136,Dwight Powell,DAL," 9,631,250.00 "," 10,259,375.00 ",,,,,Cap Space," 9,631,250.00 "
137,Matthew Dellavedova,CLE," 9,607,500.00 "," 9,607,500.00 ",,,,,Cap Space," 19,215,000.00 "
138,Dante Exum,UTA," 9,600,000.00 "," 9,600,000.00 "," 9,600,000.00 ",,,,Cap Space," 27,300,000.00 "
139,Jared Dudley,BRK," 9,530,000.00 ",,,,,,Cap Space," 9,530,000.00 "
140,Norman Powell,TOR," 9,367,200.00 "," 10,116,576.00 "," 10,865,952.00 "," 11,615,328.00 ",,,Cap Space," 30,349,728.00 "
,,, Salary ,,,,,,,
Rk,Player,Tm, 2018-19 , 2019-20 , 2020-21 , 2021-22 , 2022-23 , 2023-24 ,Signed Using, Guaranteed 
141,Josh Richardson,MIA," 9,367,200.00 "," 10,100,000.00 "," 10,800,000.00 "," 11,600,000.00 ",,,Minimum Salary," 30,267,200.00 "
142,Bogdan Bogdanovic,SAC," 9,000,000.00 "," 8,529,386.00 ",,,,,Cap space," 17,529,386.00 "
143,Rajon Rondo,LAL," 9,000,000.00 ",,,,,,," 9,000,000.00 "
144,E'Twaun Moore,NOP," 8,808,685.00 "," 8,664,928.00 ",,,,,Cap Space," 17,473,613.00 "
145,Kosta Koufos,SAC," 8,739,500.00 ",,,,,,Cap Space," 8,739,500.00 "
146,Jerami Grant,OKC," 8,653,847.00 "," 9,346,153.00 "," 9,346,153.00 ",,,,," 18,000,000.00 "
147,Fred VanVleet,TOR," 8,653,847.00 "," 9,000,000.00 ",,,,,Bird Rights," 17,653,847.00 "
148,Kyle Anderson,MEM," 8,641,000.00 "," 9,073,050.00 "," 9,505,100.00 "," 9,937,150.00 ",,,MLE," 37,156,300.00 "
149,Julius Randle,NOP," 8,641,000.00 "," 9,073,050.00 ",,,,,MLE," 8,641,000.00 "
150,Markieff Morris,NOP," 8,600,000.00 ",,,,,,," 8,600,000.00 "
151,Jerryd Bayless,MIN," 8,575,916.00 ",,,,,,Cap Space," 8,575,916.00 "
152,Cristiano Felicio,CHI," 8,470,980.00 "," 8,156,500.00 "," 7,529,020.00 ",,,,Cap space," 24,156,500.00 "
153,Markelle Fultz,ORL," 8,339,880.00 "," 9,745,200.00 "," 12,288,697.00 ",,,,1st Round Pick," 18,085,080.00 "
154,Joe Harris,BRK," 8,333,333.00 "," 7,670,000.00 ",,,,,Early Bird Rights," 16,003,333.00 "
155,C.J. Miles,MEM," 8,333,333.00 "," 8,730,158.00 ",,,,,MLE," 8,333,333.00 "
156,Shaun Livingston,GSW," 8,307,692.00 "," 7,692,308.00 ",,,,,Bird Rights," 10,307,692.00 "
157,Deandre Ayton,PHO," 8,165,160.00 "," 9,562,920.00 "," 10,018,200.00 "," 12,632,950.00 ",,,1st Round Pick," 17,728,080.00 "
158,Lou Williams,LAC," 8,000,000.00 "," 8,000,000.00 "," 1,500,000.00 ",,,,Cap Space," 16,000,000.00 "
159,Garrett Temple,LAC," 8,000,000.00 ",,,,,,Cap Space," 8,000,000.00 "
160,P.J. Tucker,HOU," 7,969,537.00 "," 8,349,039.00 "," 7,969,537.00 ",,,,MLE," 18,887,764.00 "
,,, Salary ,,,,,,,
Rk,Player,Tm, 2018-19 , 2019-20 , 2020-21 , 2021-22 , 2022-23 , 2023-24 ,Signed Using, Guaranteed 
161,Cory Joseph,IND," 7,945,000.00 ",,,,,,Cap Space," 7,945,000.00 "
162,JaMychal Green,LAC," 7,866,667.00 ",,,,,,Bird Rights," 7,866,667.00 "
163,Karl-Anthony Towns,MIN," 7,839,435.00 "," 27,250,000.00 "," 29,430,000.00 "," 31,610,000.00 "," 33,790,000.00 ",,1st round pick," 163,709,435.00 "
164,Kyle Korver,UTA," 7,560,000.00 "," 7,500,000.00 ",,,,,Bird Rights," 11,000,000.00 "
165,Jeremy Lamb,CHO," 7,488,372.00 ",,,,,,Rookie scale extension," 7,488,372.00 "
166,Darrell Arthur,PHO," 7,464,912.00 ",,,,,,," 7,464,912.00 "
167,Lonzo Ball,LAL," 7,461,960.00 "," 8,719,320.00 "," 11,003,782.00 ",,,,1st Round Pick," 16,181,280.00 "
168,Doug McDermott,IND," 7,333,334.00 "," 7,333,334.00 "," 7,333,333.00 ",,,,," 22,000,001.00 "
169,Jae Crowder,UTA," 7,305,825.00 "," 7,815,533.00 ",,,,,Bird Rights," 15,121,358.00 "
170,Marvin Bagley,SAC," 7,305,600.00 "," 8,556,120.00 "," 8,963,640.00 "," 11,312,114.00 ",,,1st Round Pick," 15,861,720.00 "
171,D.J. Augustin,ORL," 7,250,000.00 "," 7,250,000.00 ",,,,,Cap Space," 14,500,000.00 "
172,Dewayne Dedmon,ATL," 7,200,000.00 ",,,,,,Cap space," 7,200,000.00 "
173,Lance Thomas,NYK," 7,119,650.00 "," 7,583,975.00 ",,,,,Cap Space," 8,119,650.00 "
174,D'Angelo Russell,BRK," 7,019,698.00 ",,,,,,1st round pick," 7,019,698.00 "
175,Langston Galloway,DET," 7,000,000.00 "," 7,333,333.00 ",,,,,MLE," 14,333,333.00 "
176,Davis Bertans,SAS," 7,000,000.00 "," 7,000,000.00 ",,,,,Early Bird Rights," 14,000,000.00 "
177,Ersan Ilyasova,MIL," 7,000,000.00 "," 7,000,000.00 "," 7,000,000.00 ",,,,MLE," 14,000,000.00 "
178,Boban Marjanovic,PHI," 7,000,000.00 ",,,,,,Cap Space," 7,000,000.00 "
179,Al-Farouq Aminu,POR," 6,957,105.00 ",,,,,,Cap Space," 6,957,105.00 "
180,Jayson Tatum,BOS," 6,700,800.00 "," 7,830,000.00 "," 9,897,120.00 ",,,,1st Round Pick," 14,530,800.00 "
,,, Salary ,,,,,,,
Rk,Player,Tm, 2018-19 , 2019-20 , 2020-21 , 2021-22 , 2022-23 , 2023-24 ,Signed Using, Guaranteed 
181,Luka Doncic,DAL," 6,560,640.00 "," 7,683,360.00 "," 8,049,360.00 "," 10,174,391.00 ",,,1st Round Pick," 14,244,000.00 "
182,Nemanja Bjelica,SAC," 6,500,000.00 "," 6,825,000.00 "," 7,150,000.00 ",,,,," 13,325,000.00 "
183,Mario Hezonja,NYK," 6,500,000.00 ",,,,,,MLE," 6,500,000.00 "
184,Ben Simmons,PHI," 6,434,520.00 "," 8,113,930.00 ",,,,,1st Round pick," 14,548,450.00 "
185,Milos Teodosic,LAC," 6,300,000.00 ",,,,,,," 6,300,000.00 "
186,Wayne Ellington,PHO," 6,270,000.00 ",,,,,,," 6,270,000.00 "
187,Marco Belinelli,SAS," 6,153,846.00 "," 5,846,154.00 ",,,,,MLE," 12,000,000.00 "
188,Wesley Johnson,WAS," 6,134,520.00 ",,,,,,Cap Space," 6,134,520.00 "
189,Josh Jackson,PHO," 6,041,520.00 "," 7,059,480.00 "," 8,930,242.00 ",,,,1st Round Pick," 13,101,000.00 "
190,Montrezl Harrell,LAC," 6,000,000.00 "," 6,000,000.00 ",,,,,," 12,000,000.00 "
191,Jonathon Simmons,PHI," 6,000,000.00 "," 5,700,000.00 ",,,,,Cap space," 7,000,000.00 "
192,Ish Smith,DET," 6,000,000.00 ",,,,,,Cap Space," 6,000,000.00 "
193,Jaren Jackson,MEM," 5,915,040.00 "," 6,927,480.00 "," 7,257,360.00 "," 9,180,560.00 ",,,1st Round Pick," 12,842,520.00 "
194,Brandon Ingram,LAL," 5,757,120.00 "," 7,265,485.00 ",,,,,1st Round pick," 13,022,605.00 "
195,Anthony Tolliver,MIN," 5,750,000.00 ",,,,,,MLE," 5,750,000.00 "
196,Kristaps Porzingis,DAL," 5,697,054.00 ",,,,,,1st round pick," 5,697,054.00 "
197,Deron Williams,BRK," 5,474,787.00 "," 5,474,787.00 ",,,,,," 10,949,574.00 "
198,De'Aaron Fox,SAC," 5,470,920.00 "," 6,392,760.00 "," 8,099,627.00 ",,,,1st Round Pick," 11,863,680.00 "
199,Ben McLemore,SAC," 5,460,000.00 ",,,,,,," 5,460,000.00 "
200,Alex Abrines,OKC," 5,455,236.00 ",,,,,,," 5,455,236.00 "
,,, Salary ,,,,,,,
Rk,Player,Tm, 2018-19 , 2019-20 , 2020-21 , 2021-22 , 2022-23 , 2023-24 ,Signed Using, Guaranteed 
201,Patrick Patterson,OKC," 5,451,600.00 "," 5,711,200.00 ",,,,,MLE," 5,451,600.00 "
202,Jason Smith,NOP," 5,450,000.00 ",,,,,,," 5,450,000.00 "
203,Marcus Morris,BOS," 5,375,000.00 ",,,,,,Bird Rights," 5,375,000.00 "
204,Trae Young,ATL," 5,356,440.00 "," 6,273,000.00 "," 6,571,800.00 "," 8,326,471.00 ",,,1st Round Pick," 11,629,440.00 "
205,Dwight Howard,WAS," 5,337,000.00 "," 5,603,850.00 ",,,,,MLE," 5,337,000.00 "
206,DeMarcus Cousins,GSW," 5,337,000.00 ",,,,,,MLE," 5,337,000.00 "
207,Josh Smith,DET," 5,331,729.00 "," 5,331,729.00 ",,,,,," 10,663,458.00 "
208,Alexis Ajinca,LAC," 5,285,394.00 ",,,,,,," 5,285,394.00 "
209,Thabo Sefolosha,UTA," 5,250,000.00 ",,,,,,Cap space," 5,250,000.00 "
210,Aron Baynes,BOS," 5,193,600.00 "," 5,453,280.00 ",,,,,," 5,193,600.00 "
211,Jaylen Brown,BOS," 5,169,960.00 "," 6,534,829.00 ",,,,,1st Rd pick," 11,704,789.00 "
212,Patrick Beverley,LAC," 5,027,028.00 ",,,,,,Bird Rights," 5,027,028.00 "
213,Tony Parker,CHO," 5,000,000.00 "," 5,000,000.00 ",,,,,MLE," 10,000,000.00 "
214,Mike Muscala,LAL," 5,000,000.00 ",,,,,,Cap space," 5,000,000.00 "
215,Dirk Nowitzki,DAL," 5,000,000.00 ",,,,,,Cap Space," 5,000,000.00 "
216,Jonathan Isaac,ORL," 4,969,080.00 "," 5,806,440.00 "," 7,362,566.00 ",,,,1st Round Pick," 10,775,520.00 "
217,Mohamed Bamba,ORL," 4,865,040.00 "," 5,697,600.00 "," 5,969,040.00 "," 7,568,742.00 ",,,1st Round Pick," 24,100,422.00 "
218,Willie Cauley-Stein,SAC," 4,696,875.00 ",,,,,,1st round pick," 4,696,875.00 "
219,Dragan Bender,PHO," 4,661,280.00 ",,,,,,1st Round pick," 4,661,280.00 "
220,Ron Baker,NYK," 4,544,400.00 ",,,,,,," 4,544,400.00 "
,,, Salary ,,,,,,,
Rk,Player,Tm, 2018-19 , 2019-20 , 2020-21 , 2021-22 , 2022-23 , 2023-24 ,Signed Using, Guaranteed 
221,Lauri Markkanen,CHI," 4,536,120.00 "," 5,300,400.00 "," 6,731,508.00 ",,,,1st Round Pick," 9,836,520.00 "
222,Lance Stephenson,LAL," 4,449,000.00 ",,,,,,," 4,449,000.00 "
223,Kyle O'Quinn,IND," 4,449,000.00 ",,,,,,Room Exception," 4,449,000.00 "
224,Ed Davis,BRK," 4,449,000.00 ",,,,,,Room Exception," 4,449,000.00 "
225,Wendell Carter,CHI," 4,441,200.00 "," 5,201,400.00 "," 5,448,840.00 "," 6,920,027.00 ",,,1st Round Pick," 9,642,600.00 "
226,Justin Holiday,MEM," 4,384,616.00 ",,,,,,MLE," 4,384,616.00 "
227,Alex Len,ATL," 4,350,000.00 "," 4,160,000.00 ",,,,,Room Exception," 8,510,000.00 "
228,Mike Scott,PHI," 4,320,500.00 ",,,,,,MLE," 4,320,500.00 "
229,Luc Mbah a Moute,LAC," 4,320,500.00 ",,,,,,MLE," 4,320,500.00 "
230,Emmanuel Mudiay,NYK," 4,294,480.00 ",,,,,,1st round pick," 4,294,480.00 "
231,Kris Dunn,CHI," 4,221,000.00 "," 5,348,007.00 ",,,,,1st Round pick," 9,569,007.00 "
232,Frank Ntilikina,NYK," 4,155,720.00 "," 4,855,800.00 "," 6,176,578.00 ",,,,1st Round Pick," 9,011,520.00 "
233,Glenn Robinson,DET," 4,075,000.00 "," 4,150,000.00 ",,,,,MLE," 4,075,000.00 "
234,Collin Sexton,CLE," 4,068,600.00 "," 4,764,960.00 "," 4,991,880.00 "," 6,349,671.00 ",,,1st Round Pick," 8,833,560.00 "
235,Al Jefferson,IND," 4,000,000.00 ",,,,,,," 4,000,000.00 "
236,Stanley Johnson,NOP," 3,940,402.00 ",,,,,,1st round pick," 3,940,402.00 "
237,Buddy Hield,SAC," 3,833,760.00 "," 4,861,208.00 ",,,,,1st Round pick," 8,694,968.00 "
238,Dennis Smith,NYK," 3,819,960.00 "," 4,463,640.00 "," 5,686,677.00 ",,,,1st Round Pick," 8,283,600.00 "
239,Kevin Knox,NYK," 3,739,920.00 "," 4,380,120.00 "," 4,588,680.00 "," 5,845,978.00 ",,,1st Round Pick," 8,120,040.00 "
240,J.J. Barea,DAL," 3,710,850.00 ",,,,,,Cap Space," 3,710,850.00 "
,,, Salary ,,,,,,,
Rk,Player,Tm, 2018-19 , 2019-20 , 2020-21 , 2021-22 , 2022-23 , 2023-24 ,Signed Using, Guaranteed 
241,Nene Hilario,HOU," 3,651,480.00 "," 3,825,360.00 ",,,,,Non-Bird Rights," 7,476,840.00 "
242,Zach Collins,POR," 3,628,920.00 "," 4,240,200.00 "," 5,406,255.00 ",,,,1st Round Pick," 7,869,120.00 "
243,Frank Kaminsky,CHO," 3,627,842.00 ",,,,,,1st round pick," 3,627,842.00 "
244,Mikal Bridges,PHO," 3,552,960.00 "," 4,161,000.00 "," 4,359,000.00 "," 5,557,725.00 ",,,1st Round Pick," 7,713,960.00 "
245,Mirza Teletovic,MIL," 3,500,000.00 "," 3,500,000.00 "," 3,500,000.00 ",,,,," 10,500,000.00 "
246,Michael Beasley,LAC," 3,500,000.00 ",,,,,,," 3,500,000.00 "
247,Jamal Murray,DEN," 3,499,800.00 "," 4,444,746.00 ",,,,,1st Round pick," 7,944,546.00 "
248,Rodney Hood,POR," 3,472,887.00 ",,,,,,," 3,472,887.00 "
249,Jodie Meeks,MIL," 3,454,500.00 ",,,,,,," 3,454,500.00 "
250,Justise Winslow,MIA," 3,448,926.00 "," 13,000,000.00 "," 13,000,000.00 "," 13,000,000.00 ",,,1st round pick," 29,448,926.00 "
251,Malik Monk,CHO," 3,447,480.00 "," 4,028,400.00 "," 5,345,687.00 ",,,,1st Round Pick," 7,475,880.00 "
252,Myles Turner,IND," 3,410,284.00 "," 18,000,000.00 "," 18,000,000.00 "," 18,000,000.00 "," 18,000,000.00 ",,1st round pick," 75,410,284.00 "
253,Allonzo Trier,NYK," 3,382,000.00 "," 3,551,100.00 ",,,,,Bi-Annual Exception," 3,382,000.00 "
254,Brook Lopez,MIL," 3,382,000.00 ",,,,,,Bi-annual Exception," 3,382,000.00 "
255,Shai Gilgeous-Alexander,LAC," 3,375,360.00 "," 3,952,920.00 "," 4,141,320.00 "," 5,495,532.00 ",,,1st Round Pick," 7,328,280.00 "
256,Trey Lyles,DEN," 3,364,249.00 ",,,,,,1st round pick," 3,364,249.00 "
257,Ekpe Udoh,UTA," 3,360,000.00 ",,,,,,Room Exception," 3,360,000.00 "
258,Devin Booker,PHO," 3,314,365.00 "," 27,250,000.00 "," 29,430,000.00 "," 31,610,000.00 "," 33,790,000.00 ",,1st round pick," 161,364,365.00 "
259,Luke Kennard,DET," 3,275,280.00 "," 3,827,160.00 "," 5,273,826.00 ",,,,1st Round Pick," 7,102,440.00 "
260,Cameron Payne,CHI," 3,263,295.00 ",,,,,,," 3,263,295.00 "
,,, Salary ,,,,,,,
Rk,Player,Tm, 2018-19 , 2019-20 , 2020-21 , 2021-22 , 2022-23 , 2023-24 ,Signed Using, Guaranteed 
261,Troy Daniels,PHO," 3,258,539.00 ",,,,,,Cap Space," 3,258,539.00 "
262,Kelly Oubre,PHO," 3,208,630.00 ",,,,,,1st round pick," 3,208,630.00 "
263,Miles Bridges,CHO," 3,206,640.00 "," 3,755,400.00 "," 3,934,320.00 "," 5,421,493.00 ",,,1st Round Pick," 6,962,040.00 "
264,Marquese Chriss,CLE," 3,206,160.00 ",,,,,,1st Rd pick," 3,206,160.00 "
265,Tomas Satoransky,WAS," 3,129,187.00 ",,,,,,Cap Space," 3,129,187.00 "
266,Bryn Forbes,SAS," 3,125,000.00 "," 2,875,000.00 ",,,,,Early Bird Rights," 6,000,000.00 "
267,Donovan Mitchell,UTA," 3,111,480.00 "," 3,635,760.00 "," 5,195,501.00 ",,,,1st Round Pick," 6,747,240.00 "
268,Terry Rozier,BOS," 3,050,390.00 ",,,,,,1st round pick," 3,050,390.00 "
269,Jerome Robinson,LAC," 3,046,200.00 "," 3,567,720.00 "," 3,737,520.00 "," 5,340,916.00 ",,,1st Round Pick," 6,613,920.00 "
270,Yogi Ferrell,SAC," 3,000,000.00 "," 3,150,000.00 ",,,,,Cap Space," 3,000,000.00 "
271,Elfrid Payton,NOP," 3,000,000.00 ",,,,,,Bi-annual Exception," 3,000,000.00 "
272,Bam Adebayo,MIA," 2,955,840.00 "," 3,454,080.00 "," 5,115,492.00 ",,,,1st Round Pick," 6,409,920.00 "
273,Jakob Poeltl,SAS," 2,947,320.00 "," 3,754,886.00 ",,,,,1st Round pick," 6,702,206.00 "
274,Michael Porter,DEN," 2,894,160.00 "," 3,389,400.00 "," 3,550,800.00 "," 5,258,735.00 ",,,1st Round Pick," 6,283,560.00 "
275,Andrew Nicholson,POR," 2,844,429.00 "," 2,844,429.00 "," 2,844,429.00 "," 2,844,429.00 "," 2,844,429.00 ",,," 17,066,574.00 "
276,Justin Jackson,DAL," 2,807,880.00 "," 3,280,920.00 "," 5,029,650.00 ",,,,1st Round Pick," 6,088,800.00 "
277,Thon Maker,DET," 2,799,720.00 "," 3,569,643.00 ",,,,,1st Round pick," 6,369,363.00 "
278,Seth Curry,POR," 2,795,000.00 ",,,,,,MLE," 2,795,000.00 "
279,Cedi Osman,CLE," 2,775,000.00 "," 2,907,143.00 ",,,,,MLE," 5,682,143.00 "
280,Sam Dekker,WAS," 2,760,095.00 ",,,,,,1st Round pick," 2,760,095.00 "
,,, Salary ,,,,,,,
Rk,Player,Tm, 2018-19 , 2019-20 , 2020-21 , 2021-22 , 2022-23 , 2023-24 ,Signed Using, Guaranteed 
281,Troy Brown,WAS," 2,749,080.00 "," 3,219,480.00 "," 3,372,840.00 "," 5,170,564.00 ",,,1st Round Pick," 5,968,560.00 "
282,Guerschon Yabusele,BOS," 2,667,600.00 "," 3,117,240.00 "," 4,781,846.00 ",,,,1st Round Pick," 5,784,840.00 "
283,Justin Patton,PHI," 2,667,600.00 ",,,,,,1st Round Pick," 2,667,600.00 "
284,Domantas Sabonis,IND," 2,659,800.00 "," 3,529,555.00 ",,,,,1st Round pick," 6,189,355.00 "
285,Jerian Grant,ORL," 2,639,314.00 ",,,,,,1st Round pick," 2,639,314.00 "
286,Zhaire Smith,PHI," 2,611,800.00 "," 3,058,800.00 "," 3,204,600.00 "," 4,915,856.00 ",,,1st Round Pick," 5,670,600.00 "
287,Delon Wright,MEM," 2,536,898.00 ",,,,,,1st Round pick," 2,536,898.00 "
288,D.J. Wilson,MIL," 2,534,280.00 "," 2,961,120.00 "," 4,548,280.00 ",,,,1st Round Pick," 5,495,400.00 "
289,Dario Saric,MIN," 2,526,840.00 "," 3,481,986.00 ",,,,,1st Round pick," 6,008,826.00 "
290,Taurean Waller-Prince,ATL," 2,526,840.00 "," 3,481,986.00 ",,,,,1st Round pick," 6,008,826.00 "
291,Justin Anderson,ATL," 2,516,048.00 ",,,,,,1st Round pick," 2,516,048.00 "
292,Manu Ginobili,SAS," 2,500,000.00 ",,,,,,," 2,500,000.00 "
293,Dante Cunningham,SAS," 2,500,000.00 ",,,,,,Bi-annual Exception," 2,500,000.00 "
294,Reggie Bullock,LAL," 2,500,000.00 ",,,,,,Cap space," 2,500,000.00 "
295,Bobby Portis,WAS," 2,494,346.00 ",,,,,,1st Round pick," 2,494,346.00 "
296,Donte DiVincenzo,MIL," 2,481,000.00 "," 2,905,800.00 "," 3,044,160.00 "," 4,675,830.00 ",,,1st Round Pick," 5,386,800.00 "
297,Rondae Hollis-Jefferson,BRK," 2,470,357.00 ",,,,,,1st Round pick," 2,470,357.00 "
298,Tyus Jones,MIN," 2,444,053.00 ",,,,,,1st Round pick," 2,444,053.00 "
299,Jarell Martin,ORL," 2,416,222.00 ",,,,,,1st Round pick," 2,416,222.00 "
300,T.J. Leaf,IND," 2,407,560.00 "," 2,813,280.00 "," 4,326,825.00 ",,,,1st Round Pick," 5,220,840.00 "
,,, Salary ,,,,,,,
Rk,Player,Tm, 2018-19 , 2019-20 , 2020-21 , 2021-22 , 2022-23 , 2023-24 ,Signed Using, Guaranteed 
301,Jeff Green,WAS," 2,393,887.00 ",,,,,,Minimum Salary," 2,393,887.00 "
302,Amir Johnson,PHI," 2,393,887.00 ",,,,,,Minimum Salary," 2,393,887.00 "
303,Raymond Felton,OKC," 2,393,887.00 ",,,,,,Minimum Salary," 2,393,887.00 "
304,Luol Deng,MIN," 2,393,887.00 ",,,,,,," 2,393,887.00 "
305,Udonis Haslem,MIA," 2,393,887.00 ",,,,,,Minimum Salary," 2,393,887.00 "
306,Dwyane Wade,MIA," 2,393,887.00 ",,,,,,Minimum Salary," 2,393,887.00 "
307,JaVale McGee,LAL," 2,393,887.00 ",,,,,,Minimum Salary," 2,393,887.00 "
308,Gerald Green,HOU," 2,393,887.00 ",,,,,,Minimum Salary," 2,393,887.00 "
309,Andrew Bogut,GSW," 2,393,887.00 ",,,,,,Minimum Salary," 2,393,887.00 "
310,Jose Calderon,DET," 2,393,887.00 ",,,,,,Minimum Salary," 2,393,887.00 "
311,Zaza Pachulia,DET," 2,393,887.00 ",,,,,,Minimum Salary," 2,393,887.00 "
312,Devin Harris,DAL," 2,393,887.00 ",,,,,,Minimum Salary," 2,393,887.00 "
313,Channing Frye,CLE," 2,393,887.00 ",,,,,,Minimum Salary," 2,393,887.00 "
314,Carmelo Anthony,CHI," 2,393,887.00 ",,,,,,," 2,393,887.00 "
315,Vince Carter,ATL," 2,393,887.00 ",,,,,,Minimum Salary," 2,393,887.00 "
316,Jamal Crawford,PHO," 2,393,887.00 ",,,,,,,
317,Tyson Chandler,LAL," 2,393,887.00 ",,,,,,,
318,Wayne Ellington,DET," 2,383,076.00 ",,,,,,," 2,383,076.00 "
319,Lonnie Walker,SAS," 2,357,160.00 "," 2,760,480.00 "," 2,892,000.00 "," 4,447,896.00 ",,,1st Round Pick," 5,117,640.00 "
320,Jamal Crawford,ATL," 2,304,226.00 ",,,,,,," 2,304,226.00 "
,,, Salary ,,,,,,,
Rk,Player,Tm, 2018-19 , 2019-20 , 2020-21 , 2021-22 , 2022-23 , 2023-24 ,Signed Using, Guaranteed 
321,John Collins,ATL," 2,299,080.00 "," 2,686,560.00 "," 4,137,302.00 ",,,,1st Round Pick," 4,985,640.00 "
322,Denzel Valentine,CHI," 2,280,600.00 "," 3,377,569.00 ",,,,,1st Round pick," 5,658,169.00 "
323,Larry Nance,CLE," 2,272,391.00 "," 12,727,273.00 "," 11,709,091.00 "," 10,690,909.00 "," 9,672,727.00 ",,1st Round pick," 47,072,391.00 "
324,Kevin Huerter,ATL," 2,250,960.00 "," 2,636,280.00 "," 2,761,920.00 "," 4,253,357.00 ",,,1st Round Pick," 4,887,240.00 "
325,Monta Ellis,IND," 2,245,400.00 "," 2,245,400.00 "," 2,245,400.00 "," 2,245,400.00 ",,,," 8,981,600.00 "
326,Harry Giles,SAC," 2,207,040.00 "," 2,578,800.00 "," 3,976,510.00 ",,,,1st Round Pick," 4,785,840.00 "
327,Darius Miller,NOP," 2,205,000.00 ",,,,,,MLE," 2,205,000.00 "
328,Derrick Rose,MIN," 2,176,260.00 ",,,,,,Minimum Salary," 2,176,260.00 "
329,Omri Casspi,MEM," 2,176,260.00 ",,,,,,," 2,176,260.00 "
330,Juan Hernangomez,DEN," 2,166,360.00 "," 3,321,030.00 ",,,,,1st Round pick," 5,487,390.00 "
331,Quincy Pondexter,SAS," 2,165,481.00 ",,,,,,," 2,165,481.00 "
332,Jonas Jerebko,GSW," 2,165,481.00 ",,,,,,Minimum Salary," 2,165,481.00 "
333,Greg Monroe,BRK," 2,165,481.00 ",,,,,,," 2,165,481.00 "
334,Josh Okogie,MIN," 2,160,720.00 "," 2,530,680.00 "," 2,651,040.00 "," 4,087,904.00 ",,,1st Round Pick," 4,691,400.00 "
335,Raul Neto,UTA," 2,150,000.00 "," 2,150,000.00 ",,,,,," 2,150,000.00 "
336,Matt Barnes,SAC," 2,133,542.00 "," 2,133,541.00 ",,,,,," 4,267,083.00 "
337,Terrance Ferguson,OKC," 2,118,840.00 "," 2,475,840.00 "," 3,944,013.00 ",,,,1st Round Pick," 4,594,680.00 "
338,Grayson Allen,UTA," 2,074,320.00 "," 2,429,400.00 "," 2,545,320.00 "," 4,054,695.00 ",,,1st Round Pick," 4,503,720.00 "
339,Jarrett Allen,BRK," 2,034,120.00 "," 2,376,840.00 "," 3,909,902.00 ",,,,1st Round Pick," 4,410,960.00 "
340,Isaiah Thomas,DEN," 2,029,463.00 ",,,,,,Minimum Salary," 2,029,463.00 "
,,, Salary ,,,,,,,
Rk,Player,Tm, 2018-19 , 2019-20 , 2020-21 , 2021-22 , 2022-23 , 2023-24 ,Signed Using, Guaranteed 
341,Shelvin Mack,CHO," 2,029,463.00 ",,,,,,Minimum Salary," 2,029,463.00 "
342,Spencer Hawes,MIL," 2,007,058.00 "," 2,007,058.00 ",,,,,," 4,014,116.00 "
343,Georgios Papagiannis,SAC," 2,000,400.00 ",,,,,,," 2,000,400.00 "
344,Torrey Craig,DEN," 2,000,000.00 "," 2,100,000.00 ",,,,,MLE," 4,100,000.00 "
345,Corey Brewer,SAC," 2,000,000.00 ",,,,,,," 2,270,496.00 "
346,Chandler Hutchison,CHI," 1,991,520.00 "," 2,332,320.00 "," 2,443,440.00 "," 4,019,459.00 ",,,1st Round Pick," 4,323,840.00 "
347,OG Anunoby,TOR," 1,952,760.00 "," 2,281,800.00 "," 3,872,215.00 ",,,,1st Round Pick," 4,234,560.00 "
348,Ante Zizic,CLE," 1,952,760.00 "," 2,281,800.00 "," 3,872,215.00 ",,,,1st Round Pick," 4,234,560.00 "
349,Shabazz Napier,BRK," 1,942,422.00 "," 1,845,301.00 ",,,,,Cap Space," 1,942,422.00 "
350,Anderson Varejao,POR," 1,913,345.00 "," 1,913,345.00 "," 1,913,345.00 ",,,,," 5,740,035.00 "
351,Aaron Holiday,IND," 1,911,960.00 "," 2,239,200.00 "," 2,345,640.00 "," 3,980,551.00 ",,,1st Round Pick," 4,151,160.00 "
352,Tim Duncan,SAS," 1,881,250.00 ",,,,,,," 1,881,250.00 "
353,Tyler Lydon,DEN," 1,874,640.00 ",,,,,,1st Round Pick," 1,874,640.00 "
354,Larry Sanders,MIL," 1,865,547.00 "," 1,865,547.00 "," 1,865,547.00 "," 1,865,547.00 ",,,," 7,462,188.00 "
355,Henry Ellenson,DET," 1,857,480.00 ",,,,,,," 1,857,480.00 "
356,Anfernee Simons,POR," 1,835,520.00 "," 2,149,560.00 "," 2,252,040.00 "," 3,938,818.00 ",,,1st Round Pick," 3,985,080.00 "
357,Trey Burke,DAL," 1,795,015.00 ",,,,,,Minimum Salary," 1,795,015.00 "
358,Malik Beasley,DEN," 1,773,840.00 "," 2,731,714.00 ",,,,,1st Round pick," 4,505,554.00 "
359,Moritz Wagner,LAL," 1,762,080.00 "," 2,063,520.00 "," 3,893,618.00 "," 2,161,920.00 ",,,1st Round Pick," 3,825,600.00 "
360,Nerlens Noel,OKC," 1,757,429.00 "," 1,988,119.00 ",,,,,Minimum Salary," 1,757,429.00 "
,,, Salary ,,,,,,,
Rk,Player,Tm, 2018-19 , 2019-20 , 2020-21 , 2021-22 , 2022-23 , 2023-24 ,Signed Using, Guaranteed 
361,Ian Clark,NOP," 1,757,429.00 ",,,,,,Minimum Salary," 1,757,429.00 "
362,Caleb Swanigan,SAC," 1,740,000.00 "," 2,033,160.00 "," 3,665,787.00 ",,,,1st Round Pick," 3,773,160.00 "
363,Furkan Korkmaz,PHI," 1,740,000.00 ",,,,,,1st Round Pick," 1,740,000.00 "
364,Joakim Noah,MEM," 1,731,173.00 ",,,,,,,
365,Landry Shamet,LAC," 1,703,640.00 "," 1,995,120.00 "," 2,090,040.00 "," 3,768,342.00 ",,,1st Round Pick," 3,698,760.00 "
366,Caris LeVert,BRK," 1,702,800.00 "," 2,625,718.00 ",,,,,1st Round pick," 4,328,518.00 "
367,Jonah Bolden,PHI," 1,690,000.00 "," 1,698,450.00 "," 1,766,550.00 "," 1,845,000.00 ",,,," 3,388,450.00 "
368,Kyle Kuzma,LAL," 1,689,840.00 "," 1,974,600.00 "," 3,562,178.00 ",,,,1st Round Pick," 3,664,440.00 "
369,Tony Bradley,UTA," 1,679,520.00 "," 1,962,360.00 "," 3,542,060.00 ",,,,1st Round Pick," 3,641,880.00 "
370,Derrick White,SAS," 1,667,160.00 "," 1,948,080.00 "," 3,516,284.00 ",,,,1st Round Pick," 3,615,240.00 "
371,Spencer Dinwiddie,BRK," 1,656,092.00 "," 10,600,000.00 "," 11,400,000.00 "," 12,300,000.00 ",,,Minimum Salary," 23,656,092.00 "
372,MarShon Brooks,CHI," 1,656,092.00 ",,,,,,," 1,656,092.00 "
373,Josh Hart,LAL," 1,655,160.00 "," 1,934,160.00 "," 3,491,159.00 ",,,,1st Round Pick," 3,589,320.00 "
374,Robert Williams,BOS," 1,654,440.00 "," 1,937,520.00 "," 2,029,920.00 "," 3,661,976.00 ",,,1st Round Pick," 3,591,960.00 "
375,Jacob Evans,GSW," 1,644,240.00 "," 1,925,880.00 "," 2,017,320.00 "," 3,641,263.00 ",,,1st Round Pick," 3,570,120.00 "
376,Pat Connaughton,MIL," 1,641,000.00 "," 1,719,000.00 ",,,,,," 1,641,000.00 "
377,DeAndre' Bembry,ATL," 1,634,640.00 "," 2,603,982.00 ",,,,,1st Round pick," 4,238,622.00 "
378,Dzanan Musa,BRK," 1,632,240.00 "," 1,911,600.00 "," 2,002,800.00 "," 3,615,054.00 ",,,1st Round Pick," 3,543,840.00 "
379,James Ennis,PHI," 1,621,415.00 "," 1,845,301.00 ",,,,,," 1,621,415.00 "
380,Noah Vonleh,NYK," 1,621,415.00 ",,,,,,Minimum Salary," 1,621,415.00 "
,,, Salary ,,,,,,,
Rk,Player,Tm, 2018-19 , 2019-20 , 2020-21 , 2021-22 , 2022-23 , 2023-24 ,Signed Using, Guaranteed 
381,Tim Frazier,NOP," 1,621,415.00 ",,,,,,," 1,621,415.00 "
382,Nik Stauskas,IND," 1,621,415.00 ",,,,,,," 1,621,415.00 "
383,Omari Spellman,ATL," 1,620,480.00 "," 1,897,800.00 "," 1,988,280.00 "," 3,588,845.00 ",,,1st Round Pick," 3,518,280.00 "
384,Luke Kornet,NYK," 1,619,000.00 ",,,,,,," 1,619,000.00 "
385,Rodions Kurucs,BRK," 1,618,320.00 "," 1,699,236.00 "," 1,780,152.00 "," 1,861,068.00 ",,,," 5,097,708.00 "
386,Richaun Holmes,PHO," 1,600,520.00 ",,,,,,Cap Space," 1,600,520.00 "
387,T.J. McConnell,PHI," 1,600,520.00 ",,,,,,Minimum Salary," 1,600,520.00 "
388,Malachi Richardson,PHI," 1,569,360.00 ",,,,,,," 1,569,360.00 "
389,Jahlil Okafor,NOP," 1,567,007.00 "," 1,702,486.00 ",,,,,Minimum Salary," 1,567,007.00 "
390,Kevon Looney,GSW," 1,567,007.00 ",,,,,,," 1,567,007.00 "
391,Salah Mejri,DAL," 1,567,007.00 ",,,,,,," 1,567,007.00 "
392,Pascal Siakam,TOR," 1,544,951.00 "," 2,351,839.00 ",,,,,1st Round pick," 3,896,790.00 "
393,Skal Labissiere,POR," 1,544,951.00 "," 2,338,847.00 ",,,,,1st Round pick," 3,883,798.00 "
394,Dejounte Murray,SAS," 1,544,951.00 "," 2,321,735.00 ",,,,,1st Round pick," 3,866,686.00 "
395,Damian Jones,GSW," 1,544,951.00 "," 2,305,057.00 ",,,,,1st Round pick," 3,850,008.00 "
396,Deyonta Davis,SAC," 1,544,951.00 ",,,,,,," 1,544,951.00 "
397,Jake Layman,POR," 1,544,951.00 ",,,,,,Cap Space," 1,544,951.00 "
398,Cheick Diallo,NOP," 1,544,951.00 ",,,,,,Minimum Salary," 1,544,951.00 "
399,Malcolm Brogdon,MIL," 1,544,951.00 ",,,,,,Cap Space," 1,544,951.00 "
400,Rodney McGruder,MIA," 1,544,951.00 ",,,,,,Minimum Salary," 1,544,951.00 "
,,, Salary ,,,,,,,
Rk,Player,Tm, 2018-19 , 2019-20 , 2020-21 , 2021-22 , 2022-23 , 2023-24 ,Signed Using, Guaranteed 
401,Ivica Zubac,LAC," 1,544,951.00 ",,,,,,Cap Space," 1,544,951.00 "
402,Wade Baldwin,IND," 1,544,951.00 ",,,,,,," 1,544,951.00 "
403,Quinn Cook,GSW," 1,544,951.00 ",,,,,,," 1,544,951.00 "
404,Chinanu Onuaku,DAL," 1,544,951.00 ",,,,,,," 1,544,951.00 "
405,Dorian Finney-Smith,DAL," 1,544,951.00 ",,,,,,Minimum Salary," 1,544,951.00 "
406,Willy Hernangomez,CHO," 1,544,951.00 "," 1,701,735.00 ",,,,,Cap Space," 1,544,951.00 "
407,Wayne Selden,CHI," 1,544,951.00 ",,,,,,," 1,544,951.00 "
408,Timothe Luwawu-Cabarrot,CHI," 1,544,951.00 ",,,,,,1st Round pick," 1,544,951.00 "
409,Georges Niang,UTA," 1,512,601.00 "," 1,645,357.00 "," 1,783,557.00 ",,,,," 1,512,601.00 "
410,Christian Wood,NOP," 1,512,601.00 "," 1,645,357.00 ",,,,,Minimum Salary," 1,512,601.00 "
411,Derrick Jones,MIA," 1,512,601.00 "," 1,645,357.00 ",,,,,Minimum Salary," 1,512,601.00 "
412,David Nwaba,CLE," 1,512,601.00 ",,,,,,Minimum Salary," 1,512,601.00 "
413,Treveon Graham,BRK," 1,512,601.00 "," 1,645,357.00 ",,,,,Minimum Salary," 1,512,601.00 "
414,Sviatoslav Mykhailiuk,DET," 1,487,694.00 "," 1,416,852.00 "," 1,663,861.00 ",,,,Cap Space," 1,487,694.00 "
415,Mitchell Robinson,NYK," 1,485,440.00 "," 1,559,712.00 "," 1,663,861.00 "," 1,802,057.00 ",,,MLE," 3,045,152.00 "
416,Jordan Bell,GSW," 1,378,252.00 ",,,,,,Minimum Salary," 1,378,252.00 "
417,Frank Jackson,NOP," 1,378,242.00 "," 1,618,520.00 ",,,,,MLE," 1,884,242.00 "
418,Thomas Bryant,WAS," 1,378,242.00 ",,,,,,Minimum Salary," 1,378,242.00 "
419,Royce O'Neale,UTA," 1,378,242.00 "," 1,618,520.00 ",,,,,Cap space," 1,378,242.00 "
420,Frank Mason,SAC," 1,378,242.00 "," 1,618,520.00 ",,,,,," 1,378,242.00 "
,,, Salary ,,,,,,,
Rk,Player,Tm, 2018-19 , 2019-20 , 2020-21 , 2021-22 , 2022-23 , 2023-24 ,Signed Using, Guaranteed 
421,Davon Reed,PHO," 1,378,242.00 ",,,,,,," 1,378,242.00 "
422,Khem Birch,ORL," 1,378,242.00 ",,,,,,Minimum Salary," 1,378,242.00 "
423,Wesley Iwundu,ORL," 1,378,242.00 "," 1,618,520.00 ",,,,,," 1,378,242.00 "
424,Abdel Nader,OKC," 1,378,242.00 "," 1,618,520.00 "," 1,752,950.00 ",,,,," 1,378,242.00 "
425,Damyean Dotson,NYK," 1,378,242.00 "," 1,618,520.00 ",,,,,Minimum Salary," 1,378,242.00 "
426,Sterling Brown,MIL," 1,378,242.00 "," 1,618,520.00 ",,,,,MLE," 1,378,242.00 "
427,Rade Zagorac,MEM," 1,378,242.00 ",,,,,,," 1,378,242.00 "
428,Tyler Dorsey,MEM," 1,378,242.00 ",,,,,,Minimum Salary," 1,378,242.00 "
429,Ivan Rabb,MEM," 1,378,242.00 "," 1,618,520.00 ",,,,,MLE," 1,378,242.00 "
430,Dillon Brooks,MEM," 1,378,242.00 "," 1,618,520.00 ",,,,,MLE," 1,378,242.00 "
431,Jawun Evans,LAC," 1,378,242.00 ",,,,,,," 1,378,242.00 "
432,Sindarius Thornwell,LAC," 1,378,242.00 "," 1,618,520.00 ",,,,,MLE," 1,378,242.00 "
433,Ike Anigbogu,IND," 1,378,242.00 ",,,,,,," 1,378,242.00 "
434,Maxi Kleber,DAL," 1,378,242.00 ",,,,,,Minimum Salary," 1,378,242.00 "
435,Dwayne Bacon,CHO," 1,378,242.00 "," 1,618,520.00 ",,,,,MLE," 1,378,242.00 "
436,Semi Ojeleye,BOS," 1,378,242.00 "," 1,618,520.00 "," 1,752,950.00 ",,,,," 1,378,242.00 "
437,Daniel Theis,BOS," 1,378,242.00 ",,,,,,Minimum Salary," 1,378,242.00 "
438,Kevin Martin,MIN," 1,360,304.00 ",,,,,,," 1,360,304.00 "
439,Monte Morris,DEN," 1,349,383.00 "," 1,588,231.00 "," 1,663,861.00 ",,,,Minimum Salary," 2,937,614.00 "
440,Antonio Blakeney,CHI," 1,349,383.00 "," 1,588,231.00 ",,,,,Minimum Salary," 2,937,614.00 "
,,, Salary ,,,,,,,
Rk,Player,Tm, 2018-19 , 2019-20 , 2020-21 , 2021-22 , 2022-23 , 2023-24 ,Signed Using, Guaranteed 
441,Tyrone Wallace,LAC," 1,349,383.00 "," 1,588,231.00 ",,,,,Minimum Salary," 1,349,383.00 "
442,Alfonzo McKinnie,GSW," 1,349,383.00 "," 1,588,231.00 ",,,,,Minimum Salary," 1,349,383.00 "
443,Ryan Arcidiacono,CHI," 1,349,383.00 ",,,,,,Minimum Salary," 1,349,383.00 "
444,Jabari Bird,ATL," 1,349,383.00 ",,,,,,," 1,349,383.00 "
445,Daniel Hamilton,ATL," 1,349,383.00 ",,,,,,," 1,349,383.00 "
446,Shaquille Harrison,CHI," 1,311,265.00 ",,,,,,," 1,311,265.00 "
447,Elie Okobo,PHO," 1,238,464.00 "," 1,416,852.00 "," 1,663,861.00 "," 1,802,057.00 ",,,," 2,655,316.00 "
448,Jalen Brunson,DAL," 1,230,000.00 "," 1,416,582.00 "," 1,663,861.00 "," 1,802,057.00 ",,,Cap Space," 4,310,443.00 "
449,Michael Carter-Williams,CHI," 1,200,000.00 ",,,,,,," 1,200,000.00 "
450,Austin Rivers,HOU," 1,155,323.00 ",,,,,,," 1,155,323.00 "
451,Melvin Frazier,ORL," 1,050,000.00 "," 1,416,852.00 "," 1,663,861.00 ",,,,MLE," 2,466,852.00 "
452,Isaac Bonga,LAL," 1,000,000.00 "," 1,663,861.00 "," 1,416,852.00 ",,,,," 2,663,861.00 "
453,Justin Hamilton,TOR," 1,000,000.00 "," 1,000,000.00 ",,,,,," 2,000,000.00 "
454,Shelvin Mack,ORL," 1,000,000.00 ",,,,,,," 1,000,000.00 "
455,Kyle Singler,OKC," 999,200.00 "," 999,200.00 "," 999,200.00 "," 999,200.00 "," 999,200.00 ",,," 4,996,000.00 "
456,Devonte' Graham,CHO," 988,464.00 "," 1,416,852.00 "," 1,663,861.00 ",,,,MLE," 2,405,316.00 "
457,Isaiah Taylor,CLE," 950,000.00 ",,,,,,," 950,000.00 "
458,De'Anthony Melton,PHO," 949,000.00 "," 1,416,852.00 ",,,,,," 2,365,852.00 "
459,Jason Thompson,GSW," 945,126.00 ",,,,,,," 945,126.00 "
460,Kenneth Faried,HOU," 917,272.00 ",,,,,,," 917,272.00 "
,,, Salary ,,,,,,,
Rk,Player,Tm, 2018-19 , 2019-20 , 2020-21 , 2021-22 , 2022-23 , 2023-24 ,Signed Using, Guaranteed 
461,Chasson Randle,WAS," 869,094.00 ",,,,,,Minimum Salary," 869,094.00 "
462,Gary Trent,POR," 838,464.00 "," 1,416,852.00 "," 1,663,861.00 ",,,,MLE," 3,919,177.00 "
463,Hamidou Diallo,OKC," 838,464.00 "," 1,416,852.00 "," 1,663,861.00 ",,,,MLE," 2,255,316.00 "
464,Keita Bates-Diop,MIN," 838,464.00 "," 1,416,852.00 "," 1,663,861.00 ",,,,MLE," 2,255,316.00 "
465,Jevon Carter,MEM," 838,464.00 "," 1,416,852.00 ",,,,,MInimum Salary," 2,255,316.00 "
466,Bruce Brown,DET," 838,464.00 "," 1,416,852.00 "," 1,663,861.00 ",,,,MLE," 2,255,316.00 "
467,Jarred Vanderbilt,DEN," 838,464.00 "," 1,663,861.00 "," 1,416,852.00 ",,,,MLE," 2,255,316.00 "
468,Khyri Thomas,DET," 838,464.00 "," 838,464.00 "," 1,663,861.00 ",,,,MLE," 1,676,928.00 "
469,Isaiah Briscoe,ORL," 838,464.00 "," 1,663,861.00 "," 838,464.00 ",,,,MLE," 1,338,464.00 "
470,Chimezie Metu,SAS," 838,464.00 ",,,,,,MLE," 838,464.00 "
471,Kenrich Williams,NOP," 838,464.00 "," 1,416,852.00 ",,,,,Minimum Salary," 838,464.00 "
472,Alize Johnson,IND," 838,464.00 "," 1,416,852.00 ",,,,,Minimum Salary," 838,464.00 "
473,Isaiah Hartenstein,HOU," 838,464.00 "," 1,416,852.00 "," 1,663,861.00 ",,,,MLE," 838,464.00 "
474,Ray Spalding,DAL," 838,464.00 ",,,,,,," 838,464.00 "
475,Ryan Broekhoff,DAL," 838,464.00 "," 1,443,842.00 ",,,,,," 838,464.00 "
476,Brad Wanamaker,BOS," 838,464.00 ",,,,,,Minimum Salary," 838,464.00 "
477,Martell Webster,WAS," 833,333.00 ",,,,,,," 833,333.00 "
478,Lorenzo Brown,TOR," 800,000.00 ",,,,,,," 800,000.00 "
479,Patrick McCaw,TOR," 786,000.00 ",,,,,,," 786,000.00 "
480,Wesley Matthews,IND," 737,715.00 ",,,,,,," 737,715.00 "
,,, Salary ,,,,,,,
Rk,Player,Tm, 2018-19 , 2019-20 , 2020-21 , 2021-22 , 2022-23 , 2023-24 ,Signed Using, Guaranteed 
481,Jeremy Lin,TOR," 697,000.00 ",,,,,,," 697,000.00 "
482,Cole Aldrich,MIN," 685,341.00 "," 685,340.00 "," 685,340.00 ",,,,," 2,056,021.00 "
483,James Nunnally,MIN," 655,632.00 ",,,,,,," 655,632.00 "
484,Enes Kanter,POR," 653,556.00 ",,,,,,," 653,556.00 "
485,Carlos Delfino,LAC," 650,000.00 ",,,,,,," 650,000.00 "
486,Markieff Morris,OKC," 573,295.00 ",,,,,,Cap Space," 573,295.00 "
487,Nik Stauskas,CLE," 540,472.00 ",,,,,,," 540,472.00 "
488,Pau Gasol,MIL," 527,467.00 ",,,,,,," 527,467.00 "
489,Caron Butler,SAC," 517,219.00 ",,,,,,," 517,219.00 "
490,Zhou Qi,HOU," 506,134.00 ",,,,,,," 506,134.00 "
491,Bruno Caboclo,MEM," 487,000.00 "," 1,845,301.00 ",,,,,," 670,211.00 "
492,Dakari Johnson,MEM," 459,414.00 "," 459,414.00 "," 459,414.00 ",,,,," 1,378,242.00 "
493,Chris Boucher,TOR," 457,418.00 "," 1,588,231.00 ",,,,,," 457,418.00 "
494,Malcolm Miller,TOR," 457,418.00 "," 1,588,231.00 ",,,,,," 457,418.00 "
495,Isaiah Canaan,PHO," 456,733.00 ",,,,,,," 456,733.00 "
496,Edmond Sumner,IND," 449,794.00 "," 1,588,231.00 ",,,,,Two-Way Contract," 449,794.00 "
497,A.J. Hammons,MIA," 350,088.00 "," 350,087.00 "," 350,087.00 ",,,,," 1,050,262.00 "
498,Henry Ellenson,NYK," 341,831.00 "," 1,645,357.00 ",,,,,," 427,289.00 "
499,Festus Ezeli,POR," 333,333.00 "," 333,333.00 ",,,,,," 666,666.00 "
500,C.J. Watson,ORL," 333,333.00 "," 333,333.00 ",,,,,," 666,666.00 "
,,, Salary ,,,,,,,
Rk,Player,Tm, 2018-19 , 2019-20 , 2020-21 , 2021-22 , 2022-23 , 2023-24 ,Signed Using, Guaranteed 
501,Patrick McCaw,CLE," 323,529.00 ",,,,,,," 323,529.00 "
502,Nick Young,DEN," 311,070.00 ",,,,,,," 311,070.00 "
503,Corey Brewer,SAC," 270,496.00 ",,,,,,," 2,270,496.00 "
504,Corey Brewer,PHI," 270,496.00 ",,,,,,," 270,496.00 "
505,Okaro White,WAS," 264,919.00 ",,,,,,," 264,919.00 "
506,Miroslav Raduljica,LAC," 252,043.00 ",,,,,,," 252,043.00 "
507,Eric Moreland,PHO," 239,035.00 ",,,,,,," 239,035.00 "
508,Jaylen Adams,ATL," 236,854.00 "," 1,416,852.00 ",,,,,," 236,854.00 "
509,Quincy Acy,PHO," 213,949.00 ",,,,,,," 213,949.00 "
510,Tim Frazier,MIL," 205,098.00 ",,,,,,," 205,098.00 "
511,Andrew Harrison,MEM," 200,000.00 ",,,,,,," 200,000.00 "
512,Jimmer Fredette,PHO," 198,580.00 "," 1,416,852.00 ",,,,,," 198,580.00 "
513,Michael Carter-Williams,ORL," 198,580.00 ",,,,,,10-Day Contract," 198,580.00 "
514,Isaiah Canaan,MIN," 198,580.00 ",,,,,,," 198,580.00 "
515,Terrence Jones,HOU," 198,580.00 ",,,,,,," 198,580.00 "
516,Jodie Meeks,TOR," 196,724.00 ",,,,,,," 319,677.00 "
517,Dairis Bertans,NOP," 194,220.00 "," 1,416,852.00 ",,,,,," 194,220.00 "
518,Ray Spalding,PHO," 184,746.00 "," 1,416,852.00 ",,,,,," 232,117.00 "
519,Bruno Caboclo,MEM," 183,211.00 ",,,,,,," 670,211.00 "
520,Cameron Payne,CLE," 177,063.00 ",,,,,,," 177,063.00 "
,,, Salary ,,,,,,,
Rk,Player,Tm, 2018-19 , 2019-20 , 2020-21 , 2021-22 , 2022-23 , 2023-24 ,Signed Using, Guaranteed 
521,Deyonta Davis,ATL," 170,916.00 ",,,,,,10-Day Contract," 170,916.00 "
522,Ron Baker,WAS," 170,915.00 ",,,,,,," 170,915.00 "
523,Jamaal Franklin,MEM," 163,296.00 ",,,,,,," 163,296.00 "
524,Ben Moore,IND," 160,096.00 ",,,,,,," 160,096.00 "
525,Jodie Meeks,TOR," 122,953.00 ",,,,,,," 319,677.00 "
526,Troy Williams,HOU," 122,741.00 "," 122,741.00 "," 122,741.00 "," 122,741.00 "," 122,741.00 ",,," 613,705.00 "
527,Greg Monroe,BOS," 122,344.00 ",,,,,,10-Day Contract," 122,344.00 "
528,Cameron Reynolds,MIN," 108,953.00 ",,,,,,," 203,695.00 "
529,Tyler Zeller,ATL," 106,974.00 ",,,,,,," 106,974.00 "
530,John Jenkins,NYK," 99,290.00 ",,,,,,," 198,580.00 "
531,John Jenkins,NYK," 99,290.00 ",,,,,,," 198,580.00 "
532,John Jenkins,WAS," 99,290.00 ",,,,,,," 99,290.00 "
533,Isaiah Canaan,MIL," 99,290.00 ",,,,,,," 99,290.00 "
534,Cameron Reynolds,MIN," 94,742.00 ",,,,,,," 203,695.00 "
535,Justin Bibbs,LAC," 94,742.00 ",,,,,,10-Day Contract," 94,742.00 "
536,Mitch Creek,BRK," 94,742.00 ",,,,,,," 94,742.00 "
537,B.J. Johnson,ATL," 94,742.00 ",,,,,,," 94,742.00 "
538,Demetrius Jackson,BOS," 92,857.00 "," 92,857.00 "," 92,857.00 "," 92,857.00 "," 92,857.00 ",,," 557,142.00 "
539,Chris Chiozza,HOU," 90,005.00 ",,,,,,," 137,376.00 "
540,Eric Moreland,TOR," 88,531.00 ",,,,,,," 88,531.00 "
,,, Salary ,,,,,,,
Rk,Player,Tm, 2018-19 , 2019-20 , 2020-21 , 2021-22 , 2022-23 , 2023-24 ,Signed Using, Guaranteed 
541,JaKarr Sampson,CHI," 88,531.00 ",,,,,,10-Day Contract," 88,531.00 "
542,Henry Ellenson,NYK," 85,458.00 ",,,,,,," 427,289.00 "
543,Gary Payton,WAS," 85,458.00 ",,,,,,," 85,458.00 "
544,Scotty Hopson,OKC," 85,458.00 ",,,,,,," 85,458.00 "
545,Charles Cooke,MIA," 76,236.00 ",,,,,,," 76,236.00 "
546,Andre Ingram,LAL," 76,236.00 ",,,,,,," 76,236.00 "
547,Kobi Simmons,CLE," 76,236.00 ",,,,,,," 76,236.00 "
548,Shaquille Harrison,PHO," 50,000.00 ",,,,,,," 50,000.00 "
549,Garlon Green,NOP," 50,000.00 ",,,,,,," 50,000.00 "
550,Ray Spalding,PHO," 47,371.00 ",,,,,,," 232,117.00 "
551,Chris Chiozza,HOU," 47,371.00 ",,,,,,," 137,376.00 "
552,Cody Demps,SAC," 47,371.00 ",,,,,,," 47,371.00 "
553,B.J. Johnson,SAC," 47,371.00 ",,,,,,," 47,371.00 "
554,Emanuel Terry,PHO," 47,371.00 ",,,,,,," 47,371.00 "
555,Richard Solomon,OKC," 47,371.00 ",,,,,,," 47,371.00 "
556,Mitch Creek,MIN," 47,371.00 ",,,,,,10-Day Contract," 47,371.00 "
557,Emanuel Terry,MIA," 47,371.00 ",,,,,,," 47,371.00 "
558,Dusty Hannahs,MEM," 47,371.00 ",,,,,,10-Day Contract," 47,371.00 "
559,Scott Machado,LAL," 47,371.00 ",,,,,,," 47,371.00 "
560,Stephan Hicks,IND," 47,371.00 ",,,,,,," 47,371.00 "
,,, Salary ,,,,,,,
Rk,Player,Tm, 2018-19 , 2019-20 , 2020-21 , 2021-22 , 2022-23 , 2023-24 ,Signed Using, Guaranteed 
561,Tahjere McCall,BRK," 47,371.00 ",,,,,,," 47,371.00 "
562,Jordan Sibert,ATL," 47,371.00 ",,,,,,," 47,371.00 "
563,Isaac Humphries,ATL," 47,371.00 ",,,,,,," 47,371.00 "
564,Emanuel Terry,DEN," 35,000.00 ",,,,,,," 35,000.00 "
565,Troy Williams,NOP," 34,183.00 ",,,,,,," 34,183.00 "
566,Terry Larrier,DAL," 6,000.00 ",,,,,,," 6,000.00 "
567,Ding Yanyuhang,DAL," 4,737.00 ",,,,,,," 4,737.00 "
,,,,,,,,,,
More Contracts Pages,,,,,,,,,,
