,Rk,Player,Pos,Age,Tm,G,MP,PER,TS%,3PAr,FTr,ORB%,DRB%,TRB%,AST%,STL%,BLK%,TOV%,USG%,Unnamed: 19,OWS,DWS,WS,WS/48,Unnamed: 24,OBPM,DBPM,BPM,VORP
0,1,Alex Abrines,SG,25,OKC,31,588,6.3,.507,.809,.083,0.9,7.7,4.2,4.3,1.3,0.8,7.9,12.2,,0.1,0.6,0.7,.054,,-2.4,-1.0,-3.4,-0.2
1,2,Quincy Acy,PF,28,PHO,10,123,2.9,.379,.833,.556,2.7,20.3,11.3,8.2,0.4,2.7,15.2,9.2,,-0.1,0.1,0.0,-0.019,,-5.6,-0.2,-5.8,-0.1
2,3,Jaylen Adams,PG,22,ATL,20,198,9.5,.530,.750,.038,3.2,11.5,7.3,20.2,1.4,0.9,18.5,13.4,,0.1,0.1,0.2,.046,,-1.6,-2.0,-3.6,-0.1
3,4,Steven Adams,C,25,OKC,65,2201,18.9,.604,.002,.385,14.2,15.2,14.7,6.7,2.2,2.0,12.7,16.4,,4.5,3.4,7.9,.172,,0.9,2.1,3.0,2.7
4,5,Bam Adebayo,C,21,MIA,66,1476,17.5,.625,.028,.532,9.6,22.6,16.1,13.8,1.7,3.1,17.5,15.4,,2.8,2.3,5.1,.167,,-0.5,3.1,2.6,1.7
5,6,Deng Adel,SF,21,CLE,13,160,2.2,.405,.667,.067,1.3,8.7,4.9,3.4,0.3,2.2,13.9,9.8,,-0.2,0.0,-0.2,-0.061,,-5.5,-1.6,-7.1,-0.2
6,7,DeVaughn Akoon-Purcell,SG,25,DEN,7,22,8.3,.322,.400,.200,4.9,14.9,9.9,36.8,4.4,0.0,15.5,24.8,,-0.1,0.0,0.0,-0.046,,-4.3,0.6,-3.7,0.0
7,8,LaMarcus Aldridge,C,33,SAS,66,2170,22.7,.572,.028,.318,10.1,19.5,14.8,12.0,0.8,3.2,9.1,27.2,,5.1,2.1,7.1,.158,,1.1,0.1,1.3,1.8
8,9,Rawle Alkins,SG,21,CHI,3,6,38.0,.375,.250,.000,54.5,0.0,27.4,51.4,8.1,0.0,0.0,29.2,,0.0,0.0,0.0,.354,,20.1,7.3,27.3,0.0
9,10,Grayson Allen,SG,23,UTA,31,292,4.5,.459,.640,.333,0.4,3.7,2.0,8.8,0.7,0.8,11.5,21.6,,-0.4,0.2,-0.2,-0.029,,-4.5,-3.5,-8.0,-0.4
10,11,Jarrett Allen,C,20,BRK,67,1785,19.1,.632,.085,.475,10.0,23.7,16.9,8.3,1.0,4.5,12.6,16.1,,4.0,2.8,6.7,.181,,-0.3,3.2,2.9,2.2
11,12,Kadeem Allen,SG,26,NYK,10,225,17.2,.578,.211,.342,2.2,11.6,6.7,31.5,1.7,0.4,11.2,18.5,,0.5,0.1,0.6,.138,,1.2,-2.0,-0.8,0.1
12,13,Al-Farouq Aminu,PF,28,POR,66,1911,13.2,.578,.490,.296,5.4,22.3,14.0,6.2,1.4,1.1,9.8,13.1,,2.7,2.2,4.9,.124,,0.2,0.9,1.1,1.5
13,14,Justin Anderson,SF,25,ATL,36,277,7.7,.459,.473,.231,4.2,13.3,8.6,6.5,2.0,2.5,13.0,17.0,,-0.2,0.2,0.0,-0.008,,-4.7,-0.9,-5.6,-0.2
14,15,Kyle Anderson,SF,25,MEM,43,1281,12.9,.569,.123,.232,4.2,18.2,11.1,15.2,2.1,2.8,16.0,12.7,,0.8,2.0,2.9,.108,,-2.1,3.5,1.5,1.1
15,16,Ryan Anderson,PF,30,TOT,20,298,5.0,.437,.569,.246,5.9,12.2,9.0,8.0,0.5,0.3,15.3,12.2,,-0.2,0.0,-0.2,-0.028,,-4.1,-2.1,-6.2,-0.3
16,16,Ryan Anderson,PF,30,PHO,15,278,4.6,.423,.567,.233,5.5,12.7,9.0,8.1,0.5,0.3,15.4,12.1,,-0.2,0.0,-0.2,-0.036,,-4.4,-2.0,-6.4,-0.3
17,16,Ryan Anderson,PF,30,MIA,5,20,9.9,.595,.600,.400,10.8,5.4,8.1,6.9,0.0,0.0,14.5,14.7,,0.0,0.0,0.0,.082,,-0.2,-3.5,-3.7,0.0
18,17,Ike Anigbogu,C,20,IND,3,6,-6.0,.000,.000,.000,19.0,36.2,27.8,19.3,0.0,14.9,25.0,29.2,,-0.1,0.0,-0.1,-0.476,,-22.6,8.6,-14.0,0.0
19,18,Giannis Antetokounmpo,PF,24,MIL,62,2047,30.2,.639,.148,.536,7.6,30.4,19.6,30.2,1.9,3.6,15.3,31.8,,7.3,4.8,12.1,.284,,5.4,5.0,10.4,6.4
20,19,Carmelo Anthony,PF,34,HOU,10,294,11.0,.513,.529,.182,3.3,17.6,10.3,2.7,0.7,2.0,5.8,20.4,,0.1,0.2,0.3,.043,,-2.9,-3.2,-6.1,-0.3
21,20,OG Anunoby,SF,21,TOR,57,1171,9.9,.543,.504,.148,4.7,11.2,8.0,4.5,1.6,1.1,10.3,15.2,,0.4,1.3,1.7,.071,,-1.1,0.0,-1.1,0.3
22,Rk,Player,Pos,Age,Tm,G,MP,PER,TS%,3PAr,FTr,ORB%,DRB%,TRB%,AST%,STL%,BLK%,TOV%,USG%,,OWS,DWS,WS,WS/48,,OBPM,DBPM,BPM,VORP
23,21,Ryan Arcidiacono,PG,24,CHI,67,1650,10.7,.589,.592,.226,1.2,10.0,5.6,19.0,1.6,0.2,13.5,10.6,,2.1,0.8,2.9,.085,,-0.3,-1.0,-1.2,0.3
24,22,Trevor Ariza,SF,33,TOT,63,2225,12.2,.534,.588,.227,2.4,15.3,8.7,14.9,1.9,0.6,11.4,16.6,,1.4,1.2,2.6,.055,,0.0,-0.3,-0.3,1.0
25,22,Trevor Ariza,SF,33,PHO,26,884,10.5,.525,.612,.189,2.0,16.6,9.1,13.5,2.1,0.8,13.7,13.8,,0.2,0.5,0.7,.038,,-1.2,0.3,-0.8,0.3
26,22,Trevor Ariza,SF,33,WAS,37,1341,13.2,.539,.577,.245,2.7,14.4,8.5,15.8,1.7,0.6,10.3,18.3,,1.2,0.7,1.9,.067,,0.8,-0.7,0.1,0.7
27,23,D.J. Augustin,PG,31,ORL,67,1851,15.4,.626,.476,.333,1.8,7.2,4.5,25.6,1.1,0.1,14.6,16.9,,4.0,1.4,5.4,.141,,1.6,-2.1,-0.4,0.7
28,24,Deandre Ayton,C,20,PHO,62,1920,21.0,.613,.005,.221,11.0,26.5,18.6,10.4,1.3,2.4,11.0,21.1,,4.1,1.5,5.7,.142,,0.5,0.4,0.8,1.4
29,25,Dwayne Bacon,SG,23,CHO,28,344,11.0,.603,.318,.140,0.9,13.0,6.9,9.4,0.7,0.3,10.3,15.8,,0.4,0.1,0.5,.073,,-1.7,-2.4,-4.2,-0.2
30,26,Marvin Bagley,PF,19,SAC,47,1165,18.2,.566,.127,.405,10.1,19.8,14.9,6.0,1.1,3.4,11.7,23.1,,1.4,1.3,2.7,.111,,-1.4,-0.1,-1.5,0.2
31,27,Ron Baker,SG,25,TOT,15,152,2.5,.309,.650,.300,0.7,7.2,3.8,12.7,1.9,0.6,18.1,7.7,,-0.2,0.1,-0.1,-0.033,,-5.8,-0.7,-6.6,-0.2
32,27,Ron Baker,SG,25,NYK,11,107,4.4,.376,.563,.375,0.9,6.1,3.4,15.9,2.2,0.0,13.9,8.6,,0.0,0.0,0.0,.004,,-4.5,-1.3,-5.9,-0.1
33,27,Ron Baker,SG,25,WAS,4,45,-2.0,.000,1.000,.000,0.0,9.8,4.8,5.1,1.0,1.9,33.3,5.7,,-0.1,0.0,-0.1,-0.120,,-8.9,0.7,-8.2,-0.1
34,28,Wade Baldwin,PG,22,POR,16,94,1.4,.396,.273,.333,2.3,14.4,8.5,16.8,0.5,1.7,27.0,23.3,,-0.4,0.1,-0.3,-0.154,,-9.4,-1.4,-10.8,-0.2
35,29,Lonzo Ball,PG,21,LAL,47,1423,11.8,.487,.500,.105,4.0,14.0,9.1,23.7,2.3,1.1,17.8,16.9,,-0.2,1.7,1.5,.051,,-0.9,1.3,0.4,0.9
36,30,Mohamed Bamba,C,20,ORL,47,766,15.0,.539,.288,.259,8.8,24.0,16.3,7.5,0.8,7.0,13.7,17.9,,0.3,1.4,1.6,.103,,-3.3,3.1,-0.2,0.4
37,31,J.J. Barea,PG,34,DAL,38,752,16.5,.495,.332,.203,1.9,11.6,6.8,48.3,1.4,0.1,14.7,28.0,,0.5,0.6,1.1,.068,,1.2,-2.2,-1.0,0.2
38,32,Harrison Barnes,PF-SF,26,TOT,61,2018,12.9,.539,.435,.276,2.5,12.8,7.6,6.6,1.1,0.5,7.7,21.9,,1.4,1.5,2.8,.068,,-0.8,-1.7,-2.6,-0.3
39,32,Harrison Barnes,PF,26,DAL,49,1584,13.2,.538,.434,.276,2.5,11.5,7.0,6.4,1.0,0.6,7.8,23.6,,1.0,1.1,2.1,.063,,-0.8,-2.1,-3.0,-0.4
40,32,Harrison Barnes,SF,26,SAC,12,434,11.7,.542,.444,.274,2.5,17.6,9.9,7.3,1.4,0.2,7.3,15.5,,0.4,0.4,0.8,.084,,-0.9,-0.3,-1.2,0.1
41,33,Will Barton,SG,28,DEN,26,724,12.8,.520,.411,.181,3.4,16.1,9.7,16.4,0.7,1.9,11.7,20.5,,0.5,0.7,1.2,.077,,-0.9,-0.5,-1.3,0.1
42,34,Keita Bates-Diop,SF,23,MIN,15,202,11.4,.524,.364,.291,3.2,15.0,9.0,3.4,1.2,3.4,4.6,13.5,,0.1,0.2,0.3,.067,,-2.7,-0.3,-3.0,0.0
43,35,Nicolas Batum,SF,30,CHO,66,2127,12.3,.585,.524,.159,3.2,14.8,8.9,14.9,1.5,1.5,16.1,13.4,,2.0,1.6,3.7,.083,,0.2,0.9,1.1,1.7
44,36,Jerryd Bayless,PG,30,MIN,22,434,7.5,.412,.500,.080,1.7,7.7,4.7,23.7,1.2,0.2,10.9,16.8,,-0.2,0.1,-0.1,-0.006,,-2.4,-2.9,-5.3,-0.4
45,37,Aron Baynes,C,32,BOS,39,568,14.1,.560,.321,.309,11.8,18.8,15.3,10.9,0.6,3.6,14.4,16.3,,0.9,0.8,1.6,.139,,-0.9,1.2,0.3,0.3
46,38,Kent Bazemore,SG,29,ATL,54,1389,13.1,.523,.420,.255,2.5,14.5,8.4,13.7,2.7,2.4,13.8,22.3,,-0.2,1.3,1.1,.037,,-1.6,0.3,-1.3,0.2
47,39,Bradley Beal,SG,25,WAS,67,2518,20.6,.580,.368,.272,3.3,12.1,7.6,24.1,1.9,1.7,11.4,28.3,,4.7,1.5,6.2,.119,,3.7,-0.9,2.7,3.0
48,40,Malik Beasley,SG,22,DEN,65,1561,14.9,.624,.541,.083,2.0,9.7,5.8,7.5,1.3,0.5,6.1,17.7,,3.1,1.2,4.4,.134,,2.2,-1.9,0.2,0.9
49,Rk,Player,Pos,Age,Tm,G,MP,PER,TS%,3PAr,FTr,ORB%,DRB%,TRB%,AST%,STL%,BLK%,TOV%,USG%,,OWS,DWS,WS,WS/48,,OBPM,DBPM,BPM,VORP
50,41,Michael Beasley,PF,30,LAL,26,277,16.0,.532,.111,.255,5.0,17.1,11.2,14.7,1.5,2.9,13.7,29.6,,-0.1,0.3,0.2,.038,,-3.6,-0.6,-4.2,-0.2
51,42,Marco Belinelli,SG,32,SAS,65,1502,12.9,.568,.579,.192,1.0,10.6,5.8,10.9,1.0,0.4,8.4,19.8,,1.7,0.8,2.4,.078,,1.2,-2.6,-1.4,0.2
52,43,Jordan Bell,C,24,GSW,54,627,13.9,.546,.014,.243,8.2,17.3,12.9,12.8,1.4,5.5,15.4,12.8,,0.7,0.8,1.5,.116,,-2.3,2.9,0.6,0.4
53,44,DeAndre' Bembry,SG,24,ATL,68,1640,9.8,.495,.289,.203,2.5,16.4,9.3,14.3,2.3,2.0,17.2,16.8,,-1.0,1.4,0.4,.012,,-3.7,1.0,-2.7,-0.3
54,45,Dragan Bender,PF,21,PHO,32,422,7.9,.492,.571,.257,4.9,20.7,12.7,8.5,0.8,1.2,14.6,13.9,,-0.1,0.2,0.0,.005,,-3.8,-1.4,-5.2,-0.3
55,46,Dairis Bertans,SG,29,NOP,1,6,-3.7,.000,.000,.000,0.0,0.0,0.0,18.4,0.0,0.0,0.0,6.9,,0.0,0.0,0.0,-0.108,,-10.6,-6.5,-17.1,0.0
56,47,Davis Bertans,PF,26,SAS,61,1314,13.5,.653,.737,.127,1.8,15.8,8.9,7.6,1.1,1.9,8.3,13.6,,2.3,1.1,3.4,.124,,2.0,-0.3,1.7,1.2
57,48,Patrick Beverley,PG,30,LAC,68,1863,11.5,.559,.588,.280,3.8,15.6,9.9,17.7,1.5,1.7,14.0,11.9,,2.3,1.9,4.2,.109,,1.0,1.5,2.6,2.1
58,49,Khem Birch,C,26,ORL,36,428,18.6,.674,.012,.512,11.6,19.3,15.4,8.3,1.4,4.3,11.0,12.1,,1.2,0.7,1.9,.211,,-0.2,2.8,2.6,0.5
59,50,Bismack Biyombo,C,26,CHO,39,548,15.1,.619,.000,.673,10.5,24.5,17.4,5.0,0.7,6.0,14.4,12.0,,0.9,0.7,1.6,.142,,-2.6,2.2,-0.4,0.2
60,51,Nemanja Bjelica,PF,30,SAC,62,1448,15.6,.592,.454,.153,7.0,18.7,12.8,11.4,1.5,3.1,12.7,16.6,,2.1,1.7,3.8,.125,,0.9,1.6,2.5,1.7
61,52,Antonio Blakeney,SG,22,CHI,46,630,11.9,.510,.239,.207,1.0,11.1,6.1,6.6,0.8,1.1,7.7,25.4,,-0.4,0.2,-0.2,-0.014,,-4.1,-4.0,-8.1,-1.0
62,53,Eric Bledsoe,PG,29,MIL,65,1897,19.4,.581,.392,.227,3.9,12.0,8.2,27.0,2.2,1.0,13.0,22.6,,4.0,3.0,7.0,.178,,2.7,0.8,3.5,2.6
63,54,Jaron Blossomgame,SF,25,CLE,27,439,10.2,.510,.368,.123,6.3,19.0,12.4,4.3,0.8,1.6,9.0,12.2,,0.2,0.1,0.3,.033,,-3.0,-1.4,-4.4,-0.3
64,55,Bogdan Bogdanovic,SG,26,SAC,54,1540,14.0,.527,.431,.202,1.7,11.9,6.7,19.9,1.8,0.7,11.6,22.7,,0.8,1.3,2.1,.066,,0.3,-0.9,-0.6,0.5
65,56,Bojan Bogdanovic,SF,29,IND,67,2131,15.9,.615,.371,.285,1.6,12.4,7.1,8.7,1.3,0.0,10.0,21.9,,3.3,2.4,5.7,.129,,1.3,-1.4,-0.1,1.0
66,57,Jonah Bolden,PF,23,PHI,36,477,12.5,.601,.568,.178,7.6,20.4,14.2,8.4,1.3,5.4,19.6,13.9,,0.2,0.8,1.0,.101,,-1.5,2.5,1.1,0.4
67,58,Isaac Bonga,PG,19,LAL,10,38,9.7,.358,.200,.900,8.4,13.3,10.9,22.1,3.7,2.1,22.3,19.6,,-0.1,0.1,0.0,-0.028,,-6.1,2.3,-3.8,0.0
68,59,Devin Booker,SG,22,PHO,53,1853,19.1,.576,.336,.340,1.9,11.3,6.5,33.3,1.3,0.5,15.6,31.7,,2.2,0.3,2.6,.067,,3.2,-2.8,0.4,1.1
69,60,Chris Boucher,PF,26,TOR,22,111,24.7,.551,.518,.268,12.8,21.1,17.0,0.0,1.7,14.8,4.6,25.2,,0.2,0.3,0.5,.225,,-1.7,0.9,-0.8,0.0
70,Rk,Player,Pos,Age,Tm,G,MP,PER,TS%,3PAr,FTr,ORB%,DRB%,TRB%,AST%,STL%,BLK%,TOV%,USG%,,OWS,DWS,WS,WS/48,,OBPM,DBPM,BPM,VORP
71,61,Avery Bradley,SG,28,TOT,61,1852,7.7,.495,.398,.084,2.4,7.5,5.0,11.7,1.1,0.7,12.3,16.0,,-0.6,1.1,0.5,.014,,-1.7,-0.8,-2.4,-0.2
72,61,Avery Bradley,SG,28,LAC,49,1463,5.6,.464,.410,.060,2.6,6.7,4.7,8.9,0.9,0.9,12.4,14.2,,-0.9,0.7,-0.2,-0.008,,-2.3,-0.6,-2.9,-0.3
73,61,Avery Bradley,SG,28,MEM,12,389,15.4,.573,.368,.147,1.7,10.3,6.0,22.2,1.8,0.0,12.1,22.9,,0.4,0.4,0.8,.094,,0.8,-1.5,-0.7,0.1
74,62,Tony Bradley,C,21,UTA,1,9,-10.4,.000,.000,.000,24.2,11.9,18.0,0.0,0.0,0.0,25.0,19.0,,-0.1,0.0,-0.1,-0.342,,-17.4,-5.6,-23.0,0.0
75,63,Corey Brewer,SF,32,TOT,15,259,11.4,.542,.380,.329,2.5,9.6,6.1,9.5,2.9,1.6,10.8,16.3,,0.1,0.3,0.5,.086,,-1.7,0.4,-1.2,0.1
76,63,Corey Brewer,SF,32,PHI,7,140,10.8,.484,.286,.265,3.1,9.6,6.5,10.1,4.0,1.1,12.8,18.8,,-0.1,0.2,0.1,.048,,-3.1,1.0,-2.1,0.0
77,63,Corey Brewer,SF,32,SAC,8,119,12.1,.630,.533,.433,1.7,9.6,5.6,8.8,1.6,2.2,7.7,13.4,,0.2,0.1,0.3,.131,,0.1,-0.3,-0.2,0.1
78,64,Mikal Bridges,SF,22,PHO,68,1897,11.5,.571,.584,.209,2.7,10.0,6.3,9.8,2.8,1.5,10.3,12.3,,1.7,1.2,2.8,.071,,-0.1,0.7,0.7,1.3
79,65,Miles Bridges,SF,20,CHO,65,1254,12.1,.535,.389,.175,4.2,16.3,10.1,6.6,1.4,2.5,8.6,15.5,,0.7,1.1,1.8,.070,,-1.9,0.0,-1.8,0.1
80,66,Isaiah Briscoe,PG,22,ORL,39,559,6.8,.455,.246,.188,0.9,13.4,7.1,21.3,1.0,0.3,17.2,14.1,,-0.3,0.5,0.2,.020,,-5.0,-0.7,-5.7,-0.5
81,67,Ryan Broekhoff,SG,28,DAL,30,253,8.9,.555,.753,.027,1.3,11.8,6.6,8.8,0.6,1.0,8.7,13.7,,0.2,0.2,0.3,.060,,-1.7,-1.6,-3.4,-0.1
82,68,Malcolm Brogdon,SG,26,MIL,62,1805,18.0,.614,.324,.204,3.9,11.9,8.2,16.2,1.1,0.6,10.0,20.7,,4.3,2.3,6.6,.175,,2.0,-0.4,1.7,1.7
83,69,Dillon Brooks,SF,23,MEM,18,330,7.7,.499,.328,.246,3.0,7.6,5.3,7.7,1.5,1.2,12.3,21.1,,-0.3,0.3,0.0,.002,,-4.2,-1.6,-5.8,-0.3
84,70,MarShon Brooks,SG,30,MEM,29,387,11.7,.518,.320,.195,3.4,9.8,6.6,11.2,1.2,1.0,10.3,23.8,,-0.2,0.4,0.2,.024,,-2.9,-2.4,-5.3,-0.3
85,71,Bruce Brown,SG,22,DET,58,1165,6.4,.459,.300,.185,3.5,11.4,7.4,8.6,1.1,2.0,12.0,12.2,,-0.3,1.2,0.9,.039,,-3.9,1.5,-2.4,-0.1
86,72,Jaylen Brown,SG,22,BOS,63,1631,13.2,.536,.348,.237,3.8,14.5,9.1,7.6,1.8,1.6,10.1,22.2,,0.3,2.2,2.5,.073,,-1.8,-0.3,-2.2,-0.1
87,73,Lorenzo Brown,PG,28,TOR,26,212,6.4,.380,.394,.042,2.6,13.0,7.9,17.3,2.7,1.9,18.1,17.8,,-0.5,0.3,-0.1,-0.028,,-5.7,1.5,-4.2,-0.1
88,74,Sterling Brown,SG,23,MIL,48,769,10.3,.563,.521,.117,3.4,13.9,8.9,10.1,1.2,0.5,12.5,14.0,,0.6,1.0,1.6,.099,,-1.4,0.0,-1.4,0.1
89,75,Troy Brown,SF,19,WAS,37,317,12.5,.469,.271,.262,5.1,18.2,11.5,19.7,1.6,0.5,8.4,17.4,,0.2,0.2,0.4,.060,,-2.4,-1.2,-3.6,-0.1
90,76,Jalen Brunson,PG,22,DAL,58,1147,11.5,.528,.319,.198,1.8,10.1,6.0,21.5,1.2,0.2,13.2,18.6,,0.6,0.8,1.4,.059,,-1.7,-1.5,-3.2,-0.3
91,77,Thomas Bryant,C,21,WAS,57,1081,21.1,.681,.182,.274,7.8,24.8,16.2,9.6,0.9,3.8,9.3,17.3,,3.2,1.0,4.2,.186,,1.2,0.5,1.6,1.0
92,78,Reggie Bullock,SG,27,TOT,55,1679,10.4,.561,.662,.144,1.3,8.8,5.0,10.7,0.9,0.5,9.7,15.7,,1.5,1.3,2.7,.079,,0.2,-0.8,-0.7,0.6
93,78,Reggie Bullock,SG,27,DET,44,1355,11.0,.569,.667,.145,1.6,8.6,5.0,11.9,0.9,0.3,10.3,16.6,,1.4,1.0,2.4,.087,,0.7,-1.0,-0.2,0.6
94,78,Reggie Bullock,SG,27,LAL,11,324,7.8,.521,.635,.141,0.3,9.7,5.1,5.5,1.0,1.5,6.2,12.3,,0.1,0.2,0.3,.045,,-2.1,-0.4,-2.5,0.0
95,79,Trey Burke,PG,26,TOT,44,844,15.7,.503,.256,.220,2.7,7.7,5.1,22.7,1.6,0.5,8.0,25.3,,0.6,0.4,1.0,.056,,-0.1,-2.9,-3.0,-0.2
96,79,Trey Burke,PG,26,NYK,33,689,15.7,.496,.240,.209,2.2,7.4,4.7,23.3,1.5,0.6,6.9,25.8,,0.5,0.2,0.7,.049,,0.0,-3.2,-3.2,-0.2
97,79,Trey Burke,PG,26,DAL,11,155,15.5,.542,.344,.281,4.9,8.9,6.9,19.9,2.2,0.0,13.3,22.9,,0.1,0.1,0.3,.086,,-0.4,-1.5,-1.9,0.0
98,80,Alec Burks,SG,27,TOT,60,1341,12.8,.524,.353,.298,2.3,16.9,9.4,13.9,1.3,1.3,10.5,19.4,,0.8,0.7,1.5,.054,,-1.5,-0.8,-2.2,-0.1
99,80,Alec Burks,SG,27,UTA,17,269,12.6,.547,.377,.333,0.8,10.0,5.4,11.5,1.1,1.2,10.3,23.2,,0.2,0.3,0.5,.080,,-2.1,-1.7,-3.8,-0.1
100,80,Alec Burks,SG,27,CLE,34,979,13.2,.517,.350,.288,2.8,18.9,10.5,15.2,1.3,1.4,10.7,19.2,,0.6,0.3,0.9,.046,,-1.1,-0.6,-1.7,0.1
101,80,Alec Burks,SG,27,SAC,9,93,9.2,.519,.263,.263,1.1,15.7,8.3,6.8,2.0,0.9,8.6,10.3,,0.0,0.1,0.1,.066,,-3.8,0.6,-3.2,0.0
102,Rk,Player,Pos,Age,Tm,G,MP,PER,TS%,3PAr,FTr,ORB%,DRB%,TRB%,AST%,STL%,BLK%,TOV%,USG%,,OWS,DWS,WS,WS/48,,OBPM,DBPM,BPM,VORP
103,81,Deonte Burton,SG,25,OKC,24,201,7.9,.511,.318,.121,1.5,9.9,5.6,4.7,1.2,3.3,11.5,15.9,,-0.1,0.3,0.2,.044,,-5.2,-0.2,-5.4,-0.2
104,82,Jimmy Butler,SF-SG,29,TOT,55,1849,20.7,.576,.216,.390,5.9,10.3,8.2,18.1,2.7,1.5,8.1,22.3,,4.8,2.2,7.0,.181,,2.8,0.7,3.6,2.6
105,82,Jimmy Butler,SG,29,MIN,10,361,22.4,.579,.287,.389,4.7,10.8,7.7,18.1,3.2,2.4,7.1,22.9,,1.0,0.4,1.4,.184,,3.8,0.9,4.7,0.6
106,82,Jimmy Butler,SF,29,PHI,45,1488,20.3,.575,.198,.390,6.2,10.2,8.3,18.1,2.6,1.3,8.4,22.2,,3.8,1.8,5.6,.181,,2.6,0.7,3.3,2.0
107,83,Bruno Caboclo,SF,23,MEM,20,412,9.2,.523,.625,.212,4.6,14.8,9.6,8.2,0.8,4.6,14.3,14.5,,0.0,0.5,0.5,.061,,-2.8,1.6,-1.3,0.1
108,84,Jose Calderon,PG,37,DET,48,628,7.2,.456,.471,.092,1.9,8.8,5.2,24.9,1.2,0.4,22.0,10.8,,0.1,0.6,0.6,.047,,-3.8,-0.9,-4.7,-0.4
109,85,Kentavious Caldwell-Pope,SG,25,LAL,66,1512,11.5,.562,.575,.221,2.4,9.0,5.8,6.2,1.7,0.5,7.7,16.4,,1.4,1.2,2.6,.081,,-0.2,-1.1,-1.4,0.2
110,86,Isaiah Canaan,PG,27,TOT,30,629,8.0,.518,.585,.146,1.0,9.3,5.1,18.2,1.1,0.3,16.7,14.2,,0.1,0.1,0.1,.011,,-2.4,-2.6,-5.0,-0.5
111,86,Isaiah Canaan,PG,27,PHO,19,503,7.4,.515,.558,.155,1.1,9.9,5.4,17.0,1.1,0.0,17.4,14.2,,-0.1,0.0,0.0,-0.004,,-2.6,-2.4,-5.0,-0.4
112,86,Isaiah Canaan,PG,27,MIN,7,95,12.4,.536,.655,.138,0.0,5.7,2.8,26.8,1.0,0.9,11.5,15.3,,0.1,0.0,0.2,.085,,-0.3,-4.6,-4.9,-0.1
113,86,Isaiah Canaan,PG,27,MIL,4,31,5.3,.500,.833,.000,3.5,9.4,6.6,11.6,0.0,2.7,25.0,10.9,,0.0,0.0,0.0,.031,,-4.1,-0.2,-4.2,0.0
114,87,Clint Capela,C,24,HOU,52,1772,23.4,.644,.000,.350,14.8,26.5,20.5,6.9,1.0,4.1,10.5,18.5,,5.7,2.0,7.7,.209,,1.1,1.2,2.3,1.9
115,88,DeMarre Carroll,SF,32,BRK,56,1408,12.5,.549,.532,.451,4.2,17.9,11.1,7.5,0.9,0.4,9.8,18.7,,1.4,1.4,2.7,.094,,-0.9,-0.8,-1.7,0.1
116,89,Jevon Carter,PG,23,MEM,28,409,4.7,.368,.525,.136,1.4,9.5,5.4,16.1,2.7,2.3,16.7,16.5,,-1.0,0.6,-0.4,-0.046,,-6.1,1.0,-5.1,-0.3
117,90,Vince Carter,SF,42,ATL,63,1052,11.9,.573,.659,.134,2.6,13.7,8.0,9.3,1.6,1.6,9.3,16.6,,1.0,0.6,1.6,.074,,-0.1,-1.4,-1.6,0.1
118,91,Wendell Carter,C,19,CHI,44,1110,15.3,.541,.086,.302,8.5,21.7,15.1,10.8,1.1,4.6,13.4,19.2,,0.7,1.2,1.9,.083,,-2.3,1.9,-0.4,0.5
119,92,Michael Carter-Williams,PG,27,HOU,16,145,12.8,.476,.311,.426,2.2,7.9,5.0,23.0,3.0,3.5,12.1,24.6,,0.0,0.2,0.1,.039,,-3.2,-0.8,-3.9,-0.1
120,93,Alex Caruso,PG,24,LAL,9,85,12.5,.674,.278,.444,2.5,8.3,5.5,10.9,0.0,2.8,4.4,11.0,,0.2,0.0,0.3,.145,,-0.6,-1.1,-1.8,0.0
121,94,Omri Casspi,SF,30,MEM,36,520,15.9,.606,.267,.360,3.6,21.6,12.5,8.2,1.9,1.7,11.0,18.2,,0.6,0.8,1.4,.127,,-1.9,0.4,-1.5,0.1
122,95,Willie Cauley-Stein,C,25,SAC,66,1842,17.7,.552,.003,.345,8.3,22.9,15.5,12.7,2.0,2.1,9.2,18.3,,2.8,2.6,5.3,.139,,-0.5,2.3,1.9,1.8
123,96,Troy Caupain,PG,23,ORL,2,9,33.1,.625,.500,.000,0.0,24.2,11.9,55.1,5.4,0.0,0.0,19.4,,0.1,0.0,0.1,.397,,9.3,2.2,11.5,0.0
124,97,Tyler Cavanaugh,PF,24,UTA,8,19,5.5,.436,.500,.333,5.7,17.0,11.4,0.0,0.0,0.0,12.7,17.7,,0.0,0.0,0.0,-0.026,,-8.1,-5.6,-13.7,-0.1
125,98,Tyson Chandler,C,36,TOT,53,846,11.5,.625,.010,.856,11.5,25.1,18.4,5.4,1.2,2.1,22.6,8.5,,1.0,1.1,2.1,.117,,-2.8,1.7,-1.1,0.2
126,98,Tyson Chandler,C,36,PHO,7,89,11.6,.653,.000,1.500,8.6,40.9,24.4,9.2,1.1,0.9,26.0,13.0,,0.1,0.1,0.2,.094,,-5.0,0.1,-4.8,-0.1
127,98,Tyson Chandler,C,36,LAL,46,757,11.4,.621,.012,.765,11.8,23.2,17.7,5.0,1.2,2.2,22.0,8.0,,0.9,1.0,1.9,.119,,-2.6,1.9,-0.6,0.3
128,99,Wilson Chandler,PF,31,TOT,37,960,9.1,.560,.569,.086,5.0,13.6,9.5,10.0,1.1,1.5,15.2,11.2,,0.6,0.9,1.5,.077,,-0.7,0.8,0.1,0.5
129,99,Wilson Chandler,PF,31,PHI,36,951,9.1,.561,.570,.087,5.1,13.5,9.4,10.0,1.1,1.5,15.4,11.2,,0.6,0.9,1.5,.077,,-0.7,0.8,0.1,0.5
130,99,Wilson Chandler,F,31,LAC,1,9,10.3,.500,.500,.000,0.0,22.8,11.8,15.1,0.0,0.0,0.0,9.4,,0.0,0.0,0.0,.082,,-2.3,-1.3,-3.6,0.0
131,100,Joe Chealey,PG,23,CHO,1,8,2.0,.333,.000,.000,0.0,0.0,0.0,17.6,0.0,0.0,0.0,16.1,,0.0,0.0,0.0,-0.076,,-8.8,-8.2,-17.0,0.0
132,Rk,Player,Pos,Age,Tm,G,MP,PER,TS%,3PAr,FTr,ORB%,DRB%,TRB%,AST%,STL%,BLK%,TOV%,USG%,,OWS,DWS,WS,WS/48,,OBPM,DBPM,BPM,VORP
133,101,Marquese Chriss,PF,21,TOT,29,335,8.6,.472,.467,.233,7.4,23.1,14.9,7.2,1.6,2.1,17.5,20.9,,-0.4,0.3,-0.2,-0.027,,-4.7,-1.3,-6.0,-0.3
134,101,Marquese Chriss,PF,21,HOU,16,104,3.5,.391,.441,.206,7.3,23.3,15.0,8.3,0.9,3.3,24.4,20.4,,-0.3,0.1,-0.2,-0.107,,-9.1,-0.6,-9.7,-0.2
135,101,Marquese Chriss,PF,21,CLE,13,231,10.9,.504,.477,.244,7.4,23.0,14.9,6.7,1.9,1.5,14.4,21.1,,-0.1,0.2,0.0,.009,,-2.7,-1.6,-4.4,-0.1
136,102,Gary Clark,PF,24,HOU,42,584,9.1,.492,.901,.058,3.7,16.4,9.9,4.0,1.4,3.7,3.9,9.6,,0.3,0.5,0.9,.071,,-2.3,0.6,-1.7,0.0
137,103,Ian Clark,SG,27,NOP,47,631,7.3,.514,.500,.083,1.5,8.3,5.0,11.8,0.9,0.5,15.5,17.3,,-0.3,0.2,-0.1,-0.006,,-2.8,-2.8,-5.5,-0.6
138,104,Jordan Clarkson,SG,26,CLE,66,1780,17.1,.544,.392,.159,4.0,10.3,7.0,16.0,1.3,0.6,9.9,28.0,,1.6,0.1,1.7,.046,,1.8,-3.4,-1.6,0.2
139,105,John Collins,PF,21,ATL,49,1463,22.2,.641,.185,.334,12.4,22.6,17.4,11.0,0.5,1.4,11.6,23.8,,4.3,0.7,5.1,.166,,3.0,-1.6,1.3,1.2
140,106,Zach Collins,C,21,POR,62,1093,12.8,.556,.299,.315,8.5,16.6,12.6,7.4,1.0,3.6,15.3,16.2,,0.9,1.2,2.2,.096,,-1.3,1.1,-0.2,0.5
141,107,Darren Collison,PG,31,IND,67,1893,16.7,.580,.306,.290,1.9,10.1,6.1,29.3,2.4,0.4,14.6,17.3,,3.6,2.6,6.2,.158,,1.2,0.0,1.3,1.6
142,108,Bonzie Colson,SF,23,MIL,1,3,-12.8,.000,1.000,.000,0.0,0.0,0.0,0.0,0.0,0.0,0.0,14.0,,0.0,0.0,0.0,-0.319,,-12.7,-4.2,-17.0,0.0
143,109,Mike Conley,PG,31,MEM,64,2134,21.0,.562,.378,.344,2.0,9.7,5.8,33.4,2.1,1.0,9.4,27.3,,4.6,2.5,7.1,.160,,4.4,-0.9,3.6,3.0
144,110,Pat Connaughton,SG,26,MIL,46,835,12.7,.541,.582,.101,5.2,13.5,9.6,13.7,1.0,2.0,8.5,13.6,,1.1,1.2,2.3,.133,,-0.1,0.9,0.8,0.6
145,111,Quinn Cook,PG,25,GSW,58,777,12.4,.531,.445,.061,2.7,13.5,8.3,15.3,1.1,0.3,8.9,20.2,,0.6,0.5,1.1,.067,,-0.8,-2.7,-3.4,-0.3
146,112,DeMarcus Cousins,C,28,GSW,19,484,19.7,.546,.270,.437,5.5,26.6,16.5,18.6,2.4,5.2,14.3,27.1,,0.4,0.9,1.3,.130,,-0.9,3.1,2.2,0.5
147,113,Robert Covington,SF,28,TOT,35,1203,13.4,.580,.622,.246,2.5,14.6,8.6,5.2,2.9,3.2,10.5,15.6,,1.0,1.6,2.6,.105,,0.5,2.0,2.6,1.4
148,113,Robert Covington,SF,28,PHI,13,440,11.0,.578,.658,.197,1.8,14.1,8.1,4.3,2.6,4.1,14.8,14.2,,0.0,0.7,0.7,.080,,-1.2,2.7,1.5,0.4
149,113,Robert Covington,SF,28,MIN,22,763,14.8,.580,.604,.269,2.9,14.8,8.8,5.8,3.1,2.7,8.4,16.4,,1.0,0.9,1.9,.120,,1.6,1.7,3.2,1.0
150,114,Allen Crabbe,SG,26,BRK,42,1098,8.0,.521,.692,.154,1.6,12.6,7.1,5.7,1.0,0.9,10.2,16.6,,-0.1,1.0,0.9,.038,,-1.8,-0.6,-2.5,-0.1
151,115,Torrey Craig,SF,28,DEN,59,1233,9.5,.518,.502,.177,6.8,12.5,9.6,5.5,1.3,2.7,11.3,12.5,,0.6,1.3,2.0,.077,,-1.5,0.8,-0.7,0.4
152,116,Jamal Crawford,SG,38,PHO,54,947,9.4,.479,.453,.235,0.9,7.1,3.9,26.9,1.4,0.9,18.1,20.0,,-0.6,0.1,-0.5,-0.027,,-3.5,-3.7,-7.2,-1.2
153,117,Mitch Creek,SF,26,BRK,4,36,21.6,.573,.100,.700,14.8,14.7,14.7,20.3,1.3,0.0,0.0,15.4,,0.2,0.0,0.2,.259,,3.3,-0.1,3.3,0.0
154,118,Jae Crowder,SF,28,UTA,65,1811,11.9,.531,.655,.247,3.3,15.8,9.6,9.0,1.4,1.1,8.8,19.0,,0.9,2.4,3.3,.087,,-0.1,0.3,0.2,1.0
155,119,Dante Cunningham,PF,31,SAS,58,875,10.8,.612,.416,.121,5.8,17.1,11.5,6.9,1.3,1.3,11.8,8.9,,1.1,0.7,1.9,.103,,-0.4,0.6,0.2,0.5
156,120,Seth Curry,SG,28,POR,60,1033,10.1,.587,.541,.106,2.0,6.4,4.2,7.1,1.2,0.7,12.3,15.6,,0.8,0.6,1.5,.068,,-0.2,-1.7,-2.0,0.0
157,Rk,Player,Pos,Age,Tm,G,MP,PER,TS%,3PAr,FTr,ORB%,DRB%,TRB%,AST%,STL%,BLK%,TOV%,USG%,,OWS,DWS,WS,WS/48,,OBPM,DBPM,BPM,VORP
158,121,Stephen Curry,PG,30,GSW,55,1890,24.3,.643,.600,.222,2.1,14.0,8.2,24.0,1.8,0.9,11.8,30.5,,5.9,1.7,7.6,.194,,7.7,-1.8,5.9,3.8
159,122,Troy Daniels,SG,27,PHO,37,478,10.9,.578,.719,.101,1.6,7.8,4.7,4.7,2.0,0.7,10.1,18.6,,0.1,0.1,0.3,.029,,-0.5,-3.3,-3.8,-0.2
160,123,Anthony Davis,C,25,NOP,52,1764,30.5,.597,.141,.433,9.6,27.5,18.7,19.1,2.2,6.0,8.2,29.5,,6.4,3.0,9.4,.255,,4.9,3.9,8.7,4.8
161,124,Ed Davis,C,29,BRK,68,1232,16.8,.621,.008,.528,15.6,34.3,25.0,6.4,1.2,1.7,15.2,12.7,,2.6,2.1,4.7,.182,,-1.5,1.8,0.3,0.7
162,125,Tyler Davis,C,21,OKC,1,1,0.0,.000,.000,.000,100.0,0.0,51.5,0.0,0.0,0.0,0.0,40.6,,0.0,0.0,0.0,-0.466,,-15.0,-20.5,-35.5,0.0
163,126,Dewayne Dedmon,C,29,ATL,56,1403,16.0,.603,.406,.224,6.9,24.5,15.5,8.3,1.9,3.9,13.2,16.8,,1.9,1.6,3.5,.119,,-0.4,1.6,1.2,1.1
164,127,Sam Dekker,SF-PF,24,TOT,40,658,14.8,.547,.211,.183,7.2,15.0,11.0,8.4,2.4,0.9,7.6,16.2,,0.7,0.4,1.2,.087,,-1.0,-0.6,-1.6,0.1
165,127,Sam Dekker,PF,24,CLE,9,169,14.0,.544,.271,.208,5.7,16.4,10.8,8.0,3.2,0.0,8.7,14.9,,0.2,0.1,0.3,.083,,-1.0,-0.3,-1.3,0.0
166,127,Sam Dekker,SF,24,WAS,31,489,15.1,.548,.194,.176,7.7,14.5,11.0,8.5,2.1,1.2,7.3,16.6,,0.6,0.3,0.9,.088,,-1.1,-0.7,-1.8,0.0
167,128,Angel Delgado,C,24,LAC,1,14,7.5,.307,.000,.500,15.7,14.6,15.1,0.0,3.4,0.0,0.0,14.7,,0.0,0.0,0.0,.017,,-6.4,-3.3,-9.7,0.0
168,129,Matthew Dellavedova,PG,28,TOT,48,812,11.1,.532,.537,.215,0.8,9.9,5.2,32.3,0.8,0.2,20.4,17.9,,0.5,0.0,0.5,.030,,-1.3,-4.1,-5.4,-0.7
169,129,Matthew Dellavedova,PG,28,MIL,12,97,7.6,.482,.579,.211,0.0,10.0,5.3,35.8,1.0,0.0,34.6,13.8,,0.0,0.1,0.1,.045,,-5.4,-3.0,-8.4,-0.2
170,129,Matthew Dellavedova,PG,28,CLE,36,715,11.6,.537,.534,.215,0.9,9.9,5.2,31.8,0.8,0.2,18.9,18.4,,0.5,-0.1,0.4,.028,,-0.7,-4.3,-5.0,-0.5
171,130,Luol Deng,SF,33,MIN,22,392,14.7,.588,.373,.297,5.4,14.6,10.0,6.4,1.8,1.7,9.5,15.7,,0.6,0.3,0.9,.107,,-0.1,-0.4,-0.5,0.1
172,131,DeMar DeRozan,SG,29,SAS,62,2185,19.1,.533,.038,.324,2.3,16.6,9.5,27.3,1.5,1.2,11.5,28.4,,2.5,1.9,4.4,.096,,0.1,0.3,0.4,1.3
173,132,Marcus Derrickson,PF,22,GSW,9,54,10.3,.543,.583,.167,10.3,5.7,7.9,2.6,0.0,1.6,10.4,22.6,,0.0,0.0,0.0,.037,,-0.9,-5.8,-6.7,-0.1
174,133,Cheick Diallo,PF,22,NOP,51,641,17.9,.641,.010,.284,8.9,29.8,19.5,3.9,1.7,3.5,14.6,16.7,,0.9,0.9,1.9,.139,,-2.5,0.4,-2.2,0.0
175,134,Hamidou Diallo,SG,20,OKC,46,517,10.5,.505,.142,.364,7.2,11.8,9.5,4.4,1.8,1.6,10.9,16.6,,0.1,0.7,0.8,.075,,-4.1,-0.4,-4.5,-0.3
176,135,Gorgui Dieng,C,29,MIN,61,794,16.7,.559,.165,.263,8.4,24.9,16.6,9.2,2.1,3.3,11.1,17.6,,1.1,1.1,2.2,.132,,-1.2,1.5,0.2,0.4
177,136,Spencer Dinwiddie,PG,25,BRK,55,1552,17.7,.597,.439,.422,1.5,7.8,4.7,28.2,1.0,0.7,13.6,25.2,,3.5,1.1,4.6,.142,,2.8,-2.2,0.6,1.0
178,137,Donte DiVincenzo,SG,22,MIL,26,398,9.2,.499,.667,.098,4.4,11.5,8.1,10.1,1.5,1.3,12.9,15.6,,0.0,0.6,0.6,.067,,-1.9,0.1,-1.8,0.0
179,138,Luka Doncic,SG,19,DAL,62,1997,19.7,.555,.437,.408,3.7,20.8,12.3,30.1,1.6,0.9,14.9,29.7,,2.3,2.3,4.6,.112,,3.0,0.9,3.9,3.0
180,139,Tyler Dorsey,SG,22,TOT,34,301,8.7,.474,.458,.280,4.2,15.7,9.9,9.0,1.2,0.3,10.4,18.5,,-0.1,0.2,0.0,.003,,-3.8,-2.7,-6.5,-0.3
181,139,Tyler Dorsey,SG,22,ATL,27,251,7.9,.448,.438,.292,3.7,14.7,9.1,9.4,1.3,0.3,9.1,17.9,,-0.1,0.1,0.0,-0.008,,-4.2,-2.7,-6.9,-0.3
182,139,Tyler Dorsey,SG,22,MEM,7,50,13.1,.607,.556,.222,6.7,20.6,13.6,6.7,1.0,0.0,16.8,21.4,,0.0,0.1,0.1,.059,,-1.9,-2.8,-4.7,0.0
183,140,Damyean Dotson,SG,24,NYK,58,1495,11.8,.529,.467,.152,2.2,13.1,7.5,10.1,1.6,0.4,7.3,17.1,,1.0,0.8,1.8,.057,,-0.5,-1.1,-1.6,0.2
184,Rk,Player,Pos,Age,Tm,G,MP,PER,TS%,3PAr,FTr,ORB%,DRB%,TRB%,AST%,STL%,BLK%,TOV%,USG%,,OWS,DWS,WS,WS/48,,OBPM,DBPM,BPM,VORP
185,141,PJ Dozier,SG,22,BOS,4,10,24.8,.583,.333,.000,21.3,21.6,21.4,0.0,0.0,0.0,0.0,25.9,,0.0,0.0,0.0,.205,,0.9,-10.9,-10.0,0.0
186,142,Goran Dragic,PG,32,MIA,20,528,14.3,.537,.378,.293,1.6,9.8,5.7,24.8,1.0,0.7,13.7,26.0,,0.4,0.4,0.8,.072,,-0.1,-2.4,-2.5,-0.1
187,143,Andre Drummond,C,25,DET,63,2088,23.1,.553,.043,.384,16.3,34.7,25.2,6.3,2.4,4.3,12.1,23.3,,3.0,4.6,7.6,.175,,-1.1,3.2,2.2,2.2
188,144,Jared Dudley,PF,33,BRK,48,994,6.8,.520,.638,.179,2.7,10.7,6.7,9.2,1.3,1.0,15.2,10.6,,0.1,0.9,1.0,.050,,-2.4,0.9,-1.4,0.1
189,145,Kris Dunn,PG,24,CHI,40,1221,12.1,.484,.186,.132,1.3,13.3,7.3,29.4,2.4,1.4,16.8,19.4,,-0.5,1.1,0.6,.023,,-2.3,0.5,-1.8,0.1
190,146,Kevin Durant,PF,30,GSW,65,2301,24.5,.625,.276,.380,1.5,18.1,10.1,25.1,1.0,2.7,12.1,30.0,,7.2,2.3,9.5,.199,,4.1,-0.2,4.0,3.5
191,147,Trevon Duval,PG,20,MIL,3,6,38.7,.833,.333,.000,0.0,16.2,8.6,59.1,0.0,0.0,0.0,21.0,,0.1,0.0,0.1,.543,,14.0,-4.1,9.9,0.0
192,148,Vince Edwards,SF,22,HOU,2,16,3.8,.375,1.000,.000,6.8,7.2,7.0,0.0,0.0,0.0,0.0,10.8,,0.0,0.0,0.0,-0.021,,-4.2,-5.9,-10.2,0.0
193,149,Henry Ellenson,PF,22,TOT,9,131,10.0,.485,.489,.170,1.5,26.8,13.7,7.8,1.8,0.0,7.3,17.7,,0.0,0.1,0.1,.047,,-3.7,-1.3,-5.0,-0.1
194,149,Henry Ellenson,PF,22,DET,2,25,14.8,.551,.400,.200,0.0,40.6,19.7,6.2,0.0,0.0,0.0,18.7,,0.0,0.0,0.1,.149,,-3.6,-2.6,-6.3,0.0
195,149,Henry Ellenson,PF,22,NYK,7,106,8.9,.467,.514,.162,1.9,23.5,12.3,8.2,2.3,0.0,9.2,17.5,,-0.1,0.1,0.0,.022,,-3.7,-1.0,-4.7,-0.1
196,150,Wayne Ellington,SG,31,TOT,37,833,10.3,.548,.830,.085,0.9,8.4,4.6,7.8,2.1,0.4,8.1,16.4,,0.5,0.9,1.4,.079,,0.3,-1.1,-0.8,0.3
197,150,Wayne Ellington,SG,31,MIA,25,533,10.9,.547,.842,.087,1.2,8.3,4.8,7.8,2.2,0.5,6.8,16.4,,0.4,0.5,1.0,.089,,0.7,-1.2,-0.5,0.2
198,150,Wayne Ellington,SG,31,DET,12,300,9.2,.551,.808,.081,0.4,8.6,4.4,7.9,1.8,0.3,10.5,16.4,,0.1,0.3,0.4,.062,,-0.4,-0.9,-1.2,0.1
199,151,Joel Embiid,C,24,PHI,55,1850,25.6,.593,.214,.548,8.1,33.8,21.4,17.3,0.9,4.4,13.4,33.3,,4.1,3.3,7.4,.193,,1.5,2.0,3.5,2.6
200,152,James Ennis,SF,28,TOT,49,1068,11.1,.599,.548,.274,4.7,10.4,7.5,4.2,1.8,1.4,8.9,12.3,,1.5,0.7,2.2,.100,,-0.4,-0.4,-0.8,0.3
201,152,James Ennis,SF,28,HOU,40,949,11.4,.622,.569,.275,4.2,9.7,6.9,4.1,2.0,1.4,8.9,11.8,,1.4,0.6,2.1,.105,,0.0,-0.2,-0.3,0.4
202,152,James Ennis,SF,28,PHI,9,119,9.0,.471,.432,.270,8.3,15.7,12.1,4.5,0.8,1.3,8.8,16.0,,0.0,0.1,0.1,.054,,-3.3,-1.9,-5.2,-0.1
203,153,Drew Eubanks,PF,21,SAS,18,90,18.6,.789,.000,.684,3.7,22.8,13.3,7.7,0.5,3.8,16.8,14.5,,0.3,0.1,0.4,.189,,-0.7,0.3,-0.4,0.0
204,154,Jacob Evans,SG,21,GSW,24,116,1.4,.334,.214,.036,2.9,8.0,5.5,15.6,0.4,0.7,19.8,13.0,,-0.2,0.0,-0.2,-0.067,,-7.1,-2.4,-9.6,-0.2
205,155,Jawun Evans,PG,22,PHO,7,64,0.8,.231,.154,.000,1.7,19.5,10.4,20.1,2.2,0.0,31.6,12.7,,-0.2,0.0,-0.2,-0.136,,-10.1,0.2,-9.9,-0.1
206,156,Tyreke Evans,SG,29,IND,57,1127,11.6,.481,.348,.230,2.9,11.9,7.5,17.2,2.3,1.2,14.0,26.4,,-1.3,1.7,0.4,.015,,-3.0,-0.3,-3.3,-0.4
207,157,Dante Exum,PG,23,UTA,40,651,12.0,.520,.255,.360,2.7,8.3,5.5,25.3,1.0,0.6,14.8,21.3,,0.4,0.6,1.0,.076,,-2.1,-1.6,-3.7,-0.3
208,158,Kenneth Faried,C,29,TOT,29,584,22.7,.632,.089,.394,15.0,23.8,19.3,5.3,1.1,2.9,9.7,20.4,,1.8,0.6,2.4,.201,,0.5,-0.9,-0.5,0.2
209,158,Kenneth Faried,C,29,BRK,12,118,20.7,.622,.119,.381,13.6,26.0,19.8,2.8,0.8,2.7,10.9,19.7,,0.3,0.2,0.4,.169,,-1.9,-1.6,-3.5,0.0
210,158,Kenneth Faried,C,29,HOU,17,466,23.2,.635,.082,.398,15.4,23.2,19.2,5.9,1.2,2.9,9.5,20.6,,1.6,0.5,2.0,.209,,1.1,-0.8,0.3,0.3
211,159,Derrick Favors,C,27,UTA,65,1524,21.2,.621,.138,.387,12.4,21.3,16.9,7.3,1.6,4.9,11.0,18.9,,3.6,2.9,6.5,.204,,0.8,3.1,3.9,2.3
212,160,Cristiano Felicio,C,26,CHI,46,465,12.8,.566,.018,.405,10.8,19.6,15.2,6.6,0.6,0.9,12.7,14.1,,0.6,0.3,0.8,.086,,-2.8,-1.3,-4.1,-0.2
213,Rk,Player,Pos,Age,Tm,G,MP,PER,TS%,3PAr,FTr,ORB%,DRB%,TRB%,AST%,STL%,BLK%,TOV%,USG%,,OWS,DWS,WS,WS/48,,OBPM,DBPM,BPM,VORP
214,161,Raymond Felton,PG,34,OKC,24,283,11.8,.506,.411,.121,1.1,7.8,4.4,19.0,1.3,1.5,9.6,17.9,,0.2,0.3,0.5,.085,,-2.4,-1.9,-4.3,-0.2
215,162,Terrance Ferguson,SG,20,OKC,59,1491,6.3,.559,.658,.106,1.7,5.4,3.5,4.3,1.0,0.8,8.7,10.6,,0.9,1.3,2.2,.069,,-1.6,-0.5,-2.2,-0.1
216,163,Yogi Ferrell,PG,25,SAC,56,815,12.9,.542,.405,.182,1.5,10.0,5.7,18.1,1.6,0.4,8.8,16.1,,1.0,0.6,1.6,.094,,-0.6,-1.5,-2.1,0.0
217,164,Dorian Finney-Smith,SF,25,DAL,66,1669,11.0,.542,.472,.214,7.6,13.2,10.4,5.7,1.8,1.6,12.4,13.7,,1.0,1.7,2.8,.080,,-1.0,1.2,0.1,0.9
218,165,Bryn Forbes,PG,25,SAS,67,1879,11.3,.568,.519,.106,0.8,10.5,5.7,10.5,1.0,0.1,9.3,17.8,,1.5,0.9,2.4,.062,,0.6,-2.0,-1.4,0.3
219,166,Evan Fournier,SG,26,ORL,67,2110,11.6,.525,.434,.156,1.7,8.9,5.2,17.8,1.4,0.4,12.2,22.2,,0.1,1.9,2.0,.045,,-0.7,-1.3,-1.9,0.0
220,167,De'Aaron Fox,PG,21,SAC,65,2068,17.8,.548,.212,.388,1.7,10.4,5.9,32.8,2.4,1.4,15.6,24.5,,2.4,2.1,4.5,.105,,1.0,-0.1,0.9,1.5
221,168,Melvin Frazier,SG,22,ORL,7,32,5.6,.429,.214,.000,6.6,3.4,5.0,0.0,1.5,0.0,6.7,20.5,,-0.1,0.0,0.0,-0.047,,-6.9,-4.9,-11.8,-0.1
222,169,Tim Frazier,PG,28,NOP,47,909,11.7,.552,.395,.210,3.7,11.9,7.9,27.9,1.3,0.4,22.0,12.4,,1.1,0.5,1.6,.084,,-0.7,-1.3,-2.0,0.0
223,170,Channing Frye,C,35,CLE,31,297,9.4,.533,.688,.125,1.4,16.7,8.8,9.0,0.8,1.5,9.0,16.4,,0.1,0.1,0.2,.032,,-1.6,-2.6,-4.2,-0.2
224,171,Markelle Fultz,PG,20,PHI,19,427,10.5,.452,.090,.239,6.7,10.7,8.8,19.7,1.9,0.9,12.7,19.3,,-0.1,0.4,0.3,.039,,-2.9,0.1,-2.8,-0.1
225,172,Danilo Gallinari,SF,30,LAC,57,1731,20.3,.630,.430,.453,3.0,17.2,10.4,12.1,1.0,0.9,8.6,23.3,,5.2,1.5,6.7,.185,,3.9,-1.2,2.7,2.0
226,173,Langston Galloway,SG,27,DET,64,1352,10.7,.539,.659,.152,2.8,8.5,5.6,7.3,1.0,0.4,4.3,16.1,,1.6,1.1,2.7,.095,,0.3,-1.3,-1.1,0.3
227,174,Marc Gasol,C,34,TOT,65,2062,16.9,.536,.302,.289,3.8,25.3,14.4,22.8,1.7,3.4,13.5,22.0,,1.2,3.6,4.8,.112,,-0.4,3.3,2.9,2.5
228,174,Marc Gasol,C,34,MEM,53,1788,17.1,.541,.324,.294,3.5,25.6,14.4,22.9,1.7,3.4,13.4,22.4,,1.0,3.1,4.1,.111,,-0.2,3.3,3.1,2.3
229,174,Marc Gasol,C,34,TOR,12,274,15.6,.507,.147,.253,5.6,23.3,14.6,22.0,1.9,3.3,14.6,19.2,,0.2,0.5,0.7,.115,,-1.8,3.5,1.7,0.3
230,175,Pau Gasol,C,38,TOT,30,360,16.7,.529,.138,.426,6.7,34.3,20.7,19.2,0.7,3.5,12.5,15.5,,0.5,0.5,1.0,.139,,-1.9,2.6,0.6,0.2
231,175,Pau Gasol,C,38,SAS,27,330,18.1,.544,.114,.432,7.3,34.4,21.0,20.2,0.7,3.6,11.8,15.8,,0.6,0.5,1.1,.157,,-1.2,2.6,1.5,0.3
232,175,Pau Gasol,C,38,MIL,3,30,1.7,.291,.500,.333,0.0,32.4,17.1,7.7,0.0,2.8,22.5,12.4,,-0.1,0.1,0.0,-0.062,,-10.6,1.6,-9.0,-0.1
233,176,Rudy Gay,PF,32,SAS,55,1490,18.2,.594,.240,.202,3.7,22.5,13.2,14.6,1.5,1.8,11.7,21.9,,2.3,1.6,3.9,.126,,0.9,0.6,1.5,1.3
234,177,Paul George,SF,28,OKC,63,2306,23.9,.586,.462,.345,3.8,19.5,11.5,18.1,2.9,1.0,9.9,29.6,,6.1,4.1,10.1,.211,,5.0,0.8,5.8,4.5
235,178,Taj Gibson,PF,33,MIN,66,1617,17.9,.615,.066,.318,10.7,18.3,14.5,7.1,1.5,2.0,10.6,17.0,,3.6,1.4,5.1,.150,,1.0,0.3,1.2,1.3
236,179,Harry Giles,PF,20,SAC,53,735,14.0,.522,.019,.278,8.2,20.3,14.1,14.5,1.8,2.1,15.6,23.4,,-0.1,0.9,0.9,.056,,-3.3,0.8,-2.4,-0.1
237,180,Shai Gilgeous-Alexander,PG,20,LAC,68,1739,12.3,.545,.197,.267,2.9,8.1,5.6,16.5,2.0,1.7,16.3,18.1,,0.6,1.5,2.1,.058,,-1.2,0.4,-0.8,0.5
238,Rk,Player,Pos,Age,Tm,G,MP,PER,TS%,3PAr,FTr,ORB%,DRB%,TRB%,AST%,STL%,BLK%,TOV%,USG%,,OWS,DWS,WS,WS/48,,OBPM,DBPM,BPM,VORP
239,181,Rudy Gobert,C,26,UTA,66,2096,24.1,.670,.000,.731,13.0,30.5,21.8,10.1,1.3,5.8,12.3,17.6,,6.7,4.5,11.2,.257,,1.7,5.1,6.8,4.7
240,182,Brandon Goodwin,PG,23,DEN,16,57,8.4,.413,.261,.478,1.9,3.8,2.9,31.8,0.0,0.0,9.7,22.9,,0.0,0.0,0.0,.025,,-4.3,-6.5,-10.8,-0.1
241,183,Aaron Gordon,PF,23,ORL,64,2151,14.9,.531,.330,.256,5.2,18.7,11.8,16.5,1.0,1.8,12.1,22.2,,1.1,2.6,3.7,.083,,-0.5,0.9,0.5,1.4
242,184,Eric Gordon,SG,30,HOU,54,1758,12.1,.535,.609,.179,1.0,7.6,4.2,10.3,1.0,1.1,8.2,22.5,,1.2,0.5,1.7,.047,,-0.2,-3.1,-3.3,-0.6
243,185,Marcin Gortat,C,34,LAC,47,751,12.9,.562,.000,.258,9.8,26.5,18.4,12.1,0.4,2.5,19.4,14.5,,0.6,0.9,1.5,.093,,-2.4,1.5,-0.9,0.2
244,186,Devonte' Graham,PG,23,CHO,33,439,10.4,.483,.585,.162,1.0,9.2,5.0,22.6,1.9,0.4,12.6,17.0,,0.1,0.3,0.4,.039,,-1.5,-2.4,-3.9,-0.2
245,187,Treveon Graham,SG,25,BRK,26,559,5.3,.446,.651,.121,3.4,11.5,7.5,5.8,0.7,1.0,8.7,13.0,,-0.2,0.4,0.2,.017,,-3.3,-0.3,-3.6,-0.2
246,188,Jerami Grant,PF,24,OKC,65,2107,14.1,.601,.331,.298,3.5,13.0,8.2,4.2,1.2,3.3,6.5,14.8,,3.5,2.8,6.3,.143,,-0.5,1.2,0.6,1.4
247,189,Jerian Grant,PG,26,ORL,53,880,10.8,.524,.495,.192,2.2,9.3,5.7,22.6,2.4,0.6,18.6,13.1,,0.4,1.0,1.5,.080,,-2.0,0.1,-1.9,0.0
248,190,Donte Grantham,SF,23,OKC,3,2,-38.0,.000,1.000,.000,0.0,0.0,0.0,0.0,0.0,0.0,0.0,40.6,,0.0,0.0,0.0,-0.946,,-25.3,-13.6,-38.9,0.0
249,191,Danny Green,SG,31,TOR,66,1861,12.0,.610,.677,.063,3.1,12.2,7.7,6.8,1.5,1.9,10.3,13.8,,2.1,2.2,4.3,.112,,1.2,1.1,2.3,2.0
250,192,Draymond Green,PF,28,GSW,51,1589,12.8,.510,.389,.223,3.4,21.6,12.8,27.7,2.3,2.6,26.6,12.8,,0.9,2.3,3.2,.096,,-1.4,3.1,1.8,1.5
251,193,Gerald Green,SG,33,HOU,63,1342,11.7,.562,.756,.119,2.3,12.1,7.1,4.5,1.0,1.5,8.4,19.3,,1.1,0.6,1.7,.061,,-0.4,-2.9,-3.4,-0.5
252,194,JaMychal Green,PF,28,TOT,53,1128,14.9,.579,.350,.239,8.9,24.4,16.6,5.8,1.8,2.6,15.0,20.0,,0.6,1.9,2.4,.103,,-1.9,0.5,-1.5,0.2
253,194,JaMychal Green,PF,28,MEM,41,900,15.1,.580,.308,.256,8.9,22.9,15.8,6.6,1.8,2.8,15.6,20.6,,0.4,1.5,1.9,.102,,-2.0,0.9,-1.1,0.2
254,194,JaMychal Green,PF,28,LAC,12,228,14.0,.574,.519,.169,8.7,30.1,19.8,2.5,1.5,2.1,12.7,17.5,,0.2,0.3,0.5,.108,,-1.6,-1.2,-2.9,0.0
255,195,Jeff Green,PF,32,WAS,65,1819,13.6,.610,.462,.300,3.1,13.8,8.3,9.6,0.9,1.5,11.5,17.5,,2.6,0.6,3.2,.086,,0.3,-1.4,-1.1,0.4
256,196,Blake Griffin,PF,29,DET,64,2270,21.2,.587,.375,.412,4.1,20.4,12.0,26.9,0.9,0.9,14.2,30.1,,4.6,2.6,7.2,.152,,4.3,0.6,4.9,3.9
257,197,Daniel Hamilton,SG,23,ATL,19,204,7.2,.455,.383,.100,5.1,19.7,12.3,14.7,1.4,0.4,20.3,15.7,,-0.2,0.1,-0.1,-0.022,,-4.9,-0.9,-5.8,-0.2
258,198,Tim Hardaway,SG,26,TOT,60,1903,13.8,.526,.480,.291,1.7,9.9,5.7,12.8,1.3,0.3,8.8,25.4,,1.1,0.8,1.9,.047,,0.6,-2.8,-2.2,-0.1
259,198,Tim Hardaway,SG,26,NYK,46,1499,14.5,.531,.464,.321,1.8,9.8,5.6,13.3,1.3,0.3,8.9,25.7,,1.2,0.5,1.7,.053,,1.1,-3.0,-1.9,0.0
260,198,Tim Hardaway,SG,26,DAL,14,404,11.5,.505,.539,.176,1.6,10.5,6.1,11.1,1.3,0.2,8.4,24.1,,-0.1,0.3,0.2,.025,,-1.0,-2.4,-3.5,-0.2
261,199,James Harden,SG,29,HOU,63,2348,29.9,.611,.544,.457,2.6,17.3,9.8,39.1,2.8,1.7,15.0,40.4,,8.8,2.7,11.5,.235,,10.2,0.7,10.9,7.7
262,200,Maurice Harkless,SF,25,POR,46,1030,12.5,.544,.324,.167,5.6,14.8,10.3,6.2,2.4,2.9,10.1,13.5,,0.9,1.4,2.3,.106,,-0.7,2.3,1.6,0.9
263,Rk,Player,Pos,Age,Tm,G,MP,PER,TS%,3PAr,FTr,ORB%,DRB%,TRB%,AST%,STL%,BLK%,TOV%,USG%,,OWS,DWS,WS,WS/48,,OBPM,DBPM,BPM,VORP
264,201,Montrezl Harrell,C,25,LAC,68,1789,23.2,.636,.018,.462,9.5,16.8,13.3,11.7,1.6,4.0,10.7,22.8,,5.1,2.3,7.3,.197,,2.6,1.7,4.3,2.9
265,202,Devin Harris,PG,35,DAL,53,803,10.6,.533,.562,.407,1.2,9.5,5.4,14.0,2.0,1.3,13.1,18.7,,0.3,0.8,1.0,.062,,-1.6,-0.6,-2.3,-0.1
266,203,Gary Harris,SG,24,DEN,40,1148,13.2,.528,.387,.252,2.7,8.4,5.5,12.6,1.6,1.2,8.5,21.0,,1.1,1.0,2.1,.090,,-0.2,-1.2,-1.4,0.2
267,204,Joe Harris,SG,27,BRK,64,1914,13.6,.644,.514,.176,2.4,10.3,6.4,12.8,0.8,0.6,13.3,17.1,,3.2,1.4,4.6,.116,,1.5,-0.6,0.9,1.4
268,205,Tobias Harris,PF-SF,26,TOT,68,2366,18.4,.609,.317,.244,2.3,21.1,12.0,12.4,0.9,1.1,10.0,23.1,,4.3,2.4,6.7,.137,,1.7,-0.4,1.3,2.0
269,205,Tobias Harris,PF,26,LAC,55,1903,18.4,.605,.302,.256,2.1,21.3,12.0,12.6,1.0,1.0,10.3,23.5,,3.4,1.9,5.3,.133,,1.8,-0.3,1.4,1.6
270,205,Tobias Harris,SF,26,PHI,13,463,18.1,.625,.381,.193,2.9,20.6,12.0,11.6,0.6,1.5,8.6,21.2,,1.0,0.5,1.4,.149,,1.6,-0.8,0.8,0.3
271,206,Andrew Harrison,SG-PG,24,TOT,17,187,5.8,.443,.472,.340,3.4,8.4,5.8,17.2,1.1,0.9,16.5,16.9,,-0.1,0.0,-0.1,-0.024,,-3.7,-2.7,-6.4,-0.2
272,206,Andrew Harrison,PG,24,MEM,1,5,4.6,.500,.500,.000,0.0,0.0,0.0,0.0,0.0,0.0,0.0,18.0,,0.0,0.0,0.0,-0.007,,-4.1,-6.0,-10.1,0.0
273,206,Andrew Harrison,SG,24,CLE,10,144,6.6,.467,.359,.410,3.0,8.8,5.8,16.5,1.4,1.2,17.8,17.0,,-0.1,0.0,-0.1,-0.018,,-4.0,-2.1,-6.1,-0.2
274,206,Andrew Harrison,SG,24,NOP,6,38,3.1,.349,.833,.167,5.6,8.1,6.9,22.2,0.0,0.0,13.4,16.1,,0.0,0.0,0.0,-0.047,,-2.9,-4.3,-7.2,-0.1
275,207,Shaquille Harrison,PG,25,CHI,59,1026,11.9,.487,.252,.365,2.3,13.8,8.1,14.5,3.1,1.8,10.9,15.7,,0.0,1.1,1.1,.053,,-2.7,1.4,-1.3,0.2
276,208,Josh Hart,SG,23,LAL,63,1626,9.5,.527,.585,.176,2.3,12.7,7.6,6.9,1.7,1.9,10.2,13.7,,0.3,1.7,2.0,.059,,-1.6,0.9,-0.8,0.5
277,209,Isaiah Hartenstein,PF,20,HOU,27,220,10.0,.562,.146,.341,10.4,13.6,11.9,8.9,1.6,4.7,21.6,11.8,,0.2,0.2,0.4,.091,,-3.0,2.0,-1.0,0.1
278,210,Udonis Haslem,C,38,MIA,7,28,-3.0,.286,.429,.000,3.8,27.0,15.4,0.0,0.0,0.0,22.2,13.7,,-0.1,0.0,-0.1,-0.133,,-13.0,-5.0,-18.0,-0.1
279,211,Gordon Hayward,PF,28,BOS,62,1603,15.1,.559,.386,.273,3.2,15.0,9.1,18.8,1.7,1.2,13.0,18.9,,2.0,2.0,4.0,.120,,0.0,0.6,0.6,1.0
280,212,John Henson,C,28,MIL,14,188,17.3,.553,.463,.149,9.3,28.4,19.4,10.2,1.7,4.9,14.4,18.7,,0.1,0.4,0.6,.149,,-1.6,3.1,1.5,0.2
281,213,Juan Hernangomez,PF,23,DEN,60,1265,11.5,.590,.572,.283,5.3,16.4,10.8,5.0,1.0,1.6,9.5,12.4,,1.7,1.3,2.9,.111,,-0.5,-0.2,-0.7,0.4
282,214,Willy Hernangomez,C,24,CHO,48,655,20.1,.586,.125,.467,15.1,27.7,21.3,10.9,0.9,2.1,14.0,22.0,,1.4,0.7,2.1,.151,,-0.1,-0.5,-0.6,0.2
283,215,Mario Hezonja,SF,23,NYK,48,916,9.7,.474,.337,.218,2.3,18.5,10.1,8.3,2.4,0.6,12.6,20.5,,-1.1,0.8,-0.2,-0.012,,-4.2,-0.6,-4.8,-0.7
284,216,Isaiah Hicks,PF,24,NYK,1,4,13.8,.568,,,0.0,0.0,0.0,31.2,0.0,0.0,0.0,9.3,,0.0,0.0,0.0,.133,,-4.2,-10.4,-14.6,0.0
285,217,Buddy Hield,SG,26,SAC,66,2116,17.3,.589,.465,.150,4.3,12.6,8.4,11.4,0.9,1.1,9.9,25.3,,3.2,1.4,4.6,.105,,2.8,-1.9,1.0,1.6
286,218,Haywood Highsmith,SF,22,PHI,2,9,17.4,.750,1.000,.000,0.0,11.5,5.9,30.0,0.0,0.0,0.0,9.3,,0.0,0.0,0.0,.231,,3.4,-4.9,-1.4,0.0
287,219,Nene Hilario,C,36,HOU,35,459,13.1,.592,.022,.430,6.4,19.8,12.9,6.6,1.7,2.6,7.5,11.3,,0.8,0.5,1.3,.135,,-2.5,0.9,-1.6,0.1
288,220,George Hill,PG,32,TOT,47,1037,11.6,.544,.404,.202,3.1,8.2,5.8,14.4,2.0,0.6,11.5,14.3,,1.0,1.0,2.1,.095,,-0.8,-0.2,-1.0,0.3
289,220,George Hill,PG,32,CLE,13,344,13.5,.604,.262,.187,3.7,5.0,4.4,16.4,1.7,0.3,14.7,17.3,,0.5,0.0,0.5,.068,,0.3,-2.5,-2.2,0.0
290,220,George Hill,PG,32,MIL,34,693,10.6,.507,.491,.211,2.8,9.8,6.5,13.4,2.1,0.7,9.5,12.8,,0.5,1.0,1.6,.109,,-1.3,0.9,-0.4,0.3
291,Rk,Player,Pos,Age,Tm,G,MP,PER,TS%,3PAr,FTr,ORB%,DRB%,TRB%,AST%,STL%,BLK%,TOV%,USG%,,OWS,DWS,WS,WS/48,,OBPM,DBPM,BPM,VORP
292,221,Solomon Hill,SF,27,NOP,37,739,6.9,.487,.547,.197,4.6,11.2,8.0,7.4,1.3,1.0,13.9,9.6,,0.1,0.4,0.5,.034,,-1.9,0.1,-1.8,0.0
293,222,Aaron Holiday,PG,22,IND,41,466,11.9,.495,.490,.172,1.0,11.9,6.6,18.2,1.7,2.3,11.3,23.2,,-0.1,0.7,0.5,.054,,-2.0,-0.7,-2.8,-0.1
294,223,Jrue Holiday,SG,28,NOP,67,2402,19.6,.555,.313,.234,3.3,11.1,7.3,31.7,2.1,1.8,14.1,25.5,,3.8,2.0,5.7,.114,,3.0,-0.1,2.9,3.0
295,224,Justin Holiday,SG,29,TOT,68,2144,9.3,.503,.602,.130,1.7,12.5,7.1,8.4,2.2,1.3,11.5,15.4,,-0.9,2.1,1.2,.028,,-1.8,0.7,-1.0,0.5
296,224,Justin Holiday,SG,29,CHI,38,1325,11.0,.531,.685,.117,1.6,12.4,7.0,9.2,2.5,1.4,10.2,15.3,,0.2,1.1,1.3,.048,,0.0,0.8,0.8,0.9
297,224,Justin Holiday,SG,29,MEM,30,819,6.4,.457,.459,.152,1.9,12.6,7.2,7.2,1.8,1.2,13.7,15.7,,-1.1,1.0,-0.1,-0.005,,-4.6,0.6,-4.0,-0.4
298,225,John Holland,SF,30,CLE,1,1,0.0,,,,0.0,0.0,0.0,0.0,0.0,0.0,,0.0,,0.0,0.0,0.0,-0.031,,-6.4,-0.9,-7.3,0.0
299,226,Rondae Hollis-Jefferson,SF,24,BRK,54,1147,12.0,.463,.108,.387,6.6,18.8,12.7,11.5,1.5,1.7,10.3,21.0,,-0.4,1.5,1.1,.046,,-4.3,1.0,-3.3,-0.4
300,227,Richaun Holmes,C,25,PHO,62,1020,20.8,.658,.000,.458,10.7,19.9,15.2,7.7,1.7,5.8,10.8,17.5,,2.8,1.0,3.8,.177,,0.1,1.7,1.8,1.0
301,228,Rodney Hood,SG,26,TOT,58,1511,12.5,.544,.351,.243,1.4,8.3,4.7,10.4,1.6,0.4,6.6,18.4,,1.8,0.3,2.0,.065,,-0.2,-2.3,-2.5,-0.2
302,228,Rodney Hood,SG,26,CLE,45,1234,13.0,.542,.335,.251,1.6,8.8,5.0,11.6,1.5,0.3,6.7,19.1,,1.5,0.1,1.6,.062,,-0.1,-2.6,-2.7,-0.2
303,228,Rodney Hood,SG,26,POR,13,277,10.3,.552,.440,.202,0.8,6.0,3.5,4.9,1.9,0.6,6.2,14.9,,0.2,0.2,0.5,.079,,-0.8,-1.2,-1.9,0.0
304,229,Al Horford,C,32,BOS,58,1664,19.8,.598,.296,.115,6.7,18.5,12.6,20.6,1.5,4.2,12.2,18.7,,3.6,2.6,6.2,.178,,1.9,3.1,5.0,2.9
305,230,Danuel House,SF,25,HOU,25,620,12.5,.631,.645,.355,3.5,12.8,8.0,6.1,1.1,1.4,11.4,14.1,,1.0,0.3,1.4,.106,,0.0,-1.2,-1.2,0.1
306,231,Dwight Howard,C,33,WAS,9,230,17.4,.638,.000,.696,11.2,28.4,19.7,2.5,1.4,1.5,15.1,19.6,,0.4,0.2,0.6,.125,,-3.0,-2.3,-5.3,-0.2
307,232,Kevin Huerter,SG,20,ATL,62,1686,10.0,.540,.547,.103,2.9,10.0,6.4,14.1,1.5,1.0,14.5,15.5,,0.6,0.6,1.2,.035,,-0.9,-1.1,-2.0,0.0
308,233,Chandler Hutchison,SF,22,CHI,44,895,8.8,.507,.239,.182,3.8,18.9,11.3,5.4,1.2,0.6,10.0,12.3,,0.0,0.6,0.6,.032,,-3.9,-0.4,-4.2,-0.5
309,234,Serge Ibaka,C,29,TOR,64,1790,18.3,.576,.195,.210,8.4,22.8,15.7,8.0,0.7,4.1,10.7,22.4,,2.5,2.7,5.2,.140,,-0.6,1.3,0.7,1.2
310,235,Andre Iguodala,SF,35,GSW,58,1371,13.5,.596,.477,.244,3.2,13.7,8.7,16.7,1.8,2.9,12.6,10.3,,2.3,1.5,3.7,.131,,0.5,1.7,2.1,1.4
311,236,Ersan Ilyasova,PF,31,MIL,54,957,12.9,.555,.409,.179,9.7,16.1,13.1,6.2,1.4,1.2,10.0,16.2,,1.3,1.5,2.8,.138,,-0.6,0.1,-0.5,0.4
312,237,Joe Ingles,SF,31,UTA,66,2094,12.5,.561,.586,.171,1.5,11.9,6.7,24.6,1.9,0.7,17.9,17.2,,1.4,2.8,4.2,.096,,0.4,0.8,1.2,1.7
313,238,Brandon Ingram,SF,21,LAL,52,1760,13.6,.555,.129,.396,2.5,13.0,7.9,12.9,0.7,1.4,13.1,23.2,,0.7,1.3,2.0,.055,,-2.1,-0.7,-2.8,-0.4
314,239,Kyrie Irving,PG,26,BOS,56,1838,24.7,.602,.340,.190,3.5,12.4,7.9,35.7,2.3,1.3,11.9,29.0,,5.5,2.5,8.0,.208,,6.2,0.4,6.6,4.0
315,240,Jonathan Isaac,PF,21,ORL,62,1648,13.0,.545,.404,.244,5.1,16.8,10.9,5.3,1.4,4.2,10.6,16.0,,0.8,2.4,3.2,.095,,-2.1,2.1,0.0,0.8
316,Rk,Player,Pos,Age,Tm,G,MP,PER,TS%,3PAr,FTr,ORB%,DRB%,TRB%,AST%,STL%,BLK%,TOV%,USG%,,OWS,DWS,WS,WS/48,,OBPM,DBPM,BPM,VORP
317,241,Wesley Iwundu,SF,24,ORL,54,963,7.8,.508,.269,.402,3.0,13.7,8.2,7.5,1.1,1.6,12.8,13.4,,0.0,1.0,1.0,.052,,-4.2,0.6,-3.5,-0.4
318,242,Demetrius Jackson,PG,24,PHI,6,39,21.0,.656,.400,.267,5.6,2.7,4.1,19.8,2.4,0.0,5.6,19.1,,0.2,0.0,0.2,.235,,4.4,-3.2,1.2,0.0
319,243,Frank Jackson,PG,20,NOP,54,931,9.3,.520,.382,.143,2.5,10.5,6.6,7.2,1.1,0.1,9.4,17.8,,0.1,0.4,0.4,.022,,-2.1,-2.6,-4.8,-0.7
320,244,Jaren Jackson,PF,19,MEM,58,1515,16.5,.591,.241,.334,5.4,15.1,10.1,7.3,1.7,5.2,12.7,23.0,,1.2,2.4,3.6,.113,,-1.3,1.7,0.4,0.9
321,245,Josh Jackson,SG,21,PHO,68,1634,10.4,.483,.261,.261,3.7,15.7,9.6,14.6,1.9,2.3,16.8,24.3,,-2.6,1.0,-1.6,-0.047,,-4.6,-0.4,-5.0,-1.2
322,246,Justin Jackson,SF,23,TOT,65,1258,9.9,.539,.531,.169,2.4,11.2,6.8,7.6,1.0,1.0,5.9,13.4,,1.1,0.8,1.9,.071,,-1.1,-0.9,-2.0,0.0
323,246,Justin Jackson,SF,23,SAC,52,1083,10.1,.546,.539,.169,2.3,11.7,6.9,8.1,1.0,1.0,6.5,12.9,,1.0,0.7,1.7,.075,,-0.9,-0.6,-1.5,0.1
324,246,Justin Jackson,SF,23,DAL,13,175,9.1,.505,.492,.164,3.1,8.5,5.8,4.3,0.8,0.5,3.0,16.5,,0.1,0.1,0.2,.048,,-2.4,-2.6,-5.0,-0.1
325,247,Reggie Jackson,PG,28,DET,66,1881,15.4,.558,.451,.231,2.0,8.0,4.9,24.2,1.2,0.3,11.1,23.3,,3.1,1.6,4.7,.120,,2.0,-1.8,0.2,1.1
326,248,LeBron James,SF,34,LAL,48,1699,25.9,.593,.305,.393,3.1,21.8,12.7,37.9,1.8,1.4,13.1,30.9,,4.4,2.2,6.6,.187,,6.2,1.8,8.0,4.3
327,249,Amile Jefferson,PF,25,ORL,5,20,13.8,.521,.000,1.000,10.6,27.2,18.8,0.0,2.4,0.0,0.0,12.6,,0.0,0.0,0.1,.184,,-5.6,-3.7,-9.2,0.0
328,250,John Jenkins,SG,27,TOT,13,136,8.3,.524,.489,.089,1.5,8.0,4.6,5.5,0.0,0.6,7.9,15.8,,0.0,0.0,0.0,-0.008,,-2.9,-4.0,-6.9,-0.2
329,250,John Jenkins,SG,27,WAS,4,14,20.4,1.500,1.000,.000,0.0,7.9,3.9,9.8,0.0,0.0,0.0,6.1,,0.1,0.0,0.1,.200,,7.4,-5.2,2.2,0.0
330,250,John Jenkins,SG,27,NYK,9,122,7.0,.480,.465,.093,1.7,8.0,4.7,5.0,0.0,0.7,8.2,16.9,,-0.1,0.0,-0.1,-0.032,,-4.1,-3.9,-8.0,-0.2
331,251,Jonas Jerebko,PF,31,GSW,60,1046,13.3,.587,.529,.222,7.1,19.2,13.4,10.2,0.8,1.0,10.2,14.8,,1.8,0.9,2.7,.125,,0.6,-1.0,-0.4,0.4
332,252,Alize Johnson,PF,22,IND,11,32,-0.5,.255,.200,.400,3.6,23.7,13.9,0.0,0.0,2.8,0.0,16.1,,-0.1,0.0,-0.1,-0.101,,-12.8,-4.2,-17.0,-0.1
333,253,Amir Johnson,C,31,PHI,43,442,12.6,.582,.250,.273,9.2,19.9,14.7,16.5,1.6,1.9,22.9,18.2,,0.2,0.6,0.8,.089,,-1.8,1.0,-0.7,0.1
334,254,B.J. Johnson,SF,23,ATL,4,39,13.5,.654,.462,.000,5.4,16.7,10.9,0.0,2.4,0.0,13.3,15.7,,0.0,0.0,0.1,.071,,-2.7,-4.8,-7.4,-0.1
335,255,James Johnson,PF,31,MIA,41,854,10.9,.517,.374,.163,2.0,14.4,8.2,16.4,1.5,2.0,14.8,18.2,,0.0,1.0,1.0,.056,,-2.6,0.5,-2.1,0.0
336,256,Stanley Johnson,SF,22,TOT,57,1057,9.0,.465,.505,.141,3.2,17.4,10.1,9.9,2.5,1.0,14.0,19.1,,-1.1,1.5,0.4,.018,,-3.4,1.0,-2.5,-0.1
337,256,Stanley Johnson,SF,22,DET,48,961,9.8,.482,.519,.146,2.8,17.6,9.9,9.3,2.4,1.1,12.9,19.0,,-0.7,1.4,0.7,.036,,-3.0,1.1,-1.9,0.0
338,256,Stanley Johnson,SF,22,NOP,9,96,1.1,.277,.364,.091,7.7,15.0,11.4,15.4,2.9,0.0,24.3,19.4,,-0.4,0.1,-0.3,-0.164,,-8.0,0.1,-7.8,-0.1
339,257,Tyler Johnson,PG-SG,26,TOT,56,1497,12.6,.530,.492,.238,2.4,9.9,6.1,16.0,1.8,1.6,11.4,18.4,,1.0,1.3,2.3,.073,,-0.5,-0.5,-1.0,0.4
340,257,Tyler Johnson,PG,26,MIA,44,1123,12.4,.540,.509,.219,1.8,9.8,5.8,14.8,1.7,1.7,12.5,19.1,,0.6,1.2,1.7,.074,,-0.6,-0.3,-1.0,0.3
341,257,Tyler Johnson,SG,26,PHO,12,374,13.2,.495,.435,.304,4.1,10.3,7.2,19.5,1.8,1.3,7.1,16.1,,0.4,0.1,0.6,.071,,-0.2,-1.0,-1.1,0.1
342,258,Wesley Johnson,SF,31,TOT,35,512,5.8,.481,.610,.130,2.5,11.4,7.0,5.6,1.3,1.8,12.2,12.0,,-0.2,0.3,0.1,.007,,-3.2,-0.7,-3.9,-0.2
343,258,Wesley Johnson,SF,31,NOP,26,377,7.0,.517,.568,.102,2.8,12.0,7.5,5.2,1.5,1.5,11.5,11.4,,0.0,0.3,0.3,.035,,-2.3,-0.4,-2.7,-0.1
344,258,Wesley Johnson,SF,31,WAS,9,135,2.5,.394,.714,.200,1.6,9.8,5.7,6.5,0.7,2.5,13.6,13.8,,-0.2,0.0,-0.2,-0.071,,-5.6,-1.5,-7.1,-0.2
345,259,Nikola Jokic,C,23,DEN,64,2016,26.9,.593,.227,.323,10.0,27.1,18.5,37.9,2.2,1.8,15.7,27.4,,6.6,3.3,10.0,.238,,6.2,3.6,9.8,6.0
346,260,Damian Jones,C,23,GSW,24,410,15.4,.720,.000,.500,8.4,11.1,9.8,8.8,1.4,5.1,15.1,11.0,,1.0,0.4,1.4,.168,,0.6,2.2,2.8,0.5
347,Rk,Player,Pos,Age,Tm,G,MP,PER,TS%,3PAr,FTr,ORB%,DRB%,TRB%,AST%,STL%,BLK%,TOV%,USG%,,OWS,DWS,WS,WS/48,,OBPM,DBPM,BPM,VORP
348,261,Derrick Jones,SF,21,MIA,46,844,15.3,.579,.263,.348,10.1,14.2,12.1,4.2,2.0,3.5,11.5,16.3,,1.1,1.2,2.3,.128,,-0.9,1.1,0.2,0.5
349,262,Jalen Jones,SF,25,CLE,16,214,11.7,.548,.452,.435,5.5,12.4,8.8,4.8,2.1,0.8,9.8,16.7,,0.2,0.1,0.3,.059,,-1.2,-2.1,-3.3,-0.1
350,263,Terrence Jones,PF,27,HOU,2,5,-15.8,.225,.500,.250,0.0,92.2,44.7,0.0,0.0,0.0,18.4,47.1,,-0.1,0.0,-0.1,-0.665,,-36.0,-16.7,-52.7,-0.1
351,264,Tyus Jones,PG,22,MIN,53,1098,12.8,.471,.300,.165,1.5,7.9,4.7,26.2,2.9,0.4,9.6,13.4,,1.1,0.8,1.9,.085,,-0.9,-0.9,-1.7,0.1
352,265,DeAndre Jordan,C,30,TOT,61,1834,18.9,.672,.000,.593,11.6,35.9,23.8,9.9,1.0,3.1,20.2,14.8,,3.6,2.9,6.5,.171,,-1.1,3.2,2.1,1.9
353,265,DeAndre Jordan,C,30,DAL,50,1554,18.1,.672,.000,.613,11.2,35.9,23.7,9.6,1.0,2.9,21.3,14.4,,2.7,2.6,5.3,.164,,-1.4,3.4,2.0,1.6
354,265,DeAndre Jordan,C,30,NYK,11,280,23.4,.674,.000,.506,13.7,35.6,24.3,11.4,0.7,4.2,15.3,16.8,,0.8,0.4,1.2,.207,,0.4,2.2,2.5,0.3
355,266,Cory Joseph,PG,27,IND,67,1708,11.7,.501,.318,.075,2.1,13.2,7.8,20.8,1.9,0.9,12.2,14.0,,1.0,2.4,3.4,.095,,-1.4,1.2,-0.3,0.8
356,267,Frank Kaminsky,C,25,CHO,32,414,16.8,.604,.454,.313,6.7,17.2,11.8,13.2,0.6,1.2,13.1,22.1,,0.7,0.2,0.9,.108,,1.1,-2.3,-1.2,0.1
357,268,Enes Kanter,C,26,TOT,52,1276,21.8,.586,.049,.292,15.2,27.6,21.2,12.6,0.8,1.3,13.1,22.7,,2.8,1.1,4.0,.149,,1.0,-0.1,0.9,0.9
358,268,Enes Kanter,C,26,NYK,44,1128,21.9,.585,.047,.276,15.3,27.9,21.4,12.9,0.8,1.3,13.1,22.7,,2.5,0.9,3.4,.146,,1.1,-0.1,1.0,0.9
359,268,Enes Kanter,C,26,POR,8,148,21.1,.593,.068,.424,14.0,25.4,19.8,10.4,1.3,1.6,13.6,23.1,,0.3,0.2,0.5,.173,,0.3,-0.3,0.0,0.1
360,269,Luke Kennard,SG,22,DET,48,1069,12.2,.559,.510,.112,1.0,13.8,7.2,11.6,0.9,0.7,8.6,18.2,,1.0,1.0,2.0,.090,,-0.5,-0.8,-1.3,0.2
361,270,Michael Kidd-Gilchrist,PF,25,CHO,55,1056,13.7,.554,.131,.389,8.4,14.4,11.3,6.8,1.2,3.0,10.0,16.2,,1.4,0.9,2.3,.103,,-1.5,0.2,-1.3,0.2
362,271,George King,SF,25,PHO,1,6,1.9,,,,0.0,18.9,9.3,0.0,0.0,0.0,,0.0,,0.0,0.0,0.0,.001,,-8.8,-1.7,-10.5,0.0
363,272,Maxi Kleber,PF,27,DAL,58,1163,13.3,.575,.576,.184,6.5,15.3,10.9,6.6,1.2,5.1,11.3,13.7,,1.2,1.5,2.7,.111,,-0.8,2.4,1.6,1.1
364,273,Brandon Knight,PG,27,TOT,24,347,9.7,.481,.605,.185,1.2,7.0,4.0,17.8,1.4,0.0,8.2,18.3,,0.1,0.0,0.2,.021,,-1.3,-4.2,-5.5,-0.3
365,273,Brandon Knight,PG,27,HOU,12,118,0.8,.347,.681,.234,0.9,7.8,4.3,10.8,0.8,0.0,8.8,20.9,,-0.3,0.0,-0.3,-0.118,,-6.7,-4.8,-11.5,-0.3
366,273,Brandon Knight,PG,27,CLE,12,229,14.3,.565,.558,.156,1.4,6.6,3.9,21.4,1.7,0.0,7.8,17.1,,0.4,0.0,0.4,.093,,1.5,-3.9,-2.4,0.0
367,274,Kevin Knox,PF,19,NYK,60,1677,8.1,.462,.389,.234,3.2,13.5,8.2,5.6,1.0,0.9,10.1,22.3,,-2.0,0.7,-1.3,-0.037,,-3.9,-2.4,-6.3,-1.8
368,275,Furkan Korkmaz,SG,21,PHI,46,654,11.7,.533,.594,.179,2.7,14.1,8.6,11.0,2.0,0.2,9.0,17.8,,0.4,0.7,1.2,.085,,-0.6,-1.2,-1.8,0.0
369,276,Luke Kornet,PF,23,NYK,34,537,14.4,.533,.689,.173,3.4,13.3,8.2,10.7,2.0,3.5,8.3,18.2,,0.5,0.5,0.9,.083,,0.4,0.1,0.5,0.3
370,277,Kyle Korver,SG-PF,37,TOT,60,1156,11.8,.603,.708,.162,0.7,12.5,6.5,8.1,0.9,0.8,10.8,18.2,,1.1,1.0,2.1,.085,,0.2,-1.6,-1.4,0.2
371,277,Kyle Korver,PF,37,CLE,16,251,11.3,.650,.711,.211,0.0,13.4,6.4,10.3,0.6,0.7,17.0,17.4,,0.2,0.0,0.2,.045,,-0.3,-3.4,-3.6,-0.1
372,277,Kyle Korver,SG,37,UTA,44,905,11.9,.592,.708,.151,0.8,12.2,6.6,7.5,1.0,0.8,9.2,18.4,,0.8,1.0,1.8,.096,,0.3,-1.1,-0.8,0.3
373,278,Kosta Koufos,C,29,SAC,32,381,12.3,.481,.000,.156,10.6,27.1,18.7,9.1,1.6,2.9,14.7,14.8,,0.0,0.6,0.6,.073,,-4.3,2.1,-2.1,0.0
374,279,Rodions Kurucs,SF,20,BRK,50,1029,12.5,.581,.381,.204,4.8,14.6,9.7,6.1,1.5,1.3,13.6,18.5,,0.7,1.1,1.8,.083,,-1.6,0.0,-1.7,0.1
375,280,Kyle Kuzma,PF,23,LAL,60,1976,14.6,.556,.385,.226,3.0,14.4,8.9,11.1,0.8,0.9,10.3,23.8,,1.4,1.6,2.9,.071,,-0.1,-1.4,-1.5,0.2
376,Rk,Player,Pos,Age,Tm,G,MP,PER,TS%,3PAr,FTr,ORB%,DRB%,TRB%,AST%,STL%,BLK%,TOV%,USG%,,OWS,DWS,WS,WS/48,,OBPM,DBPM,BPM,VORP
377,281,Skal Labissiere,PF,22,TOT,17,122,6.0,.504,.367,.433,3.3,18.0,10.5,6.3,0.8,2.8,18.3,14.8,,-0.1,0.1,0.0,.004,,-5.5,0.0,-5.5,-0.1
378,281,Skal Labissiere,PF,22,SAC,13,113,6.9,.517,.367,.367,3.6,18.5,10.9,6.9,0.8,2.3,16.7,15.3,,-0.1,0.1,0.1,.022,,-4.7,-0.3,-5.0,-0.1
379,281,Skal Labissiere,PF,22,POR,4,9,-6.1,.000,,,0.0,11.6,5.9,0.0,0.0,8.9,53.2,8.8,,-0.1,0.0,0.0,-0.218,,-14.4,3.8,-10.6,0.0
380,282,Jeremy Lamb,SG,26,CHO,64,1841,16.6,.548,.332,.262,2.8,18.2,10.4,12.0,1.7,1.2,7.4,22.2,,2.4,1.7,4.0,.105,,0.2,-0.6,-0.4,0.8
381,283,Zach LaVine,SG,23,CHI,60,2071,18.8,.573,.282,.325,1.9,12.7,7.3,22.6,1.3,1.1,14.0,30.6,,1.7,1.1,2.8,.065,,1.8,-1.7,0.1,1.1
382,284,Jake Layman,SF,24,POR,55,1023,14.8,.618,.435,.137,5.3,13.0,9.2,5.6,1.2,2.0,9.4,15.9,,1.8,0.9,2.7,.126,,0.9,-0.5,0.5,0.6
383,285,T.J. Leaf,PF,21,IND,46,406,15.3,.568,.191,.154,7.9,18.2,13.1,6.5,0.6,2.9,6.4,16.7,,0.6,0.6,1.1,.134,,-1.7,-0.3,-2.0,0.0
384,286,Courtney Lee,SG,33,TOT,23,278,10.9,.516,.413,.253,2.6,10.1,6.2,11.7,2.3,0.9,8.8,14.0,,0.2,0.2,0.4,.067,,-2.0,-0.3,-2.3,0.0
385,286,Courtney Lee,SG,33,NYK,12,160,13.8,.527,.340,.298,3.8,14.2,8.8,15.0,2.4,1.1,8.6,15.4,,0.2,0.1,0.3,.089,,-1.0,0.0,-1.1,0.0
386,286,Courtney Lee,SG,33,DAL,11,118,6.9,.497,.536,.179,0.9,4.5,2.7,7.2,2.1,0.7,9.0,12.1,,0.0,0.1,0.1,.037,,-3.3,-0.7,-4.0,-0.1
387,287,Damion Lee,SG,26,GSW,23,276,10.0,.572,.552,.172,2.8,13.1,8.1,2.4,1.7,0.0,8.8,15.8,,0.2,0.2,0.4,.065,,-1.7,-2.9,-4.6,-0.2
388,288,Alex Len,C,25,ATL,64,1252,16.1,.561,.273,.352,11.0,19.3,15.1,7.8,0.9,3.9,13.0,21.9,,1.3,0.9,2.2,.084,,-1.2,-0.7,-1.9,0.0
389,289,Kawhi Leonard,SF,27,TOR,49,1683,26.3,.608,.258,.390,4.1,18.8,11.5,15.8,2.6,1.0,8.3,30.1,,5.3,2.7,8.0,.228,,4.5,0.7,5.2,3.0
390,290,Meyers Leonard,C,26,POR,55,781,15.8,.673,.475,.203,5.9,21.9,14.1,11.6,0.8,0.9,13.9,14.9,,1.9,0.8,2.6,.161,,1.7,-0.3,1.4,0.7
391,291,Jon Leuer,PF,29,DET,36,379,13.6,.620,.092,.284,7.0,20.5,13.5,5.8,1.5,0.9,15.8,16.5,,0.4,0.5,0.9,.115,,-2.8,0.2,-2.6,-0.1
392,292,Caris LeVert,SF,24,BRK,27,730,14.6,.513,.324,.247,3.1,12.7,7.9,21.6,2.0,1.2,12.9,25.1,,0.1,0.8,0.9,.061,,-0.9,0.3,-0.6,0.3
393,293,Damian Lillard,PG,28,POR,65,2304,23.8,.591,.407,.348,2.6,10.9,6.8,29.2,1.5,1.0,10.9,29.6,,7.7,1.9,9.7,.202,,6.3,-1.2,5.1,4.1
394,294,Jeremy Lin,PG,30,TOT,61,1209,14.4,.567,.343,.400,1.7,10.9,6.3,25.5,1.7,0.7,17.2,22.5,,1.2,0.7,1.8,.073,,-0.6,-2.2,-2.8,-0.3
395,294,Jeremy Lin,PG,30,ATL,51,1003,16.0,.594,.342,.435,1.7,11.1,6.3,27.1,1.8,0.6,17.6,22.7,,1.5,0.5,2.0,.095,,0.2,-2.4,-2.2,0.0
396,294,Jeremy Lin,PG,30,TOR,10,206,6.6,.431,.346,.235,2.1,9.8,6.0,17.3,1.2,1.2,15.2,21.8,,-0.3,0.2,-0.1,-0.032,,-4.9,-1.1,-6.0,-0.2
397,295,Shaun Livingston,PG,33,GSW,52,793,11.7,.532,.011,.254,5.0,7.9,6.5,15.5,1.6,2.5,14.1,12.6,,0.9,0.6,1.5,.091,,-2.2,0.3,-1.9,0.0
398,296,Zach Lofton,SG,26,DET,1,4,-10.0,.000,1.000,.000,0.0,0.0,0.0,0.0,12.2,0.0,50.0,21.4,,-0.1,0.0,0.0,-0.443,,-16.8,8.2,-8.6,0.0
399,297,Kevon Looney,C,22,GSW,64,1266,16.7,.623,.036,.331,14.3,16.5,15.4,11.0,1.4,3.2,12.0,12.3,,3.4,1.4,4.8,.181,,1.6,1.8,3.4,1.7
400,298,Brook Lopez,C,30,MIL,67,1894,14.5,.599,.663,.145,1.6,14.2,8.2,5.0,1.0,6.5,8.8,16.8,,1.9,3.5,5.4,.136,,-0.1,2.7,2.6,2.2
401,299,Robin Lopez,C,30,CHI,60,1216,14.8,.590,.058,.228,9.1,10.3,9.7,8.2,0.4,4.7,15.4,18.5,,1.1,0.7,1.7,.069,,-1.8,0.3,-1.5,0.1
402,300,Kevin Love,PF,30,CLE,14,382,22.3,.582,.522,.495,7.5,40.0,23.1,13.7,0.5,0.7,10.8,28.7,,1.0,0.3,1.2,.156,,2.5,-2.5,-0.1,0.2
403,Rk,Player,Pos,Age,Tm,G,MP,PER,TS%,3PAr,FTr,ORB%,DRB%,TRB%,AST%,STL%,BLK%,TOV%,USG%,,OWS,DWS,WS,WS/48,,OBPM,DBPM,BPM,VORP
404,301,Kyle Lowry,PG,32,TOR,56,1945,17.0,.567,.605,.267,2.1,12.5,7.4,35.7,1.9,1.2,18.1,19.6,,3.5,2.4,5.9,.147,,2.9,0.3,3.2,2.5
405,302,Jordan Loyd,PG,25,TOR,8,36,10.9,.606,.455,.455,3.0,17.7,10.5,7.6,0.0,0.0,13.2,18.0,,0.0,0.0,0.1,.101,,-2.0,-2.8,-4.8,0.0
406,303,Kalin Lucas,PG,29,DET,1,6,16.6,.532,1.000,2.000,0.0,56.4,27.3,20.6,0.0,0.0,0.0,13.4,,0.0,0.0,0.0,.238,,-1.0,0.7,-0.3,0.0
407,304,Timothe Luwawu-Cabarrot,SF-SG,23,TOT,36,345,4.5,.411,.536,.170,1.8,14.4,8.1,4.7,1.7,0.7,9.7,16.5,,-0.6,0.3,-0.3,-0.037,,-5.8,-1.6,-7.4,-0.5
408,304,Timothe Luwawu-Cabarrot,SF,23,OKC,21,123,3.5,.383,.512,.140,3.3,11.9,7.5,4.2,1.5,0.7,9.9,16.7,,-0.2,0.1,-0.1,-0.031,,-6.6,-1.8,-8.5,-0.2
409,304,Timothe Luwawu-Cabarrot,SG,23,CHI,15,222,5.1,.428,.551,.188,1.0,15.8,8.4,5.0,1.7,0.8,9.7,16.3,,-0.4,0.2,-0.2,-0.040,,-5.3,-1.5,-6.8,-0.3
410,305,Tyler Lydon,PF,22,DEN,24,90,8.1,.573,.588,.176,7.2,13.3,10.2,7.0,1.1,0.0,17.9,10.5,,0.1,0.1,0.1,.068,,-1.9,-1.3,-3.2,0.0
411,306,Trey Lyles,PF,23,DEN,55,1024,13.1,.503,.397,.237,4.3,19.4,11.8,10.9,1.3,2.0,10.8,23.4,,0.0,1.2,1.2,.058,,-2.3,-0.8,-3.1,-0.3
412,307,Shelvin Mack,PG,28,TOT,55,1228,10.9,.494,.323,.207,1.6,8.0,4.8,23.2,1.9,0.3,12.7,18.2,,0.0,1.3,1.2,.048,,-2.3,-1.3,-3.6,-0.5
413,307,Shelvin Mack,PG,28,MEM,53,1204,11.1,.499,.329,.193,1.7,8.0,4.8,23.5,1.9,0.3,12.8,18.1,,0.1,1.2,1.3,.051,,-2.1,-1.3,-3.4,-0.4
414,307,Shelvin Mack,PG,28,CHO,2,24,0.6,.298,.000,1.000,0.0,9.1,4.5,5.3,4.0,0.0,9.0,19.8,,-0.1,0.0,-0.1,-0.139,,-10.9,-0.8,-11.6,-0.1
415,308,Daryl Macon,SG,23,DAL,4,8,19.6,1.000,.000,.000,0.0,0.0,0.0,0.0,6.1,0.0,33.3,16.1,,0.0,0.0,0.0,.082,,-0.5,1.6,1.0,0.0
416,309,J.P. Macura,SG,23,CHO,1,14,0.5,.250,.500,.000,0.0,15.6,7.7,20.7,0.0,0.0,0.0,24.5,,-0.1,0.0,-0.1,-0.212,,-8.2,-4.9,-13.2,0.0
417,310,Ian Mahinmi,C,32,WAS,31,445,12.4,.567,.145,.723,9.4,16.9,13.1,6.9,2.5,2.9,15.5,12.3,,0.5,0.5,1.0,.105,,-2.1,1.7,-0.4,0.2
418,311,Thon Maker,C-PF,21,TOT,48,621,11.8,.520,.563,.266,4.7,17.4,11.3,7.2,1.1,4.2,8.1,15.9,,0.3,1.0,1.4,.106,,-2.2,1.4,-0.8,0.2
419,311,Thon Maker,C,21,MIL,35,409,13.0,.546,.582,.276,4.5,18.8,12.0,5.8,1.1,3.7,5.7,16.4,,0.4,0.7,1.1,.134,,-1.5,0.6,-0.8,0.1
420,311,Thon Maker,PF,21,DET,13,212,9.5,.460,.517,.241,5.0,14.9,9.8,9.9,1.2,5.2,13.5,15.0,,-0.1,0.3,0.2,.052,,-3.6,2.8,-0.8,0.1
421,312,Boban Marjanovic,C,30,TOT,43,495,24.3,.675,.017,.612,14.9,26.8,21.0,10.4,1.2,3.7,17.5,23.3,,1.5,0.7,2.2,.213,,1.0,0.8,1.8,0.5
422,312,Boban Marjanovic,C,30,LAC,36,376,25.1,.666,.014,.679,16.1,26.4,21.4,9.4,1.4,3.6,16.9,24.6,,1.2,0.6,1.7,.223,,1.3,0.5,1.8,0.4
423,312,Boban Marjanovic,C,30,PHI,7,119,21.8,.713,.026,.368,11.1,27.9,19.7,13.4,0.8,3.9,19.9,19.5,,0.3,0.2,0.5,.182,,0.2,1.7,1.9,0.1
424,313,Lauri Markkanen,PF,21,CHI,45,1485,17.6,.561,.425,.243,4.3,26.2,15.2,7.2,1.1,1.6,8.4,24.9,,1.4,1.4,2.8,.090,,0.0,-1.6,-1.5,0.2
425,314,Jarell Martin,PF,24,ORL,34,273,10.2,.550,.483,.103,3.1,19.9,11.4,8.0,0.4,2.4,10.8,16.3,,0.1,0.3,0.4,.070,,-3.2,-0.6,-3.8,-0.1
426,315,Frank Mason,PG,24,SAC,34,395,12.7,.499,.352,.373,1.0,9.0,4.9,28.0,1.9,0.9,15.4,20.4,,0.1,0.3,0.4,.050,,-2.1,-2.1,-4.2,-0.2
427,316,Wesley Matthews,SF-SG,32,TOT,57,1731,10.9,.553,.584,.247,1.4,7.0,4.3,11.2,1.3,0.7,10.3,18.2,,1.3,1.2,2.5,.069,,0.0,-1.3,-1.4,0.3
428,316,Wesley Matthews,SF,32,DAL,44,1312,11.4,.556,.561,.235,1.7,6.6,4.2,11.8,1.2,0.8,10.1,18.8,,1.1,0.8,1.9,.069,,0.1,-1.4,-1.3,0.2
429,316,Wesley Matthews,SG,32,NYK,2,54,2.9,.330,.526,.263,1.9,4.0,2.9,12.8,0.9,1.6,8.6,18.2,,-0.1,0.0,-0.1,-0.111,,-6.1,-3.2,-9.3,-0.1
430,316,Wesley Matthews,SG,32,IND,11,365,10.1,.582,.702,.298,0.6,8.6,4.7,8.8,1.6,0.2,11.3,15.9,,0.3,0.4,0.7,.094,,0.3,-0.9,-0.6,0.1
431,317,Luc Mbah a Moute,PF,32,LAC,4,61,6.8,.495,.333,.278,3.6,8.4,6.1,4.6,0.8,1.3,9.0,15.4,,0.0,0.0,0.0,.013,,-3.2,-1.9,-5.1,0.0
432,318,Tahjere McCall,SG,24,BRK,1,8,9.7,.581,.333,.333,0.0,13.2,6.6,0.0,0.0,0.0,0.0,18.2,,0.0,0.0,0.0,.055,,-3.8,-6.0,-9.8,0.0
433,319,Patrick McCaw,SG,23,TOT,22,289,8.2,.510,.471,.216,2.7,11.9,7.3,10.1,3.0,0.3,17.7,10.1,,0.0,0.4,0.4,.066,,-2.6,1.5,-1.1,0.1
434,319,Patrick McCaw,SG,23,CLE,3,53,-0.7,.278,.444,.000,0.0,6.5,3.1,5.0,1.9,0.0,25.0,9.9,,-0.2,0.0,-0.1,-0.135,,-8.1,-1.1,-9.2,-0.1
435,319,Patrick McCaw,SG,23,TOR,19,236,10.2,.555,.476,.262,3.2,13.1,8.2,11.2,3.2,0.3,16.1,10.1,,0.2,0.4,0.5,.111,,-1.3,2.1,0.8,0.2
436,320,CJ McCollum,SG,27,POR,65,2225,17.0,.555,.358,.156,2.8,9.7,6.3,13.3,1.1,0.9,7.7,25.6,,3.6,1.5,5.1,.111,,2.0,-1.9,0.0,1.1
437,Rk,Player,Pos,Age,Tm,G,MP,PER,TS%,3PAr,FTr,ORB%,DRB%,TRB%,AST%,STL%,BLK%,TOV%,USG%,,OWS,DWS,WS,WS/48,,OBPM,DBPM,BPM,VORP
438,321,T.J. McConnell,PG,26,PHI,61,1230,14.1,.568,.109,.101,2.1,9.7,6.0,26.5,2.8,0.9,17.9,14.7,,1.3,1.5,2.9,.112,,-1.2,0.3,-0.9,0.3
439,322,Doug McDermott,SF,27,IND,62,1053,11.2,.621,.547,.222,1.3,7.5,4.5,7.1,0.7,0.6,9.1,15.6,,1.4,0.9,2.3,.107,,0.0,-1.9,-1.9,0.0
440,323,JaVale McGee,C,31,LAL,59,1236,21.1,.629,.017,.246,11.6,20.5,16.2,4.7,1.3,7.1,13.5,20.1,,2.1,2.0,4.1,.159,,-1.2,2.5,1.2,1.0
441,324,Rodney McGruder,SG,27,MIA,60,1480,9.8,.522,.494,.158,3.9,12.3,8.1,10.5,1.2,0.7,11.4,15.5,,0.7,1.3,2.0,.064,,-1.4,-0.3,-1.7,0.1
442,325,Alfonzo McKinnie,SF,26,GSW,56,773,11.1,.562,.411,.155,9.8,16.1,13.1,4.0,0.8,1.2,9.7,14.2,,0.9,0.6,1.5,.091,,-0.9,-2.0,-2.9,-0.2
443,326,Ben McLemore,SG,25,SAC,19,158,10.5,.541,.641,.188,1.9,9.2,5.5,3.5,1.8,1.6,6.7,19.4,,0.1,0.1,0.2,.058,,-1.1,-2.4,-3.5,-0.1
444,327,Jordan McRae,SG,27,WAS,19,172,13.6,.568,.227,.182,2.5,11.0,6.7,9.4,1.6,2.5,11.2,19.8,,0.1,0.1,0.2,.044,,-2.8,-1.6,-4.5,-0.1
445,328,Jodie Meeks,SG,31,TOR,2,24,15.9,.577,.615,.000,0.0,17.7,9.0,6.7,0.0,0.0,0.0,23.1,,0.0,0.0,0.1,.121,,1.1,-4.9,-3.8,0.0
446,329,Salah Mejri,C,32,DAL,24,215,12.8,.503,.167,.271,10.6,21.3,16.0,11.3,1.4,4.0,14.3,12.5,,0.2,0.3,0.5,.108,,-3.0,3.0,0.0,0.1
447,330,De'Anthony Melton,PG,20,PHO,39,742,10.0,.454,.397,.086,2.8,12.1,7.4,23.2,3.4,2.0,20.5,15.8,,-0.6,0.7,0.0,.002,,-3.4,1.0,-2.4,-0.1
448,331,Chimezie Metu,PF,21,SAS,28,140,6.0,.382,.037,.315,7.1,19.3,13.2,12.3,2.1,1.2,19.6,24.0,,-0.5,0.2,-0.3,-0.107,,-8.8,-0.3,-9.1,-0.3
449,332,Khris Middleton,SF,27,MIL,64,1997,15.7,.552,.425,.247,2.1,16.7,9.8,19.3,1.6,0.2,12.6,24.3,,1.9,3.0,4.9,.117,,0.3,0.1,0.4,1.2
450,333,C.J. Miles,SF,31,TOT,51,814,8.3,.486,.649,.186,1.8,10.4,6.1,6.3,1.5,1.6,8.2,18.3,,-0.3,0.9,0.6,.034,,-2.4,-1.1,-3.5,-0.3
451,333,C.J. Miles,SF,31,TOR,40,562,8.1,.484,.665,.214,2.3,10.6,6.5,5.3,1.5,1.5,8.5,18.7,,-0.2,0.6,0.4,.035,,-2.3,-1.2,-3.5,-0.2
452,333,C.J. Miles,SF,31,MEM,11,252,8.7,.492,.612,.118,0.4,10.0,5.2,8.5,1.4,1.9,7.3,17.2,,-0.1,0.3,0.2,.032,,-2.7,-0.8,-3.5,-0.1
453,334,Darius Miller,SF,28,NOP,61,1548,8.5,.554,.769,.138,0.8,6.5,3.7,9.7,1.1,1.2,9.4,13.1,,1.1,0.6,1.7,.053,,0.2,-1.5,-1.3,0.3
454,335,Malcolm Miller,SF,25,TOR,4,16,29.5,.750,.800,.000,0.0,6.6,3.4,11.2,0.0,0.0,0.0,26.7,,0.1,0.0,0.1,.270,,11.2,-7.0,4.1,0.0
455,336,Patty Mills,PG,30,SAS,67,1581,13.3,.577,.591,.168,1.5,9.2,5.4,17.2,1.3,0.5,12.0,18.3,,1.9,0.9,2.8,.086,,1.6,-2.0,-0.4,0.6
456,337,Paul Millsap,PF,33,DEN,54,1424,18.5,.567,.232,.382,8.9,20.2,14.5,10.0,2.5,3.0,10.7,19.8,,2.4,2.3,4.7,.160,,0.5,2.1,2.6,1.7
457,338,Shake Milton,SG,22,PHI,13,126,14.9,.560,.543,.109,6.1,10.7,8.5,14.9,1.5,1.9,5.9,17.1,,0.2,0.1,0.4,.143,,1.4,-1.0,0.4,0.1
458,339,Nikola Mirotic,PF,27,TOT,42,1144,17.7,.589,.588,.225,4.9,23.6,14.5,6.0,1.1,2.3,7.2,21.5,,2.0,1.3,3.3,.140,,1.5,-1.3,0.2,0.6
459,339,Nikola Mirotic,PF,27,NOP,32,925,17.7,.591,.568,.248,5.3,24.2,14.9,5.3,1.1,2.2,7.6,21.7,,1.7,0.9,2.6,.133,,1.5,-1.7,-0.2,0.4
460,339,Nikola Mirotic,PF,27,MIL,10,219,17.6,.578,.674,.126,3.5,21.3,12.9,8.9,1.5,2.7,5.6,20.4,,0.4,0.4,0.8,.170,,1.2,0.3,1.6,0.2
461,340,Donovan Mitchell,SG,22,UTA,62,2098,16.5,.524,.342,.258,2.5,10.4,6.5,21.5,2.1,1.0,11.6,32.1,,0.2,2.8,3.0,.070,,0.3,-0.3,0.0,1.1
462,Rk,Player,Pos,Age,Tm,G,MP,PER,TS%,3PAr,FTr,ORB%,DRB%,TRB%,AST%,STL%,BLK%,TOV%,USG%,,OWS,DWS,WS,WS/48,,OBPM,DBPM,BPM,VORP
463,341,Naz Mitrou-Long,SG,25,UTA,10,39,-2.9,.313,.750,.000,0.0,5.5,2.8,13.3,0.0,0.0,27.3,12.1,,-0.1,0.0,-0.1,-0.103,,-8.3,-2.4,-10.8,-0.1
464,342,Malik Monk,SG,20,CHO,60,1057,12.2,.516,.550,.183,1.3,9.4,5.3,15.1,1.4,1.2,11.9,25.6,,-0.3,0.6,0.3,.013,,-0.9,-3.1,-4.0,-0.5
465,343,Greg Monroe,C,28,TOR,38,423,13.6,.487,.025,.379,15.5,24.1,19.9,5.4,1.5,1.6,14.2,22.1,,0.0,0.7,0.6,.069,,-4.6,-0.6,-5.2,-0.3
466,344,E'Twaun Moore,SF,29,NOP,53,1463,11.6,.567,.331,.111,2.5,6.5,4.5,9.5,1.3,0.4,9.6,17.4,,1.3,0.5,1.8,.058,,-0.1,-2.0,-2.1,0.0
467,345,Eric Moreland,PF,27,PHO,1,5,3.9,,,,0.0,68.2,33.4,0.0,0.0,0.0,,0.0,,0.0,0.0,0.0,.078,,-14.1,-3.9,-18.0,0.0
468,346,Jaylen Morris,SG,23,MIL,4,29,12.3,.460,.300,.200,0.0,16.7,8.8,18.2,3.2,0.0,8.4,17.2,,0.0,0.1,0.1,.086,,-3.7,0.9,-2.9,0.0
469,347,Marcus Morris,PF,29,BOS,63,1729,14.8,.582,.467,.195,3.6,19.7,11.6,7.6,0.9,0.9,9.1,21.1,,2.0,2.1,4.1,.114,,0.0,-1.2,-1.2,0.3
470,348,Markieff Morris,PF,29,TOT,44,1054,11.9,.532,.423,.215,4.8,17.6,11.1,9.1,1.3,1.8,10.2,19.2,,0.5,0.8,1.3,.057,,-1.6,-1.0,-2.6,-0.2
471,348,Markieff Morris,PF,29,WAS,34,883,12.2,.543,.439,.223,5.0,16.7,10.8,9.6,1.3,1.9,11.5,19.5,,0.4,0.5,0.9,.051,,-1.2,-0.9,-2.1,0.0
472,348,Markieff Morris,PF,29,OKC,10,171,10.3,.477,.343,.179,3.5,22.1,12.6,6.4,0.8,1.0,2.7,17.6,,0.1,0.2,0.3,.089,,-3.9,-1.5,-5.4,-0.1
473,349,Monte Morris,PG,23,DEN,65,1576,16.2,.569,.312,.112,1.8,9.7,5.7,22.2,1.8,0.2,6.6,17.0,,3.5,1.4,4.9,.150,,1.4,-1.3,0.1,0.9
474,350,Johnathan Motley,PF,23,LAC,17,134,16.5,.539,.048,.540,12.3,19.1,15.8,9.7,1.4,1.2,15.2,29.0,,0.0,0.1,0.2,.061,,-3.0,-2.1,-5.0,-0.1
475,351,Emmanuel Mudiay,PG,22,NYK,48,1245,14.7,.528,.275,.238,2.3,10.6,6.3,23.9,1.5,1.0,14.8,25.6,,0.0,0.6,0.6,.023,,-0.5,-1.8,-2.3,-0.1
476,352,Jamal Murray,PG,21,DEN,59,1945,15.1,.529,.350,.184,2.9,10.9,6.9,22.3,1.2,0.9,11.7,25.0,,1.9,1.6,3.5,.087,,0.7,-1.4,-0.6,0.7
477,353,Dzanan Musa,SG,19,BRK,8,34,2.9,.383,.450,.100,3.1,9.3,6.2,5.0,2.8,0.0,16.1,30.9,,-0.2,0.0,-0.2,-0.224,,-9.9,-3.4,-13.3,-0.1
478,354,Mike Muscala,PF,27,TOT,54,1111,10.2,.551,.721,.269,5.1,14.4,9.9,7.9,0.8,2.3,11.3,14.3,,0.9,1.1,2.0,.087,,-0.4,-0.2,-0.6,0.4
479,354,Mike Muscala,PF,27,PHI,47,1041,10.4,.560,.716,.277,5.4,14.8,10.3,8.0,0.8,2.0,12.1,14.3,,0.9,1.0,2.0,.090,,-0.2,-0.2,-0.4,0.4
480,354,Mike Muscala,PF,27,LAL,7,70,7.8,.444,.783,.174,1.5,7.2,4.4,7.3,0.0,5.7,0.0,14.7,,0.0,0.1,0.1,.040,,-2.8,-0.7,-3.5,0.0
481,355,Sviatoslav Mykhailiuk,SF-SG,21,TOT,41,434,6.2,.453,.638,.145,2.0,6.3,4.2,11.1,1.4,0.2,12.5,16.1,,-0.4,0.3,-0.1,-0.012,,-3.5,-2.3,-5.9,-0.4
482,355,Sviatoslav Mykhailiuk,SF,21,LAL,39,420,5.9,.451,.644,.152,2.0,6.3,4.2,10.1,1.4,0.2,12.4,15.9,,-0.4,0.3,-0.1,-0.016,,-3.6,-2.2,-5.8,-0.4
483,355,Sviatoslav Mykhailiuk,SG,21,DET,2,14,13.2,.500,.500,.000,0.0,8.1,3.9,43.0,0.0,0.0,14.3,21.4,,0.0,0.0,0.0,.089,,-1.2,-5.9,-7.0,0.0
484,356,Abdel Nader,SF,25,OKC,48,544,9.7,.552,.426,.167,1.9,15.2,8.4,3.7,1.4,1.4,9.4,14.3,,0.3,0.7,1.0,.085,,-3.6,-0.7,-4.3,-0.3
485,357,Larry Nance,C,26,CLE,56,1464,18.2,.581,.184,.301,10.2,23.9,16.8,17.4,2.6,2.0,15.3,15.4,,2.6,1.3,4.0,.130,,1.2,2.5,3.7,2.1
486,358,Shabazz Napier,PG,27,BRK,54,942,15.4,.534,.514,.333,1.6,9.0,5.3,22.3,2.1,1.3,12.0,24.2,,0.9,1.0,1.9,.097,,0.3,-1.1,-0.7,0.3
487,359,Raul Neto,PG,26,UTA,25,300,13.9,.587,.385,.208,1.1,13.3,7.2,28.5,1.4,0.3,17.4,18.1,,0.4,0.4,0.8,.123,,-0.8,-0.9,-1.7,0.0
488,360,Georges Niang,PF,25,UTA,44,314,11.7,.592,.676,.124,2.4,16.4,9.5,9.9,1.1,0.8,10.5,16.8,,0.3,0.4,0.7,.108,,-0.5,-0.8,-1.3,0.1
489,Rk,Player,Pos,Age,Tm,G,MP,PER,TS%,3PAr,FTr,ORB%,DRB%,TRB%,AST%,STL%,BLK%,TOV%,USG%,,OWS,DWS,WS,WS/48,,OBPM,DBPM,BPM,VORP
490,361,Joakim Noah,C,33,MEM,38,617,18.3,.558,.005,.484,9.6,29.0,19.1,20.9,1.5,4.5,16.3,20.1,,0.7,1.2,1.9,.147,,-2.1,3.9,1.9,0.6
491,362,Nerlens Noel,C,24,OKC,63,894,19.6,.595,.000,.267,12.0,20.8,16.3,5.8,3.2,7.6,12.1,13.9,,1.6,2.2,3.8,.204,,-1.6,5.7,4.0,1.4
492,363,Dirk Nowitzki,PF,40,DAL,35,457,7.9,.452,.610,.156,0.2,18.9,9.6,6.8,0.5,1.9,4.4,21.5,,-0.4,0.4,0.0,.004,,-4.2,-2.3,-6.4,-0.5
493,364,Frank Ntilikina,PG,20,NYK,41,872,6.2,.419,.400,.102,1.2,9.0,4.9,19.2,1.7,1.4,15.8,16.6,,-1.2,0.4,-0.7,-0.041,,-4.3,-1.0,-5.3,-0.7
494,365,James Nunnally,SF,28,TOT,15,102,7.3,.503,.735,.118,0.0,5.4,2.6,9.5,0.5,0.0,2.7,15.3,,0.1,0.0,0.1,.037,,-1.5,-4.9,-6.4,-0.1
495,365,James Nunnally,SF,28,MIN,13,64,12.1,.593,.619,.190,0.0,6.7,3.3,10.8,0.7,0.0,4.2,15.5,,0.1,0.0,0.1,.103,,0.4,-4.4,-4.0,0.0
496,365,James Nunnally,SF,28,HOU,2,38,-0.8,.346,.923,.000,0.0,3.0,1.5,7.3,0.0,0.0,0.0,14.8,,-0.1,0.0,-0.1,-0.074,,-4.8,-5.7,-10.5,-0.1
497,366,Jusuf Nurkic,C,24,POR,65,1774,23.4,.571,.039,.456,13.3,26.4,20.0,18.2,1.8,4.3,14.5,24.2,,4.1,3.0,7.1,.192,,1.6,3.8,5.3,3.3
498,367,David Nwaba,SG,26,CLE,36,673,13.3,.568,.317,.371,4.6,13.6,8.9,9.2,1.8,1.3,8.5,15.4,,0.9,0.2,1.2,.082,,-0.4,-0.9,-1.3,0.1
499,368,Royce O'Neale,SF,25,UTA,66,1294,9.6,.591,.491,.137,1.7,17.1,9.5,10.1,1.7,1.4,16.0,11.6,,0.6,1.9,2.5,.093,,-2.0,2.2,0.2,0.7
500,369,Kyle O'Quinn,C,28,IND,40,339,15.8,.534,.092,.160,9.1,26.3,17.9,20.2,1.2,5.5,18.0,20.0,,0.2,0.7,0.8,.120,,-2.7,3.8,1.1,0.3
501,370,Semi Ojeleye,PF,24,BOS,46,493,8.3,.532,.576,.224,4.5,11.4,7.9,4.8,0.9,0.7,11.0,13.5,,0.1,0.4,0.6,.057,,-2.6,-1.4,-4.0,-0.2
502,371,Jahlil Okafor,C,23,NOP,47,683,18.2,.601,.008,.250,10.4,21.0,15.8,6.0,0.8,3.4,10.8,19.5,,1.2,0.6,1.8,.128,,-1.3,-0.7,-2.0,0.0
503,372,Elie Okobo,PG,21,PHO,43,780,7.0,.469,.445,.168,1.1,10.6,5.8,19.5,1.5,0.5,18.0,17.1,,-0.8,0.2,-0.6,-0.034,,-4.1,-2.2,-6.4,-0.9
504,373,Josh Okogie,SG,20,MIN,59,1343,8.5,.476,.436,.308,2.8,11.2,7.0,6.7,2.2,1.7,10.8,15.8,,-0.4,1.1,0.6,.022,,-2.5,0.2,-2.3,-0.1
505,374,Victor Oladipo,SG,26,IND,36,1147,17.7,.519,.367,.240,2.1,17.1,9.8,25.1,2.6,0.9,11.2,27.9,,0.5,1.9,2.4,.102,,1.2,1.0,2.3,1.2
506,375,Kelly Olynyk,PF,27,MIA,63,1385,15.4,.618,.570,.314,4.6,17.9,11.2,12.3,1.6,1.7,15.2,18.9,,2.0,1.8,3.8,.132,,1.0,0.4,1.4,1.2
507,376,Cedi Osman,SF,23,CLE,61,1935,11.4,.539,.441,.221,1.9,15.3,8.3,12.3,1.2,0.5,11.9,18.8,,0.8,0.3,1.1,.028,,-0.6,-1.6,-2.2,-0.1
508,377,Kelly Oubre,SF,23,TOT,66,1824,14.9,.548,.409,.292,4.0,15.0,9.4,6.7,2.0,2.6,9.6,23.0,,0.8,1.3,2.1,.055,,-1.0,-1.2,-2.2,-0.1
509,377,Kelly Oubre,SF,23,WAS,29,755,13.2,.545,.433,.279,3.4,15.4,9.3,3.8,1.7,2.2,8.1,20.9,,0.3,0.5,0.8,.053,,-1.8,-1.8,-3.7,-0.3
510,377,Kelly Oubre,SF,23,PHO,37,1069,16.2,.550,.393,.300,4.4,14.8,9.5,8.7,2.2,2.9,10.5,24.5,,0.5,0.8,1.3,.057,,-0.5,-0.8,-1.2,0.2
511,378,Zaza Pachulia,C,34,DET,53,733,14.1,.522,.025,.638,12.7,21.7,17.1,13.6,1.9,1.9,17.1,14.7,,0.9,1.1,2.0,.134,,-2.0,3.0,1.0,0.6
512,379,Jabari Parker,PF,23,TOT,52,1381,15.1,.558,.260,.228,4.6,21.6,13.0,14.8,1.2,1.4,15.9,24.6,,-0.1,1.1,1.0,.033,,-1.7,-0.6,-2.3,-0.1
513,379,Jabari Parker,PF,23,CHI,39,1042,14.6,.543,.246,.233,4.3,21.1,12.7,13.4,1.1,1.2,14.1,25.1,,-0.2,0.8,0.6,.026,,-2.0,-0.9,-2.9,-0.2
514,379,Jabari Parker,PF,23,WAS,13,339,16.6,.610,.311,.212,5.4,23.2,14.2,19.3,1.7,2.0,21.7,23.0,,0.1,0.3,0.4,.056,,-0.9,0.6,-0.4,0.1
515,380,Tony Parker,PG,36,CHO,54,971,15.0,.503,.103,.274,1.5,7.3,4.4,33.6,1.0,0.6,12.4,25.2,,0.6,0.3,0.9,.044,,-1.7,-3.7,-5.4,-0.8
516,Rk,Player,Pos,Age,Tm,G,MP,PER,TS%,3PAr,FTr,ORB%,DRB%,TRB%,AST%,STL%,BLK%,TOV%,USG%,,OWS,DWS,WS,WS/48,,OBPM,DBPM,BPM,VORP
517,381,Chandler Parsons,SF,30,MEM,12,197,2.2,.376,.613,.065,0.6,14.0,7.2,8.9,2.0,1.0,15.8,17.3,,-0.6,0.3,-0.3,-0.081,,-7.0,-0.2,-7.1,-0.3
518,382,Patrick Patterson,PF,29,OKC,59,848,8.4,.497,.627,.138,4.9,12.7,8.7,4.6,0.9,1.3,8.4,12.0,,0.3,0.9,1.2,.069,,-2.8,-0.6,-3.5,-0.3
519,383,Justin Patton,C,21,PHI,3,21,10.5,.317,.286,.286,10.5,19.7,15.3,18.9,4.5,0.0,0.0,15.7,,0.0,0.0,0.0,.083,,-2.2,2.3,0.1,0.0
520,384,Chris Paul,PG,33,HOU,44,1432,18.7,.552,.490,.308,2.0,14.0,7.8,39.1,3.0,0.9,17.2,22.2,,2.9,1.5,4.4,.147,,2.2,-0.2,2.0,1.5
521,385,Cameron Payne,PG,24,TOT,40,712,11.6,.519,.377,.184,2.0,9.2,5.6,22.0,1.9,1.1,15.7,17.6,,0.1,0.4,0.5,.033,,-1.9,-1.5,-3.4,-0.3
522,385,Cameron Payne,PG,24,CHI,31,536,10.4,.492,.351,.149,2.0,8.8,5.4,22.6,1.8,1.0,16.0,17.4,,-0.1,0.3,0.2,.016,,-2.7,-1.6,-4.2,-0.3
523,385,Cameron Payne,PG,24,CLE,9,176,15.3,.596,.455,.291,1.8,10.5,6.0,20.3,2.3,1.5,15.1,18.2,,0.2,0.1,0.3,.085,,0.5,-1.5,-1.0,0.0
524,386,Elfrid Payton,PG,24,NOP,29,825,13.2,.504,.210,.159,4.1,12.6,8.4,30.6,1.8,1.1,20.3,18.2,,0.3,0.6,0.8,.049,,-1.1,-0.2,-1.3,0.1
525,387,Gary Payton,PG,26,WAS,3,16,36.9,.688,.250,.000,6.7,6.9,6.8,44.9,8.8,5.3,11.1,23.8,,0.1,0.0,0.1,.357,,9.7,5.1,14.8,0.1
526,388,Theo Pinson,SG,23,BRK,13,174,7.9,.484,.596,.281,1.2,17.6,9.5,14.5,1.4,0.0,17.9,18.9,,-0.2,0.2,0.0,.007,,-4.1,-0.6,-4.8,-0.1
527,389,Mason Plumlee,C,28,DEN,65,1333,18.7,.616,.020,.462,11.2,21.8,16.5,18.6,2.0,3.8,19.2,16.9,,2.5,2.2,4.7,.168,,0.5,3.6,4.1,2.1
528,390,Miles Plumlee,C,30,ATL,18,173,19.0,.654,.000,.625,9.7,14.4,12.0,14.9,1.6,2.0,14.0,16.8,,0.4,0.1,0.5,.147,,0.3,-0.3,0.0,0.1
529,391,Jakob Poeltl,C,23,SAS,62,968,19.0,.636,.000,.332,15.7,19.9,17.8,11.0,0.9,3.9,14.4,13.9,,2.6,1.0,3.7,.181,,1.6,1.9,3.5,1.3
530,392,Quincy Pondexter,SF,30,SAS,46,262,13.5,.631,.340,.717,3.4,14.5,8.9,11.3,1.7,0.3,12.5,13.3,,0.5,0.2,0.7,.132,,-0.2,-0.9,-1.2,0.1
531,393,Otto Porter,SF,25,TOT,53,1597,16.1,.569,.392,.148,3.6,17.1,10.3,11.0,2.4,1.7,8.6,19.0,,1.7,1.5,3.2,.096,,0.4,0.3,0.7,1.1
532,393,Otto Porter,SF,25,WAS,41,1191,14.9,.551,.398,.145,3.6,17.8,10.6,9.6,2.5,1.6,7.8,18.2,,1.0,1.1,2.1,.084,,-0.3,0.4,0.1,0.6
533,393,Otto Porter,SF,25,CHI,12,406,19.4,.616,.377,.156,3.8,15.1,9.4,14.9,2.0,1.9,10.5,21.5,,0.8,0.4,1.1,.131,,2.4,0.0,2.4,0.5
534,394,Bobby Portis,PF,23,TOT,35,889,17.2,.545,.283,.166,9.0,25.9,17.4,8.6,1.3,1.3,10.3,25.9,,0.5,0.8,1.3,.069,,-1.1,-2.0,-3.0,-0.2
535,394,Bobby Portis,PF,23,CHI,22,531,17.2,.529,.266,.185,9.4,23.8,16.6,9.3,1.0,1.3,9.0,26.6,,0.3,0.4,0.7,.065,,-0.9,-2.1,-3.0,-0.1
536,394,Bobby Portis,PF,23,WAS,13,358,17.2,.572,.310,.138,8.4,29.1,18.6,7.5,1.7,1.2,12.3,24.9,,0.2,0.4,0.6,.075,,-1.4,-1.7,-3.1,-0.1
537,395,Dwight Powell,C,27,DAL,62,1214,20.5,.679,.262,.514,8.7,17.4,13.1,11.0,1.4,2.5,10.4,17.7,,4.0,1.4,5.4,.213,,2.6,1.1,3.7,1.7
538,396,Norman Powell,SG,25,TOR,46,854,11.9,.572,.425,.196,1.7,9.6,5.7,11.6,1.5,0.9,13.3,18.8,,0.5,0.9,1.4,.080,,-0.9,-0.8,-1.7,0.1
539,397,Alex Poythress,PF,25,ATL,21,305,12.3,.571,.284,.358,9.9,16.7,13.3,7.8,0.6,2.8,12.2,14.3,,0.4,0.2,0.6,.088,,-1.5,-0.7,-2.2,0.0
540,398,Zhou Qi,PF,23,HOU,1,1,80.9,1.000,.000,.000,0.0,0.0,0.0,0.0,0.0,0.0,0.0,43.3,,0.0,0.0,0.0,1.260,,22.3,-13.0,9.3,0.0
541,399,Ivan Rabb,PF,21,MEM,36,447,19.0,.645,.060,.306,12.2,23.4,17.7,12.5,0.9,1.9,13.6,17.8,,1.0,0.6,1.7,.178,,0.0,0.6,0.6,0.3
542,400,Chasson Randle,PG,25,WAS,34,515,10.0,.572,.510,.278,1.5,7.3,4.3,17.9,1.7,0.2,17.1,16.8,,0.3,0.2,0.4,.040,,-1.5,-2.9,-4.4,-0.3
543,Rk,Player,Pos,Age,Tm,G,MP,PER,TS%,3PAr,FTr,ORB%,DRB%,TRB%,AST%,STL%,BLK%,TOV%,USG%,,OWS,DWS,WS,WS/48,,OBPM,DBPM,BPM,VORP
544,401,Julius Randle,C,24,NOP,62,1880,21.1,.605,.173,.468,7.2,22.5,15.0,15.2,1.1,1.7,13.2,26.8,,4.0,1.7,5.7,.146,,1.9,-0.3,1.6,1.7
545,402,J.J. Redick,SG,34,PHI,63,1971,14.4,.592,.583,.245,0.9,7.0,4.1,12.9,0.6,0.5,8.3,21.8,,3.5,1.1,4.6,.111,,2.2,-3.2,-1.0,0.5
546,403,Davon Reed,SG,23,IND,8,22,7.9,.625,.250,.000,5.2,4.9,5.1,11.8,0.0,0.0,20.0,9.9,,0.0,0.0,0.0,.071,,-2.5,-2.3,-4.8,0.0
547,404,Cameron Reynolds,SG,23,MIN,4,45,6.7,.432,.538,.154,2.4,7.2,4.8,2.9,1.1,1.9,0.0,12.9,,0.0,0.0,0.0,.017,,-3.3,-2.0,-5.3,0.0
548,405,Josh Richardson,SG,25,MIA,64,2225,14.5,.545,.446,.231,2.3,8.7,5.5,17.8,1.5,1.2,9.4,21.4,,3.1,2.0,5.1,.110,,1.3,-0.8,0.5,1.4
549,406,Malachi Richardson,SG,23,TOR,22,103,0.9,.481,.862,.172,2.1,11.4,6.8,0.0,0.5,0.0,20.4,16.2,,-0.2,0.1,-0.1,-0.060,,-6.2,-4.5,-10.7,-0.2
550,407,Austin Rivers,PG-SG,26,TOT,63,1738,7.9,.509,.573,.170,1.4,8.0,4.6,11.8,1.1,1.0,10.5,14.6,,0.4,0.5,0.9,.026,,-1.8,-1.7,-3.5,-0.6
551,407,Austin Rivers,SG,26,WAS,29,683,6.8,.490,.546,.237,1.7,9.7,5.7,11.2,1.2,1.2,14.4,15.5,,-0.4,0.2,-0.2,-0.014,,-3.0,-1.5,-4.5,-0.4
552,407,Austin Rivers,PG,26,HOU,34,1055,8.7,.523,.590,.127,1.2,6.9,4.0,12.2,1.0,0.9,7.6,14.1,,0.8,0.3,1.1,.051,,-1.0,-1.8,-2.8,-0.2
553,408,Devin Robinson,SF,23,WAS,4,32,26.0,.607,.000,.462,6.7,17.3,11.9,10.1,4.4,2.6,0.0,20.7,,0.1,0.0,0.1,.222,,1.3,1.1,2.4,0.0
554,409,Duncan Robinson,PF,24,MIA,9,77,7.8,.551,.850,.100,0.0,14.0,7.0,1.8,1.3,0.0,4.6,12.1,,0.0,0.1,0.1,.064,,-2.6,-2.4,-4.9,-0.1
555,410,Glenn Robinson,SF,25,DET,39,499,7.6,.493,.349,.240,2.5,9.0,5.7,4.3,1.1,1.2,9.5,15.3,,-0.1,0.5,0.4,.035,,-4.1,-0.7,-4.8,-0.4
556,411,Jerome Robinson,SG,21,LAC,25,228,6.6,.466,.519,.074,1.4,11.2,6.5,5.5,1.5,0.7,4.6,16.2,,-0.1,0.2,0.1,.019,,-2.7,-1.9,-4.6,-0.1
557,412,Mitchell Robinson,C,20,NYK,51,973,22.1,.691,.000,.438,13.8,16.5,15.1,4.4,1.9,10.7,10.1,12.1,,2.8,1.5,4.4,.216,,0.8,5.7,6.5,2.1
558,413,Rajon Rondo,PG,32,LAL,32,915,11.9,.479,.316,.084,2.9,15.8,9.5,35.5,1.6,0.4,22.7,17.4,,-0.1,0.9,0.8,.044,,-2.2,0.1,-2.1,0.0
559,414,Derrick Rose,PG,30,MIN,51,1392,19.6,.557,.194,.212,2.5,8.3,5.4,26.2,1.1,0.7,9.1,27.2,,2.8,0.4,3.2,.111,,2.4,-2.9,-0.5,0.5
560,415,Terrence Ross,SG,27,ORL,67,1765,14.8,.549,.526,.127,1.4,12.8,7.0,9.6,1.6,1.2,7.3,24.1,,0.9,2.0,2.9,.080,,0.5,-1.4,-0.9,0.5
561,416,Terry Rozier,PG,24,BOS,66,1520,13.6,.505,.508,.144,2.0,16.9,9.4,18.2,2.0,1.1,8.7,18.6,,1.0,2.1,3.1,.099,,-0.6,0.6,0.0,0.8
562,417,Ricky Rubio,PG,28,UTA,56,1613,13.2,.515,.368,.270,1.8,11.9,6.9,31.5,2.3,0.4,18.4,22.7,,0.2,2.3,2.5,.073,,-0.9,0.5,-0.4,0.7
563,418,D'Angelo Russell,PG,22,BRK,68,2035,19.0,.531,.417,.138,2.0,10.8,6.4,40.2,1.8,0.7,13.4,31.1,,2.0,2.1,4.1,.096,,3.4,-0.8,2.6,2.3
564,419,Domantas Sabonis,C,22,IND,60,1487,22.7,.645,.025,.436,11.6,29.3,20.7,17.7,1.4,1.6,16.6,23.2,,3.8,2.8,6.6,.213,,1.8,2.3,4.1,2.3
565,420,Brandon Sampson,SG,21,CHI,4,28,16.0,.857,.571,.000,0.0,15.7,7.8,5.6,0.0,0.0,0.0,11.0,,0.1,0.0,0.1,.174,,2.3,-3.7,-1.4,0.0
566,Rk,Player,Pos,Age,Tm,G,MP,PER,TS%,3PAr,FTr,ORB%,DRB%,TRB%,AST%,STL%,BLK%,TOV%,USG%,,OWS,DWS,WS,WS/48,,OBPM,DBPM,BPM,VORP
567,421,Dario Saric,PF,24,TOT,66,1628,12.7,.556,.476,.206,6.8,18.1,12.4,8.8,1.1,0.4,11.8,17.4,,1.7,1.1,2.8,.084,,0.1,-1.2,-1.0,0.4
568,421,Dario Saric,PF,24,PHI,13,396,8.1,.496,.530,.227,5.8,17.0,11.6,9.0,0.5,0.6,14.7,18.0,,-0.1,0.3,0.2,.027,,-2.4,-1.2,-3.6,-0.2
569,421,Dario Saric,PF,24,MIN,53,1232,14.1,.576,.459,.200,7.1,18.4,12.7,8.8,1.3,0.3,10.8,17.2,,1.8,0.8,2.6,.102,,0.9,-1.1,-0.2,0.6
570,422,Tomas Satoransky,SG,27,WAS,65,1687,14.3,.602,.311,.275,4.2,10.0,7.1,24.2,1.8,0.6,16.8,14.0,,3.1,0.7,3.8,.109,,0.6,-0.9,-0.4,0.7
571,423,Dennis Schroder,PG,25,OKC,64,1842,13.0,.503,.313,.209,1.7,11.2,6.4,21.3,1.4,0.5,12.7,25.1,,0.1,2.0,2.2,.056,,-1.8,-1.4,-3.2,-0.6
572,424,Mike Scott,PF,30,TOT,65,1052,9.1,.525,.591,.088,3.4,17.8,10.8,7.5,1.1,0.8,10.3,15.2,,0.2,1.0,1.2,.055,,-1.5,-0.9,-2.3,-0.1
573,424,Mike Scott,PF,30,LAC,52,748,9.5,.521,.578,.078,3.5,20.5,12.3,8.1,1.1,0.8,10.2,15.0,,0.2,0.7,0.9,.059,,-1.5,-0.6,-2.1,0.0
574,424,Mike Scott,PF,30,PHI,13,304,8.2,.535,.622,.112,3.3,10.9,7.2,5.9,1.1,0.8,10.4,15.9,,0.0,0.3,0.3,.047,,-1.4,-1.5,-2.9,-0.1
575,425,Thabo Sefolosha,SF,34,UTA,36,369,11.8,.617,.554,.169,1.8,23.3,12.6,4.9,3.4,0.7,16.0,12.3,,0.1,0.7,0.8,.109,,-2.6,2.4,-0.1,0.2
576,426,Wayne Selden,SG,24,TOT,61,1110,8.6,.505,.378,.207,2.7,9.0,5.8,11.4,1.1,1.0,12.7,17.6,,-0.4,0.7,0.2,.010,,-3.1,-1.5,-4.7,-0.7
577,426,Wayne Selden,SG,24,MEM,32,455,8.9,.495,.391,.180,3.9,7.1,5.5,12.5,1.1,1.3,11.7,19.5,,-0.2,0.4,0.2,.020,,-3.1,-1.7,-4.9,-0.3
578,426,Wayne Selden,SG,24,CHI,29,655,8.3,.513,.366,.230,1.8,10.4,6.1,10.6,1.1,0.8,13.6,16.3,,-0.2,0.3,0.0,.004,,-3.1,-1.4,-4.5,-0.4
579,427,Collin Sexton,PG,20,CLE,67,2058,10.7,.497,.214,.223,2.5,8.6,5.4,15.6,0.9,0.2,12.6,25.3,,-1.0,-0.3,-1.3,-0.030,,-2.5,-3.4,-6.0,-2.1
580,428,Landry Shamet,SG-PG,21,TOT,66,1452,11.2,.616,.713,.174,1.2,6.3,3.8,7.8,1.1,0.5,6.9,15.0,,2.3,0.9,3.1,.104,,1.4,-2.2,-0.8,0.4
581,428,Landry Shamet,SG,21,PHI,54,1108,10.7,.606,.706,.156,1.4,6.0,3.8,7.5,1.0,0.6,6.6,15.0,,1.6,0.7,2.3,.099,,1.0,-2.3,-1.2,0.2
582,428,Landry Shamet,PG,21,LAC,12,344,12.7,.649,.735,.235,0.6,7.1,4.0,8.9,1.2,0.2,8.2,15.0,,0.7,0.2,0.9,.120,,2.7,-2.0,0.6,0.2
583,429,Iman Shumpert,SG,28,TOT,50,1230,9.4,.500,.603,.106,1.8,10.6,6.1,10.5,1.9,1.5,9.4,15.0,,0.1,1.1,1.2,.048,,-1.2,0.2,-1.0,0.3
584,429,Iman Shumpert,SG,28,SAC,42,1099,10.1,.511,.580,.118,1.7,10.4,6.0,10.8,2.0,1.6,9.4,15.2,,0.3,1.0,1.3,.057,,-0.9,0.5,-0.4,0.5
585,429,Iman Shumpert,SG,28,HOU,8,131,3.7,.392,.811,.000,2.5,11.4,6.8,8.4,1.5,0.7,9.8,13.6,,-0.1,0.1,-0.1,-0.023,,-4.1,-1.7,-5.8,-0.1
586,430,Pascal Siakam,PF,24,TOR,67,2132,18.6,.626,.222,.328,5.4,18.0,11.8,13.9,1.4,1.7,12.0,20.0,,4.9,2.8,7.7,.173,,2.0,1.5,3.4,2.9
587,431,Jordan Sibert,SG,26,ATL,1,4,29.9,1.500,1.000,.000,0.0,0.0,0.0,0.0,0.0,0.0,0.0,10.2,,0.0,0.0,0.0,.183,,13.0,-6.8,6.3,0.0
588,432,Ben Simmons,PG,22,PHI,66,2262,19.9,.581,.005,.451,7.1,21.0,14.3,35.1,1.9,1.7,20.0,22.3,,3.7,3.2,6.9,.146,,1.4,2.8,4.2,3.5
589,433,Jonathon Simmons,SG-SF,29,TOT,51,974,7.5,.449,.294,.272,2.7,9.8,6.2,16.0,1.2,1.2,15.0,18.8,,-1.1,0.9,-0.1,-0.007,,-4.7,-0.7,-5.4,-0.8
590,433,Jonathon Simmons,SG,29,ORL,41,845,7.5,.445,.290,.252,2.9,9.9,6.3,16.0,1.0,1.4,15.0,19.3,,-1.0,0.8,-0.2,-0.014,,-4.9,-0.6,-5.5,-0.7
591,433,Jonathon Simmons,SF,29,PHI,10,129,7.6,.480,.324,.441,1.7,8.8,5.4,16.5,2.2,0.0,14.7,15.5,,0.0,0.1,0.1,.040,,-3.5,-1.2,-4.7,-0.1
592,434,Kobi Simmons,PG,21,CLE,1,2,0.0,,,,0.0,0.0,0.0,0.0,0.0,0.0,,0.0,,0.0,0.0,0.0,-0.031,,-6.4,-0.9,-7.2,0.0
593,435,Anfernee Simons,SG,19,POR,13,69,-5.4,.315,.400,.133,0.0,10.6,5.4,7.9,0.0,0.0,20.1,24.4,,-0.4,0.0,-0.4,-0.271,,-12.0,-4.4,-16.4,-0.3
594,436,Marcus Smart,SG,24,BOS,67,1838,13.2,.572,.631,.245,2.8,8.7,5.7,19.1,3.1,1.2,16.5,14.3,,2.1,2.7,4.7,.124,,0.7,1.4,2.1,1.9
595,437,Dennis Smith,PG,21,TOT,48,1383,12.8,.508,.318,.251,2.1,8.7,5.4,27.9,2.2,1.2,17.5,24.2,,-0.7,1.2,0.5,.017,,-1.4,-0.8,-2.2,-0.1
596,437,Dennis Smith,PG,21,DAL,32,908,11.6,.527,.350,.230,2.2,9.3,5.7,24.4,2.1,1.0,20.3,23.3,,-0.6,0.9,0.3,.014,,-2.1,-0.3,-2.4,-0.1
597,437,Dennis Smith,PG,21,NYK,16,475,15.1,.478,.267,.284,2.1,7.5,4.7,34.6,2.3,1.6,12.8,25.9,,-0.1,0.3,0.2,.024,,-0.1,-1.7,-1.7,0.0
598,438,Ish Smith,PG,30,DET,40,894,11.0,.490,.307,.128,1.3,10.8,5.9,23.9,1.0,1.0,11.7,19.3,,0.3,0.8,1.1,.058,,-2.1,-0.8,-2.9,-0.2
599,439,J.R. Smith,SG,33,CLE,11,222,7.8,.444,.494,.127,0.0,9.4,4.5,14.0,2.5,1.2,11.7,18.6,,-0.2,0.1,-0.2,-0.035,,-3.5,-1.7,-5.1,-0.2
600,440,Jason Smith,C-PF,32,TOT,18,170,10.4,.507,.380,.280,8.9,21.5,15.2,10.1,0.8,3.5,17.6,17.0,,0.0,0.2,0.2,.050,,-3.9,0.1,-3.7,-0.1
601,440,Jason Smith,C,32,WAS,12,130,11.7,.520,.270,.324,9.1,22.2,15.5,12.2,0.4,3.3,14.2,16.1,,0.1,0.1,0.2,.071,,-3.0,-0.2,-3.2,0.0
602,440,Jason Smith,PF,32,MIL,6,40,6.4,.468,.692,.154,8.2,19.4,14.1,3.1,2.3,4.2,26.5,19.9,,-0.1,0.1,0.0,-0.019,,-6.7,1.2,-5.6,0.0
603,Rk,Player,Pos,Age,Tm,G,MP,PER,TS%,3PAr,FTr,ORB%,DRB%,TRB%,AST%,STL%,BLK%,TOV%,USG%,,OWS,DWS,WS,WS/48,,OBPM,DBPM,BPM,VORP
604,441,Tony Snell,SG,27,MIL,67,1174,10.8,.590,.566,.113,2.4,8.7,5.7,6.6,0.9,1.0,5.8,13.1,,1.6,1.4,2.9,.119,,-0.4,-0.6,-1.0,0.3
605,442,Ray Spalding,PF,21,TOT,2,5,-5.5,.000,.000,.000,0.0,22.7,11.1,0.0,0.0,0.0,0.0,8.6,,0.0,0.0,0.0,-0.200,,-15.4,-4.1,-19.5,0.0
606,442,Ray Spalding,PF,21,DAL,1,1,0.0,,,,0.0,0.0,0.0,0.0,0.0,0.0,,0.0,,0.0,0.0,0.0,.000,,-6.6,0.5,-6.1,0.0
607,442,Ray Spalding,PF,21,PHO,1,4,-6.9,.000,.000,.000,0.0,28.4,13.9,0.0,0.0,0.0,0.0,10.7,,0.0,0.0,0.0,-0.250,,-17.6,-5.2,-22.8,0.0
608,443,Omari Spellman,PF,21,ATL,46,805,12.5,.516,.525,.184,9.3,16.4,12.8,8.1,1.5,2.7,10.5,14.9,,0.6,0.6,1.2,.072,,-1.0,0.0,-1.0,0.2
609,444,Nik Stauskas,SG,25,TOT,54,815,10.6,.535,.556,.175,2.0,11.5,6.8,11.8,1.0,0.5,12.7,17.7,,0.4,0.5,0.9,.050,,-1.1,-2.1,-3.2,-0.3
610,444,Nik Stauskas,SG,25,POR,44,673,10.8,.545,.546,.157,1.6,10.9,6.3,12.7,1.0,0.5,14.0,17.9,,0.3,0.4,0.7,.053,,-1.0,-1.9,-2.9,-0.2
611,444,Nik Stauskas,SG,25,CLE,10,142,9.8,.488,.609,.261,3.8,14.7,9.0,7.1,1.1,0.6,5.5,16.7,,0.1,0.0,0.1,.034,,-1.7,-3.0,-4.7,-0.1
612,445,D.J. Stephens,SG,28,MEM,1,7,5.6,.500,.000,.000,0.0,0.0,0.0,0.0,7.1,0.0,33.3,19.3,,0.0,0.0,0.0,-0.113,,-10.0,2.5,-7.4,0.0
613,446,Lance Stephenson,SG,28,LAL,61,952,12.5,.537,.446,.172,3.0,15.8,9.6,17.7,1.8,0.5,15.5,21.1,,0.0,1.0,1.0,.052,,-1.4,-0.6,-2.0,0.0
614,447,Edmond Sumner,PG,23,IND,19,170,4.7,.378,.408,.245,4.7,7.7,6.2,6.1,2.6,2.6,12.8,16.0,,-0.3,0.3,-0.1,-0.024,,-5.7,1.1,-4.6,-0.1
615,448,Caleb Swanigan,PF,21,POR,18,145,3.2,.372,.114,.159,9.8,28.1,19.1,6.3,1.3,0.0,25.4,18.4,,-0.4,0.2,-0.3,-0.087,,-9.0,-0.7,-9.6,-0.3
616,449,Jayson Tatum,SF,20,BOS,67,2086,15.6,.553,.304,.234,3.2,18.1,10.6,8.9,1.7,2.2,9.6,22.4,,1.6,3.1,4.6,.107,,-1.2,0.6,-0.6,0.7
617,450,Jeff Teague,PG,30,MIN,42,1264,15.5,.528,.252,.368,1.3,7.7,4.5,37.5,1.6,1.2,16.7,19.2,,1.8,0.6,2.4,.091,,0.2,-2.4,-2.3,-0.1
618,451,Garrett Temple,SG,32,TOT,61,1753,8.2,.537,.543,.208,1.3,10.1,5.7,7.1,1.6,1.5,11.2,13.4,,0.0,1.9,1.9,.052,,-2.0,0.7,-1.3,0.3
619,451,Garrett Temple,SG,32,MEM,49,1530,8.7,.551,.543,.196,1.3,10.0,5.6,6.8,1.6,1.6,11.4,14.0,,0.1,1.7,1.8,.056,,-1.9,0.7,-1.1,0.3
620,451,Garrett Temple,SG,32,LAC,12,223,4.4,.416,.550,.325,1.5,10.6,6.2,9.6,1.3,1.4,9.9,9.6,,-0.1,0.2,0.1,.021,,-3.0,0.5,-2.5,0.0
621,452,Milos Teodosic,PG,31,LAC,15,150,6.6,.557,.675,.175,2.2,8.9,5.7,29.0,0.9,0.5,32.8,18.0,,-0.1,0.1,0.0,-0.015,,-2.8,-3.0,-5.8,-0.1
622,453,Jared Terrell,SG,23,MIN,8,69,2.0,.391,.423,.077,1.5,4.7,3.1,13.6,2.1,1.2,20.7,20.5,,-0.2,0.0,-0.2,-0.129,,-7.0,-2.4,-9.4,-0.1
623,454,Emanuel Terry,PF,22,TOT,3,23,19.8,.571,.000,.571,14.2,19.8,16.9,12.2,6.2,0.0,18.6,20.1,,0.0,0.0,0.1,.119,,-0.7,2.4,1.7,0.0
624,454,Emanuel Terry,PF,22,PHO,2,20,20.0,.654,.000,.333,10.9,22.7,16.7,8.0,7.2,0.0,22.5,19.1,,0.0,0.0,0.1,.130,,-1.2,3.0,1.8,0.0
625,454,Emanuel Terry,PF,22,MIA,1,3,18.5,.266,.000,2.000,35.9,0.0,18.0,40.4,0.0,0.0,0.0,26.8,,0.0,0.0,0.0,.046,,3.1,-1.6,1.5,0.0
626,455,Daniel Theis,C,26,BOS,54,768,17.8,.638,.253,.293,10.3,17.3,13.8,11.2,1.2,4.1,10.9,16.0,,2.1,1.1,3.2,.200,,1.1,1.8,2.9,1.0
627,456,Isaiah Thomas,PG,29,DEN,9,140,7.4,.462,.440,.253,3.8,5.5,4.6,15.8,1.0,0.6,16.1,30.1,,-0.3,0.1,-0.2,-0.074,,-4.3,-4.4,-8.8,-0.2
628,457,Khyri Thomas,SG,22,DET,22,183,7.5,.455,.550,.183,2.3,9.2,5.7,5.5,1.9,1.9,5.8,16.1,,-0.1,0.2,0.1,.038,,-3.5,-0.2,-3.6,-0.1
629,458,Lance Thomas,PF,30,NYK,34,566,7.0,.478,.397,.185,3.2,13.0,8.0,4.8,1.4,0.9,8.7,12.9,,-0.1,0.3,0.2,.017,,-3.6,-0.8,-4.5,-0.4
630,459,Klay Thompson,SG,28,GSW,63,2167,17.3,.577,.425,.124,1.6,10.2,6.1,10.4,1.6,1.6,7.4,25.9,,2.8,1.7,4.5,.100,,1.6,-2.1,-0.5,0.8
631,460,Tristan Thompson,C,27,CLE,35,1043,18.6,.547,.000,.258,15.7,26.1,20.7,11.4,1.3,1.3,12.0,17.5,,1.9,0.6,2.4,.112,,0.3,0.5,0.8,0.7
632,Rk,Player,Pos,Age,Tm,G,MP,PER,TS%,3PAr,FTr,ORB%,DRB%,TRB%,AST%,STL%,BLK%,TOV%,USG%,,OWS,DWS,WS,WS/48,,OBPM,DBPM,BPM,VORP
633,461,Sindarius Thornwell,SG,24,LAC,50,266,4.4,.470,.333,.578,1.7,13.1,7.6,7.2,2.1,1.2,24.2,11.8,,-0.3,0.3,0.0,-0.009,,-5.2,0.8,-4.4,-0.2
634,462,Anthony Tolliver,PF,33,MIN,50,792,8.9,.594,.841,.228,1.6,15.7,8.6,4.6,0.8,1.5,12.2,12.5,,0.5,0.4,1.0,.060,,-0.9,-1.3,-2.2,0.0
635,463,Karl-Anthony Towns,C,23,MIN,64,2127,26.9,.628,.280,.338,10.9,28.7,19.7,16.4,1.3,4.4,12.9,28.1,,6.8,2.9,9.6,.217,,5.3,2.0,7.3,5.0
636,464,Gary Trent,SG,20,POR,9,38,0.6,.337,.474,.211,0.0,11.0,5.6,3.6,0.0,2.1,4.6,24.2,,-0.1,0.0,-0.1,-0.154,,-9.0,-4.8,-13.7,-0.1
637,465,Allonzo Trier,SG,23,NYK,60,1371,12.8,.576,.254,.451,2.1,12.4,7.1,12.7,1.0,0.9,15.8,21.0,,0.8,0.5,1.3,.046,,-1.7,-1.7,-3.4,-0.5
638,466,P.J. Tucker,PF,33,HOU,67,2349,9.5,.554,.723,.125,4.9,14.9,9.7,5.0,2.3,1.1,10.6,9.6,,1.9,2.1,4.0,.081,,-0.3,1.4,1.1,1.8
639,467,Evan Turner,PG,30,POR,58,1339,11.2,.497,.119,.220,2.7,18.1,10.5,22.7,1.0,0.8,18.6,16.4,,0.1,1.2,1.3,.048,,-2.8,0.5,-2.2,-0.1
640,468,Myles Turner,C,22,IND,60,1699,18.1,.566,.236,.226,5.2,21.9,13.7,8.2,1.4,9.0,11.0,20.1,,1.3,3.7,5.0,.142,,-1.7,5.0,3.4,2.3
641,469,Ekpe Udoh,C,31,UTA,36,194,17.9,.723,.000,.400,7.3,15.5,11.4,10.7,1.0,7.0,14.5,12.1,,0.5,0.3,0.8,.200,,-0.9,4.2,3.3,0.3
642,470,Tyler Ulis,PG,23,CHI,1,1,0.0,,,,0.0,0.0,0.0,0.0,0.0,0.0,,0.0,,0.0,0.0,0.0,-0.014,,-6.6,-0.4,-7.0,0.0
643,471,Jonas Valanciunas,C,26,TOT,40,820,25.0,.639,.103,.341,9.7,30.8,20.3,11.4,0.9,3.9,11.9,26.8,,2.2,1.5,3.6,.213,,0.8,1.1,1.9,0.8
644,471,Jonas Valanciunas,C,26,TOR,30,564,24.6,.639,.116,.363,10.5,30.5,20.7,8.5,1.1,3.4,11.5,25.7,,1.6,1.0,2.6,.224,,0.6,0.5,1.2,0.4
645,471,Jonas Valanciunas,C,26,MEM,10,256,26.1,.639,.078,.297,7.8,31.4,19.4,18.0,0.6,5.2,12.7,29.2,,0.6,0.5,1.0,.190,,1.2,2.2,3.4,0.3
646,472,Jarred Vanderbilt,PF,19,DEN,8,21,9.5,.222,.000,.800,15.4,46.8,31.0,5.7,4.7,4.3,22.8,17.7,,-0.1,0.1,0.0,-0.069,,-12.1,4.7,-7.4,0.0
647,473,Fred VanVleet,PG,24,TOR,51,1369,13.3,.529,.495,.192,1.6,9.2,5.4,23.4,1.6,0.7,11.3,17.9,,1.7,1.4,3.0,.107,,0.6,-0.7,-0.1,0.6
648,474,Noah Vonleh,PF,23,NYK,66,1680,14.1,.565,.315,.355,6.7,26.4,16.2,11.0,1.3,2.6,14.8,14.7,,1.6,1.7,3.3,.094,,-1.4,1.8,0.4,1.0
649,475,Nikola Vucevic,C,28,ORL,67,2097,25.9,.575,.171,.163,9.4,32.1,20.6,23.0,1.6,3.1,9.8,27.8,,4.7,3.9,8.5,.195,,3.4,3.5,6.9,4.7
650,476,Dwyane Wade,SG,37,MIA,56,1433,15.5,.509,.274,.243,3.8,11.8,7.8,27.5,1.5,1.9,14.6,27.2,,0.1,1.5,1.6,.054,,-0.6,-0.3,-1.0,0.4
651,477,Moritz Wagner,C,21,LAL,27,221,12.8,.544,.484,.253,5.8,15.5,10.8,9.6,1.7,1.8,15.8,22.6,,0.0,0.3,0.2,.045,,-2.2,-1.1,-3.3,-0.1
652,478,Dion Waiters,SG,27,MIA,28,676,10.5,.513,.577,.117,0.8,11.2,6.0,17.8,1.4,0.5,13.6,20.4,,-0.1,0.6,0.5,.035,,-1.3,-1.6,-2.8,-0.1
653,479,Kemba Walker,PG,28,CHO,67,2337,21.0,.557,.449,.260,1.8,11.5,6.6,28.4,1.8,1.1,10.5,31.1,,4.1,1.6,5.7,.118,,4.8,-1.6,3.1,3.0
654,480,Lonnie Walker,SG,20,SAS,7,59,0.1,.295,.273,.182,0.0,20.2,10.2,4.2,2.5,1.4,14.4,20.6,,-0.3,0.1,-0.2,-0.176,,-11.5,-0.8,-12.2,-0.2
655,Rk,Player,Pos,Age,Tm,G,MP,PER,TS%,3PAr,FTr,ORB%,DRB%,TRB%,AST%,STL%,BLK%,TOV%,USG%,,OWS,DWS,WS,WS/48,,OBPM,DBPM,BPM,VORP
656,481,John Wall,PG,28,WAS,32,1104,18.0,.527,.306,.317,1.5,10.1,5.7,39.0,2.1,2.2,16.1,28.8,,0.5,0.7,1.2,.052,,0.9,-1.2,-0.3,0.5
657,482,Tyrone Wallace,PG,24,LAC,53,540,7.3,.442,.085,.271,4.1,12.9,8.6,9.5,1.7,1.0,12.1,18.7,,-0.7,0.5,-0.2,-0.017,,-5.2,-0.6,-5.9,-0.5
658,483,Taurean Waller-Prince,SF,24,ATL,44,1226,12.0,.573,.533,.196,1.8,12.7,7.2,11.1,1.7,1.1,13.8,19.5,,0.6,0.6,1.2,.049,,-0.5,-1.3,-1.8,0.1
659,484,Brad Wanamaker,PG,29,BOS,30,262,13.4,.590,.405,.215,1.2,11.1,6.1,20.2,1.7,0.3,13.9,16.6,,0.4,0.3,0.7,.125,,-1.0,-1.5,-2.5,0.0
660,485,T.J. Warren,SF,25,PHO,43,1360,16.4,.580,.295,.203,2.5,11.9,7.1,7.8,1.8,1.8,7.2,22.6,,1.6,0.6,2.2,.079,,0.2,-1.7,-1.5,0.2
661,486,Julian Washburn,SF,27,MEM,7,110,1.6,.241,.421,.211,4.0,16.7,10.3,3.6,1.8,0.0,12.6,9.7,,-0.3,0.1,-0.1,-0.052,,-8.2,0.5,-7.7,-0.2
662,487,Yuta Watanabe,SG,24,MEM,10,98,7.0,.448,.321,.357,1.1,21.1,10.9,6.1,1.0,1.0,11.0,16.7,,-0.1,0.1,0.0,-0.006,,-7.2,-1.1,-8.2,-0.2
663,488,Thomas Welsh,C,22,DEN,10,33,12.4,.589,.636,.182,0.0,13.2,6.6,16.7,0.0,0.0,7.8,16.5,,0.1,0.0,0.1,.111,,-0.2,-4.0,-4.1,0.0
664,489,Russell Westbrook,PG,30,OKC,59,2112,20.8,.500,.265,.321,4.0,28.3,15.9,45.5,2.6,1.1,16.7,31.5,,1.0,4.1,5.1,.115,,2.1,4.0,6.1,4.3
665,490,Derrick White,PG,24,SAS,52,1336,15.0,.566,.259,.235,2.1,13.4,7.8,20.5,2.0,2.3,14.6,17.3,,1.4,1.4,2.8,.100,,0.1,1.0,1.1,1.0
666,491,Okaro White,PF,26,WAS,3,6,-4.5,.000,1.000,.000,17.9,18.5,18.2,0.0,0.0,0.0,0.0,14.1,,0.0,0.0,0.0,-0.250,,-11.0,-8.2,-19.2,0.0
667,492,Hassan Whiteside,C,29,MIA,57,1422,22.6,.547,.028,.357,16.4,35.9,26.1,5.9,1.4,7.2,11.5,22.6,,1.6,3.2,4.8,.161,,-2.5,2.9,0.4,0.9
668,493,Andrew Wiggins,SF,23,MIN,59,2053,11.9,.483,.288,.256,3.6,11.3,7.4,10.0,1.4,1.7,9.0,24.1,,-0.6,1.2,0.6,.013,,-1.9,-1.2,-3.1,-0.6
669,494,Alan Williams,PF,26,BRK,3,17,25.0,.512,.125,.500,18.8,68.3,43.7,20.0,0.0,0.0,9.3,26.7,,0.0,0.0,0.1,.202,,-1.9,0.8,-1.1,0.0
670,495,C.J. Williams,SG,28,MIN,10,69,2.1,.441,.412,.000,1.5,4.7,3.1,11.4,0.7,0.0,19.0,12.7,,-0.1,0.0,-0.1,-0.053,,-5.1,-3.1,-8.3,-0.1
671,496,Johnathan Williams,C,23,LAL,9,133,13.6,.557,.000,.225,12.8,12.9,12.9,5.3,0.3,3.0,4.4,14.4,,0.2,0.1,0.3,.126,,-1.4,-0.6,-1.9,0.0
672,497,Kenrich Williams,SF,24,NOP,33,700,9.7,.496,.551,.091,5.3,16.9,11.2,8.5,1.5,1.5,11.0,12.9,,0.2,0.6,0.8,.053,,-1.3,0.3,-1.1,0.2
673,498,Lou Williams,SG,32,LAC,62,1643,22.1,.560,.258,.429,2.0,9.6,5.9,33.8,1.3,0.4,11.7,32.9,,3.6,1.1,4.7,.137,,3.7,-2.5,1.2,1.3
674,499,Marvin Williams,PF,32,CHO,65,1874,13.0,.558,.590,.134,3.8,17.7,10.6,6.2,1.5,2.3,6.0,15.0,,2.1,1.7,3.8,.096,,0.2,0.3,0.6,1.2
675,500,Robert Williams,C,21,BOS,27,226,19.8,.737,.000,.333,10.9,18.1,14.5,3.0,1.3,13.1,15.7,10.9,,0.5,0.5,1.0,.213,,-1.7,6.6,4.9,0.4
676,Rk,Player,Pos,Age,Tm,G,MP,PER,TS%,3PAr,FTr,ORB%,DRB%,TRB%,AST%,STL%,BLK%,TOV%,USG%,,OWS,DWS,WS,WS/48,,OBPM,DBPM,BPM,VORP
677,501,Troy Williams,SF,24,SAC,18,286,11.1,.550,.471,.172,3.2,16.8,9.8,4.7,1.6,2.4,7.9,14.6,,0.2,0.3,0.5,.080,,-2.0,0.1,-1.9,0.0
678,502,D.J. Wilson,PF,22,MIL,34,575,9.8,.508,.513,.182,5.5,19.6,12.9,6.2,1.0,2.8,11.2,13.7,,0.1,1.0,1.0,.087,,-2.9,1.3,-1.6,0.1
679,503,Justise Winslow,PF,22,MIA,59,1758,12.9,.512,.336,.196,3.7,16.3,10.0,22.0,1.7,0.8,15.0,20.6,,0.4,2.1,2.5,.068,,-0.9,0.6,-0.3,0.8
680,504,Christian Wood,PF,23,MIL,13,62,17.3,.585,.200,.600,7.0,25.1,16.6,4.6,0.0,0.0,8.7,23.5,,0.1,0.1,0.2,.149,,-3.3,-4.1,-7.4,-0.1
681,505,Delon Wright,PG,26,TOT,61,1230,14.5,.523,.299,.230,4.5,12.0,8.2,17.4,2.3,1.5,10.4,17.6,,1.3,1.6,2.9,.113,,-0.6,1.1,0.5,0.8
682,505,Delon Wright,PG,26,TOR,49,897,14.6,.527,.307,.208,4.8,10.2,7.5,16.8,2.5,1.4,10.4,17.0,,1.1,1.2,2.3,.121,,-0.1,1.1,1.0,0.7
683,505,Delon Wright,PG,26,MEM,12,333,14.1,.512,.277,.286,3.7,16.9,10.2,18.9,1.8,1.7,10.6,19.1,,0.2,0.5,0.6,.092,,-1.6,1.0,-0.6,0.1
684,506,Guerschon Yabusele,PF,23,BOS,34,184,12.5,.515,.350,.300,10.4,12.9,11.7,8.9,1.8,3.4,15.0,18.7,,0.1,0.3,0.3,.086,,-2.5,0.7,-1.8,0.0
685,507,Nick Young,SG,33,DEN,4,37,2.4,.500,.889,.000,0.0,3.0,1.5,6.8,0.0,2.4,18.2,12.6,,0.0,0.0,0.0,-0.019,,-4.3,-2.7,-7.0,0.0
686,508,Thaddeus Young,PF,30,IND,67,2053,16.4,.565,.160,.165,8.9,14.3,11.6,11.5,2.5,1.4,11.4,17.9,,2.6,3.4,6.0,.139,,0.8,2.2,2.9,2.6
687,509,Trae Young,PG,20,ATL,68,2093,15.7,.531,.384,.337,2.5,9.9,6.1,39.3,1.2,0.6,18.6,28.0,,1.4,0.6,1.9,.044,,0.8,-3.0,-2.2,-0.1
688,510,Cody Zeller,C,26,CHO,49,1243,17.2,.611,.064,.409,9.4,19.6,14.4,12.0,1.5,2.8,13.2,16.2,,2.7,1.3,3.9,.153,,0.3,1.7,2.0,1.3
689,511,Tyler Zeller,C,29,ATL,1,7,-1.0,.000,.500,.000,29.9,31.0,30.4,0.0,0.0,0.0,0.0,11.7,,0.0,0.0,0.0,-0.115,,-10.4,-8.6,-19.0,0.0
690,512,Ante Zizic,C,22,CLE,47,816,15.9,.584,.000,.385,10.3,24.0,16.9,6.4,0.7,1.8,13.5,18.3,,1.1,0.3,1.4,.084,,-2.4,-1.5,-3.9,-0.4
691,513,Ivica Zubac,C,21,TOT,45,758,18.7,.608,.000,.358,10.3,23.6,17.2,9.1,0.5,4.0,13.4,20.5,,1.4,1.0,2.3,.148,,-1.6,0.7,-0.9,0.2
692,513,Ivica Zubac,C,21,LAL,33,516,19.6,.633,.000,.342,11.1,21.1,16.3,7.2,0.4,4.2,12.9,20.5,,1.2,0.6,1.8,.165,,-1.2,0.2,-1.0,0.1
693,513,Ivica Zubac,C,21,LAC,12,242,16.7,.555,.000,.395,8.6,28.8,19.1,13.1,0.8,3.6,14.4,20.6,,0.2,0.3,0.6,.111,,-2.3,1.8,-0.6,0.1
