Rk,Player,Pos,Age,Tm,G,MP,PER,TS%,3PAr,FTr,ORB%,DRB%,TRB%,AST%,STL%,BLK%,TOV%,USG%,OWS,DWS,WS,WS/48,OBPM,DBPM,BPM,VORP
1,Alex Abrines,SG,25,OKC,31,588,6.3,0.507,0.809,0.083,0.9,7.8,4.2,4.3,1.3,0.9,7.9,12.2,0.1,0.6,0.7,0.054,-2.5,-1,-3.4,-0.2
2,Quincy Acy,PF,28,PHO,10,123,2.9,0.379,0.833,0.556,2.7,20.2,11.3,8.2,0.4,2.7,15.2,9.2,-0.1,0.1,-0.1,-0.02,-5.6,-0.3,-5.9,-0.1
3,Jaylen Adams,PG,22,ATL,32,393,7.9,0.479,0.689,0.078,2.9,11.5,7.1,20.4,1.5,1.1,19.6,13.7,-0.1,0.2,0.1,0.014,-2.8,-1.5,-4.3,-0.2
4,Steven Adams,C,25,OKC,77,2593,18.9,0.596,0.003,0.36,14.6,14.8,14.7,6.8,2.1,2.4,12.6,16.4,5.1,4,9.1,0.168,0.8,2.2,3,3.3
5,Bam Adebayo,C,21,MIA,79,1841,17.8,0.623,0.028,0.469,9.3,23.7,16.5,14.4,1.8,3.1,17.3,15.6,3.4,3.2,6.6,0.171,-0.5,3.6,3,2.4
6,Deng Adel,SF,21,CLE,17,187,1.7,0.376,0.629,0.057,1.1,9.3,5,3.5,0.3,1.8,12.2,9.6,-0.2,0,-0.3,-0.07,-5.8,-1.8,-7.6,-0.3
7,DeVaughn Akoon-Purcell,SG,25,DEN,7,22,8.2,0.322,0.4,0.2,4.9,14.8,9.9,37.1,4.5,0,15.5,25,-0.1,0,0,-0.049,-4.3,0.8,-3.5,0
8,LaMarcus Aldridge,C,33,SAS,79,2621,22.7,0.573,0.031,0.312,10.1,19.6,14.9,11.7,0.8,3.4,8.8,26.9,6.1,2.7,8.8,0.161,1.1,0.4,1.5,2.3
9,Rawle Alkins,SG,21,CHI,8,88,9.4,0.417,0.344,0.281,12.3,16.3,14.2,17.7,0.6,0,16.3,21.3,-0.1,0,-0.1,-0.039,-3.4,-2.2,-5.6,-0.1
10,Grayson Allen,SG,23,UTA,35,347,6.1,0.514,0.589,0.298,0.3,4,2.2,8.4,0.7,1.1,15.4,23.2,-0.5,0.3,-0.1,-0.015,-4.2,-3.1,-7.3,-0.5
11,Jarrett Allen,C,20,BRK,78,2046,18.8,0.637,0.079,0.498,9.7,23.7,16.8,7.9,1,4.5,12.9,15.9,4.5,3.1,7.5,0.177,-0.5,3.1,2.6,2.4
12,Kadeem Allen,SG,26,NYK,18,387,15.7,0.582,0.252,0.351,2.1,10.6,6.2,27.7,1.7,0.7,14.7,19.5,0.6,0.2,0.8,0.103,0.3,-1.9,-1.6,0
13,Al-Farouq Aminu,PF,28,POR,79,2246,13,0.568,0.474,0.288,5.3,22.6,14.1,6.1,1.4,1.1,9.9,13.5,2.9,2.7,5.6,0.12,0,0.8,0.8,1.6
14,Justin Anderson,SF,25,ATL,46,432,11,0.501,0.483,0.208,5.5,13.7,9.5,6.8,2.2,2.6,11,17.2,0,0.3,0.3,0.037,-2.8,-0.6,-3.4,-0.2
15,Kyle Anderson,SF,25,MEM,43,1281,12.8,0.569,0.123,0.232,4.1,18.2,11,15,2.1,2.7,16,12.6,0.8,1.8,2.7,0.1,-2.1,3.2,1.1,1
16,Ryan Anderson,PF,30,TOT,24,321,4.6,0.414,0.58,0.232,6.1,12.6,9.3,7.8,0.6,0.3,15.5,12,-0.3,0,-0.2,-0.033,-4.4,-1.9,-6.4,-0.3
16,Ryan Anderson,PF,30,PHO,15,278,4.6,0.423,0.567,0.233,5.5,12.6,9,8.1,0.5,0.3,15.4,12.1,-0.2,0,-0.2,-0.037,-4.4,-2.1,-6.5,-0.3
16,Ryan Anderson,PF,30,MIA,9,43,4.6,0.354,0.667,0.222,9.9,12.4,11.2,6,1.1,0,16.8,11.8,0,0,0,-0.01,-4.9,-0.9,-5.8,0
17,Ike Anigbogu,C,20,IND,3,6,-6,0,0,0,18.9,36.3,27.8,19.4,0,14.9,25,29.2,-0.1,0,-0.1,-0.478,-22.6,8.6,-14,0
18,Giannis Antetokounmpo,PF,24,MIL,71,2334,30.7,0.642,0.161,0.547,7.2,30.2,19.4,30.3,1.8,3.9,14.9,32.3,8.7,5.4,14.1,0.291,5.6,5,10.6,7.4
19,Kostas Antetokounmpo,PF,21,DAL,2,11,-0.8,0.21,0,1.333,0,9.7,4.9,0,8.8,0,17.4,22.5,-0.1,0,-0.1,-0.247,-15.9,2.7,-13.3,0
20,Carmelo Anthony,PF,34,HOU,10,294,11,0.513,0.529,0.182,3.3,17.4,10.2,2.7,0.7,2,5.8,20.5,0.1,0.2,0.3,0.048,-3,-2.8,-5.8,-0.3
Rk,Player,Pos,Age,Tm,G,MP,PER,TS%,3PAr,FTr,ORB%,DRB%,TRB%,AST%,STL%,BLK%,TOV%,USG%,OWS,DWS,WS,WS/48,OBPM,DBPM,BPM,VORP
21,OG Anunoby,SF,21,TOR,65,1317,10,0.546,0.503,0.157,4.7,10.7,7.8,4.5,1.6,1.4,10.8,15.4,0.4,1.6,2,0.073,-1.2,0.1,-1.1,0.3
22,Ryan Arcidiacono,PG,24,CHI,79,1899,11.3,0.586,0.528,0.228,1.4,10.6,5.9,18.8,1.6,0.2,12.2,11.5,2.6,0.9,3.5,0.088,-0.1,-1,-1.2,0.4
23,Trevor Ariza,SF,33,TOT,69,2349,12.1,0.534,0.59,0.223,2.3,15.2,8.7,14.8,1.8,0.7,11.6,16.6,1.3,1.3,2.6,0.052,-0.1,-0.4,-0.5,0.9
23,Trevor Ariza,SF,33,PHO,26,884,10.5,0.525,0.612,0.189,2,16.5,9.1,13.5,2.1,0.8,13.7,13.8,0.2,0.5,0.7,0.037,-1.2,0.3,-0.9,0.2
23,Trevor Ariza,SF,33,WAS,43,1465,13,0.538,0.58,0.238,2.5,14.5,8.4,15.5,1.7,0.7,10.6,18.2,1.1,0.8,1.9,0.062,0.6,-0.8,-0.2,0.7
24,D.J. Augustin,PG,31,ORL,79,2206,15.7,0.618,0.462,0.314,1.9,7.5,4.6,26.8,1.1,0.2,14.2,17.1,5,1.8,6.8,0.148,1.7,-2,-0.3,0.9
25,Deandre Ayton,C,20,PHO,71,2183,20.5,0.608,0.005,0.217,11.2,26.2,18.6,9.6,1.3,2.5,11.7,21.2,4.1,1.8,5.9,0.13,0,0.2,0.2,1.2
26,Dwayne Bacon,SG,23,CHO,40,667,11.3,0.56,0.341,0.202,1.3,12.9,6.9,9.5,0.7,0.7,6.5,16.7,0.7,0.3,1,0.069,-1.5,-2.3,-3.8,-0.3
27,Marvin Bagley,PF,19,SAC,60,1506,18.8,0.563,0.131,0.38,10.5,20.4,15.3,6.2,1,3.3,11,24.2,1.9,1.6,3.5,0.112,-1.1,-0.5,-1.6,0.1
28,Ron Baker,SG,25,TOT,15,152,2.5,0.309,0.65,0.3,0.7,7.2,3.8,12.8,1.9,0.6,18.1,7.7,-0.2,0.1,-0.1,-0.035,-5.9,-0.8,-6.7,-0.2
28,Ron Baker,SG,25,NYK,11,107,4.4,0.376,0.563,0.375,1,6,3.4,16.1,2.2,0,13.9,8.6,0,0,0,0.001,-4.6,-1.5,-6.1,-0.1
28,Ron Baker,SG,25,WAS,4,45,-2,0,1,0,0,9.8,4.8,5.1,1.1,1.9,33.3,5.7,-0.1,0,-0.1,-0.12,-8.8,0.8,-8,-0.1
29,Wade Baldwin,PG,22,POR,16,94,1.3,0.396,0.273,0.333,2.3,14.4,8.5,16.7,0.5,1.7,27,23.3,-0.4,0.1,-0.3,-0.153,-9.3,-1.4,-10.7,-0.2
30,Lonzo Ball,PG,21,LAL,47,1423,11.7,0.487,0.5,0.105,4,14,9.1,23.8,2.3,1.1,17.8,16.9,-0.2,1.7,1.5,0.052,-0.9,1.4,0.5,0.9
31,Mohamed Bamba,C,20,ORL,47,766,14.9,0.539,0.288,0.259,8.8,23.9,16.2,7.5,0.8,7,13.7,17.8,0.3,1.4,1.7,0.106,-3.3,3.2,-0.2,0.4
32,J.J. Barea,PG,34,DAL,38,752,16.4,0.495,0.332,0.203,1.9,11.6,6.8,47.6,1.4,0.1,14.7,28.1,0.4,0.6,1,0.064,1.1,-2.2,-1.1,0.2
33,Harrison Barnes,PF-SF,26,TOT,75,2480,12.5,0.546,0.429,0.265,2.3,12.8,7.5,6.7,1,0.4,8,20.9,1.7,1.6,3.3,0.064,-0.7,-1.7,-2.5,-0.3
33,Harrison Barnes,PF,26,DAL,49,1584,13.1,0.538,0.434,0.276,2.5,11.5,7,6.3,1,0.6,7.8,23.7,0.9,1.1,1.9,0.059,-0.8,-2.1,-3,-0.4
33,Harrison Barnes,SF,26,SAC,26,896,11.5,0.566,0.417,0.236,2.1,15.1,8.4,7.3,0.9,0.1,8.6,16,0.8,0.6,1.4,0.074,-0.6,-1,-1.5,0.1
34,Will Barton,SG,28,DEN,40,1113,11.2,0.507,0.427,0.16,3,14.7,8.9,14.6,0.8,1.7,11.8,20.4,0.2,1.1,1.2,0.052,-1.6,-0.5,-2.1,0
35,Keita Bates-Diop,SF,23,MIN,27,442,9.5,0.487,0.36,0.208,3.6,13.2,8.3,4.3,1.5,2.3,6.8,13.9,0,0.3,0.3,0.035,-3,-0.3,-3.3,-0.2
36,Nicolas Batum,SF,30,CHO,72,2284,12.1,0.584,0.528,0.16,3.2,14.8,8.9,14.5,1.5,1.6,16.2,13.4,2,1.7,3.7,0.078,0,0.9,0.9,1.7
37,Jerryd Bayless,PG,30,MIN,34,657,8.6,0.431,0.426,0.122,1.8,8.4,5,24.6,1.3,0.3,11.7,17.5,-0.2,0.2,0,-0.001,-2.3,-2.7,-5,-0.5
38,Aron Baynes,C,32,BOS,50,807,14,0.568,0.274,0.283,11.4,19.9,15.6,9,0.7,3.7,13.7,15.2,1.2,1.1,2.3,0.14,-1.2,1.4,0.1,0.4
39,Kent Bazemore,SG,29,ATL,65,1601,12.2,0.511,0.429,0.256,2.4,14.8,8.5,13.5,2.6,2.3,13.8,22,-0.6,1.4,0.8,0.024,-2.2,0.2,-2,0
40,Bradley Beal,SG,25,WAS,80,2988,20.8,0.583,0.371,0.281,3.1,11.7,7.3,23.9,1.9,1.6,11.2,28.4,5.8,1.7,7.5,0.12,3.9,-1.1,2.7,3.6
Rk,Player,Pos,Age,Tm,G,MP,PER,TS%,3PAr,FTr,ORB%,DRB%,TRB%,AST%,STL%,BLK%,TOV%,USG%,OWS,DWS,WS,WS/48,OBPM,DBPM,BPM,VORP
41,Malik Beasley,SG,22,DEN,78,1807,14,0.599,0.551,0.086,2,9.7,5.8,7.5,1.4,0.4,6.8,18.4,2.8,1.6,4.3,0.115,1.3,-1.9,-0.6,0.6
42,Michael Beasley,PF,30,LAL,26,277,15.9,0.532,0.111,0.255,4.9,17.1,11.2,14.8,1.5,2.9,13.7,29.5,-0.1,0.4,0.2,0.038,-3.7,-0.4,-4.1,-0.1
43,Marco Belinelli,SG,32,SAS,77,1784,12.3,0.562,0.576,0.182,1,10.9,6,10.2,1,0.4,8.8,19.9,1.5,1,2.5,0.068,0.6,-2.4,-1.8,0.1
44,Jordan Bell,C,24,GSW,65,739,12.2,0.512,0.011,0.211,7.4,16.6,12.2,12,1.3,5.6,16.6,13.3,0.3,1,1.4,0.088,-3.5,3,-0.6,0.3
45,DeAndre' Bembry,SG,24,ATL,80,1888,10.7,0.506,0.286,0.217,2.8,17,9.7,14.7,2.5,1.9,17.4,17.1,-0.9,1.7,0.8,0.02,-3.4,1.2,-2.2,-0.1
46,Dragan Bender,PF,21,PHO,44,754,9.2,0.525,0.544,0.246,4.4,20.1,12.1,9.2,1,2.3,14.8,12.7,0.1,0.4,0.5,0.029,-3.1,-0.2,-3.2,-0.2
47,Dairis Bertans,SG,29,NOP,10,120,3.4,0.4,0.771,0,1.8,4.3,3,8.1,0.4,0,5.4,12.7,-0.1,0,-0.1,-0.034,-3.3,-3.8,-7.1,-0.2
48,Davis Bertans,PF,26,SAS,74,1592,12.9,0.632,0.749,0.138,1.6,16.1,8.9,8.3,1,1.8,8.2,13.9,2.5,1.3,3.9,0.117,1.6,-0.3,1.3,1.3
49,Patrick Beverley,PG,30,LAC,77,2115,11.6,0.557,0.588,0.263,3.9,14.9,9.6,18.2,1.5,1.6,13.9,12.1,2.7,2,4.7,0.107,1.1,1.2,2.3,2.3
50,Khem Birch,C,26,ORL,48,605,19.8,0.647,0.007,0.566,13.2,19,16.1,8.6,1.5,4,10.1,14.3,1.8,1,2.8,0.219,0.3,2.5,2.7,0.7
51,Bismack Biyombo,C,26,CHO,51,713,14.8,0.606,0,0.559,11.1,23.5,17.1,5.5,0.7,5,14.6,12.7,1.1,0.8,1.9,0.129,-2.6,1.6,-1,0.2
52,Nemanja Bjelica,PF,30,SAC,75,1755,15.1,0.577,0.43,0.155,7.2,19.2,13,11.1,1.4,2.8,11.7,16.5,2.4,2,4.4,0.119,0.6,1.3,1.9,1.7
53,Antonio Blakeney,SG,22,CHI,56,815,10.4,0.486,0.231,0.19,0.9,13.2,7,7.7,0.7,1,7.6,24.5,-0.8,0.3,-0.6,-0.033,-4.8,-3.6,-8.5,-1.3
54,Eric Bledsoe,PG,29,MIL,77,2247,19.4,0.579,0.387,0.246,3.9,11.8,8.1,27.3,2.4,1.1,13.3,22.9,4.5,3.7,8.2,0.175,2.6,1,3.5,3.1
55,Jaron Blossomgame,SF,25,CLE,27,439,10.2,0.51,0.368,0.123,6.3,19,12.4,4.2,0.8,1.6,9,12.2,0.2,0.1,0.3,0.031,-3,-1.4,-4.4,-0.3
56,Bogdan Bogdanovic,SG,26,SAC,68,1891,14.2,0.531,0.423,0.192,2.1,11,6.5,19.8,1.7,0.7,11.3,22.2,1.3,1.5,2.8,0.071,0.5,-1.1,-0.6,0.7
57,Bojan Bogdanovic,SF,29,IND,80,2544,16.1,0.614,0.367,0.291,1.5,12.7,7.2,9.5,1.3,0,10.2,22.5,3.9,2.9,6.8,0.129,1.4,-1.3,0.1,1.3
58,Andrew Bogut,C,34,GSW,9,109,15.3,0.524,0,0.088,10.3,33.8,22.5,12.2,0.4,3.9,7.8,15,0.2,0.2,0.3,0.153,-2.9,1.6,-1.3,0
59,Jonah Bolden,PF,23,PHI,43,626,13.1,0.606,0.585,0.17,8.2,19.4,13.9,8.5,1.3,4.9,17.4,13.8,0.5,0.9,1.5,0.112,-0.6,2,1.4,0.5
60,Isaac Bonga,PG,19,LAL,20,92,8.7,0.275,0.25,0.536,8,16.5,12.3,17.1,4,2.7,10.4,17.4,-0.2,0.2,-0.1,-0.026,-6.4,3.3,-3,0
Rk,Player,Pos,Age,Tm,G,MP,PER,TS%,3PAr,FTr,ORB%,DRB%,TRB%,AST%,STL%,BLK%,TOV%,USG%,OWS,DWS,WS,WS/48,OBPM,DBPM,BPM,VORP
61,Devin Booker,SG,22,PHO,64,2242,20.3,0.584,0.33,0.362,1.9,11.4,6.6,34.2,1.2,0.5,15.4,32.9,3.3,0.3,3.7,0.079,3.9,-2.9,1,1.7
62,Chris Boucher,PF,26,TOR,27,139,21.4,0.537,0.515,0.227,11.9,21.2,16.7,0,2.1,13.1,6.4,24,0.2,0.4,0.5,0.184,-2.8,0.8,-2,0
63,Avery Bradley,SG,28,TOT,63,1905,7.6,0.496,0.403,0.082,2.5,7.3,4.9,11.8,1,0.7,12.4,16.2,-0.6,1,0.4,0.01,-1.7,-1,-2.7,-0.4
63,Avery Bradley,SG,28,LAC,49,1463,5.6,0.464,0.41,0.06,2.6,6.7,4.7,8.8,0.9,0.9,12.4,14.2,-1,0.7,-0.3,-0.01,-2.4,-0.7,-3.1,-0.4
63,Avery Bradley,SG,28,MEM,14,442,14.5,0.565,0.388,0.133,2,9.3,5.6,21.7,1.6,0,12.3,23,0.3,0.4,0.7,0.074,0.6,-2.1,-1.5,0.1
64,Tony Bradley,C,21,UTA,2,12,-0.8,0.25,0,0,18.4,26.6,22.6,0,0,0,20,17.8,0,0,0,-0.125,-13.7,-5.8,-19.5,-0.1
65,Corey Brewer,SF,32,TOT,29,455,12.6,0.54,0.364,0.355,5.4,11,8.2,10.3,3.1,1.3,10.3,14.2,0.5,0.6,1,0.109,-0.7,1.1,0.4,0.3
65,Corey Brewer,SF,32,PHI,7,140,10.8,0.484,0.286,0.265,3.1,9.5,6.4,10,4,1.1,12.8,18.8,-0.1,0.2,0.1,0.045,-3.2,0.8,-2.4,0
65,Corey Brewer,SF,32,SAC,22,315,13.4,0.575,0.417,0.417,6.4,11.7,9,10.5,2.7,1.4,8.6,12.2,0.6,0.3,0.9,0.138,0.4,1.2,1.6,0.3
66,Mikal Bridges,SF,22,PHO,80,2338,10.7,0.552,0.563,0.208,2.5,9.8,6.1,10,2.6,1.3,10.5,12.2,1.6,1.2,2.8,0.057,-0.5,0.5,-0.1,1.1
67,Miles Bridges,SF,20,CHO,77,1592,12.5,0.538,0.39,0.15,4.1,16.9,10.3,7.5,1.6,2.3,8.6,15.1,1.1,1.4,2.4,0.074,-1.6,0.4,-1.2,0.3
68,Isaiah Briscoe,PG,22,ORL,39,559,6.7,0.455,0.246,0.188,0.9,13.4,7.1,21.1,1,0.3,17.2,14.1,-0.3,0.6,0.3,0.024,-5,-0.6,-5.6,-0.5
69,Ryan Broekhoff,SG,28,DAL,39,409,11.6,0.637,0.73,0.148,1.9,13.5,7.7,7.3,0.5,0.8,8.9,14.1,0.6,0.3,0.9,0.101,-0.2,-1.8,-1.9,0
70,Malcolm Brogdon,SG,26,MIL,64,1832,17.8,0.614,0.326,0.203,3.8,11.7,8,16.1,1.2,0.6,10,20.7,4.2,2.3,6.5,0.172,1.9,-0.4,1.5,1.6
71,Dillon Brooks,SF,23,MEM,18,330,7.6,0.499,0.328,0.246,3,7.6,5.3,7.7,1.5,1.2,12.3,20.9,-0.3,0.3,0,-0.003,-4.2,-1.8,-6,-0.3
72,MarShon Brooks,SG,30,MEM,29,387,11.6,0.518,0.32,0.195,3.4,9.8,6.5,11,1.2,1,10.3,23.6,-0.2,0.3,0.1,0.018,-3,-2.6,-5.6,-0.3
73,Bruce Brown,SG,22,DET,71,1382,6.5,0.459,0.305,0.179,3.3,10.8,6.9,8.8,1.3,2.1,12.4,11.6,-0.3,1.4,1.1,0.038,-4,1.5,-2.5,-0.2
74,Jaylen Brown,SG,22,BOS,72,1869,13.4,0.546,0.349,0.254,3.7,14,8.8,7.6,1.7,1.5,10.1,22,0.6,2.3,3,0.076,-1.6,-0.6,-2.1,-0.1
75,Lorenzo Brown,PG,28,TOR,26,212,6.3,0.38,0.394,0.042,2.6,12.9,7.9,17.3,2.7,2,18.1,17.9,-0.5,0.3,-0.1,-0.027,-5.8,1.5,-4.3,-0.1
76,Sterling Brown,SG,23,MIL,56,984,11.2,0.569,0.478,0.114,3,14.3,9,10.9,1.2,0.7,11.9,15.1,0.8,1.4,2.1,0.103,-1.3,0.1,-1.2,0.2
77,Troy Brown,SF,19,WAS,50,674,11.3,0.49,0.29,0.22,5.3,16.4,10.7,14.7,1.4,0.6,10.3,16.5,0.3,0.3,0.6,0.043,-2.5,-1.2,-3.7,-0.3
78,Jalen Brunson,PG,22,DAL,70,1508,12.8,0.553,0.323,0.205,1.8,9.5,5.7,21.7,1.2,0.2,12.4,19,1.5,0.9,2.4,0.078,-0.7,-1.6,-2.3,-0.1
79,Thomas Bryant,C,21,WAS,70,1456,20.7,0.67,0.196,0.275,8.1,25.1,16.5,9.3,0.8,3.7,9.7,17.5,4.1,1.3,5.3,0.175,1.1,0.3,1.4,1.2
80,Reggie Bullock,SG,27,TOT,63,1879,10.4,0.563,0.662,0.143,1.2,8.8,5,10.1,1,0.5,9.3,15.8,1.6,1.4,3,0.076,0.1,-1,-0.9,0.5
80,Reggie Bullock,SG,27,DET,44,1355,11,0.569,0.667,0.145,1.6,8.6,5,12,0.9,0.3,10.3,16.6,1.4,0.9,2.3,0.083,0.7,-1.2,-0.5,0.5
80,Reggie Bullock,SG,27,LAL,19,524,9.1,0.545,0.647,0.137,0.4,9.3,4.9,5,1.4,1.1,6.3,13.7,0.2,0.4,0.7,0.06,-1.3,-0.5,-1.8,0
Rk,Player,Pos,Age,Tm,G,MP,PER,TS%,3PAr,FTr,ORB%,DRB%,TRB%,AST%,STL%,BLK%,TOV%,USG%,OWS,DWS,WS,WS/48,OBPM,DBPM,BPM,VORP
81,Trey Burke,PG,26,TOT,55,1070,16.2,0.518,0.276,0.226,2.6,6.8,4.7,23.8,1.4,0.6,7.7,24.8,1.2,0.4,1.6,0.073,0.5,-3.1,-2.7,-0.2
81,Trey Burke,PG,26,NYK,33,689,15.6,0.496,0.24,0.209,2.2,7.3,4.7,23.6,1.5,0.6,6.9,26,0.4,0.2,0.6,0.044,-0.1,-3.3,-3.4,-0.2
81,Trey Burke,PG,26,DAL,22,381,17.2,0.566,0.354,0.262,3.4,5.9,4.7,24.3,1.3,0.4,9.4,22.8,0.8,0.2,1,0.125,1.5,-2.8,-1.3,0.1
82,Alec Burks,SG,27,TOT,64,1375,12.7,0.523,0.354,0.297,2.3,16.9,9.4,13.7,1.4,1.3,10.8,19,0.7,0.8,1.5,0.054,-1.5,-0.6,-2.1,0
82,Alec Burks,SG,27,UTA,17,269,12.5,0.547,0.377,0.333,0.8,9.9,5.4,11.2,1.1,1.2,10.3,23.2,0.2,0.3,0.5,0.086,-2.2,-1.5,-3.7,-0.1
82,Alec Burks,SG,27,CLE,34,979,13.2,0.517,0.35,0.288,2.8,18.9,10.5,14.9,1.3,1.4,10.7,19.2,0.6,0.3,0.9,0.043,-1.1,-0.7,-1.7,0.1
82,Alec Burks,SG,27,SAC,13,127,9,0.495,0.3,0.25,1.6,16.6,8.9,9.6,2.9,0.7,15.3,8.5,0,0.2,0.2,0.064,-3.8,1.9,-1.8,0
83,Deonte Burton,SG,25,OKC,31,239,7,0.47,0.329,0.146,1.7,10.7,6.1,5.1,1.2,2.8,9.3,16.4,-0.2,0.3,0.1,0.028,-5.6,-0.6,-6.3,-0.3
84,Jimmy Butler,SF-SG,29,TOT,64,2169,20.4,0.571,0.214,0.406,6.1,10.5,8.3,18.1,2.7,1.4,8.1,22.3,5.5,2.5,8,0.177,2.7,0.7,3.4,3
84,Jimmy Butler,SG,29,MIN,10,361,22.3,0.579,0.287,0.389,4.7,10.7,7.7,18.2,3.2,2.4,7.1,23,1,0.4,1.3,0.178,3.8,0.9,4.6,0.6
84,Jimmy Butler,SF,29,PHI,54,1808,20,0.57,0.198,0.41,6.3,10.5,8.5,18.1,2.6,1.3,8.3,22.1,4.5,2.1,6.6,0.176,2.5,0.7,3.1,2.3
85,Bruno Caboclo,SF,23,MEM,31,703,11.6,0.561,0.59,0.239,5.9,15.7,10.7,8.9,0.8,4.1,13.7,15.3,0.4,0.8,1.2,0.083,-1.5,1.1,-0.3,0.3
86,Jose Calderon,PG,37,DET,48,628,7.2,0.456,0.471,0.092,1.8,8.9,5.2,25,1.3,0.4,22,10.9,0.1,0.5,0.6,0.044,-3.9,-1.1,-5,-0.5
87,Kentavious Caldwell-Pope,SG,25,LAL,80,1949,12.6,0.57,0.586,0.206,2.5,9.4,6,6.8,1.7,0.5,7.3,17.6,2.1,1.7,3.8,0.094,0.4,-1.2,-0.8,0.6
88,Isaiah Canaan,PG,27,TOT,30,629,8,0.518,0.585,0.146,1,9.2,5.1,18.2,1.1,0.3,16.7,14.2,0,0.1,0.1,0.01,-2.4,-2.7,-5.1,-0.5
88,Isaiah Canaan,PG,27,PHO,19,503,7.3,0.515,0.558,0.155,1.1,9.9,5.4,17,1.1,0,17.4,14.2,-0.1,0,-0.1,-0.005,-2.7,-2.5,-5.1,-0.4
88,Isaiah Canaan,PG,27,MIN,7,95,12.4,0.536,0.655,0.138,0,5.7,2.8,26.8,1,0.9,11.5,15.3,0.1,0,0.2,0.081,-0.4,-4.6,-5,-0.1
88,Isaiah Canaan,PG,27,MIL,4,31,5.3,0.5,0.833,0,3.5,9.3,6.6,11.6,0,2.7,25,10.8,0,0,0,0.03,-4.2,-0.2,-4.3,0
89,Clint Capela,C,24,HOU,65,2187,23.5,0.654,0,0.346,14.3,27.8,20.9,6.8,1,3.8,10,18.1,7.4,2.9,10.3,0.226,1.1,1.5,2.6,2.5
90,DeMarre Carroll,PF,32,BRK,66,1688,12.2,0.549,0.54,0.426,4.2,17.2,10.7,7.3,0.9,0.5,9.6,18.6,1.6,1.5,3.1,0.088,-0.8,-0.8,-1.7,0.1
91,Jevon Carter,PG,23,MEM,36,517,5,0.357,0.532,0.165,2.6,10.2,6.3,17.6,2.4,2,15.9,17.4,-1.2,0.6,-0.6,-0.056,-5.9,0.4,-5.5,-0.5
92,Vince Carter,SF,42,ATL,74,1287,12.3,0.578,0.674,0.134,2.4,13,7.6,9.4,1.6,1.7,8.9,16.7,1.4,0.7,2.1,0.077,0.2,-1.4,-1.3,0.2
93,Wendell Carter,C,19,CHI,44,1110,15.2,0.541,0.086,0.302,8.5,21.8,15.1,10.7,1.1,4.5,13.4,19.1,0.7,1.1,1.9,0.081,-2.3,1.8,-0.5,0.4
94,Michael Carter-Williams,PG,27,TOT,26,334,13.9,0.453,0.322,0.391,5.4,14.7,10,25.7,2.3,3.5,12.4,20,0.1,0.5,0.6,0.081,-2.5,1.6,-0.9,0.1
94,Michael Carter-Williams,PG,27,HOU,16,145,12.7,0.476,0.311,0.426,2.2,7.8,5,22.8,3,3.5,12.1,24.7,0,0.2,0.1,0.044,-3.3,-0.3,-3.6,-0.1
94,Michael Carter-Williams,PG,27,ORL,10,189,14.8,0.425,0.333,0.352,7.8,20,13.8,27.9,1.8,3.5,12.6,16.4,0.1,0.3,0.4,0.109,-1.8,3.1,1.3,0.2
95,Alex Caruso,PG,24,LAL,23,448,15.3,0.612,0.328,0.423,4.2,9.5,6.9,16,2.3,1.5,15.6,17.8,0.7,0.5,1.2,0.129,0.1,0.3,0.4,0.3
96,Omri Casspi,SF,30,MEM,36,520,15.7,0.606,0.267,0.36,3.6,21.6,12.4,8.1,1.9,1.6,11,18,0.6,0.7,1.3,0.119,-2,0.1,-1.9,0
97,Willie Cauley-Stein,C,25,SAC,79,2176,17.9,0.564,0.003,0.339,8.1,23.7,15.8,12.5,2,2,9.1,17.5,3.6,3,6.6,0.146,-0.2,2.3,2.1,2.3
98,Troy Caupain,PG,23,ORL,4,16,30.7,0.625,0.375,0,6.6,13.5,10,42.7,3.1,0,0,21.8,0.1,0,0.1,0.348,9.4,-0.4,9,0
99,Tyler Cavanaugh,PF,24,UTA,9,22,9,0.507,0.625,0.25,5,19.3,12.3,0,0,0,10.1,19.2,0,0,0,0.035,-5.9,-6.2,-12,-0.1
100,Tyson Chandler,C,36,TOT,55,875,11.2,0.63,0.01,0.879,11.1,25.3,18.3,5.3,1.1,2.1,23.4,8.5,0.9,1.1,2.1,0.114,-3.1,1.8,-1.3,0.1
100,Tyson Chandler,C,36,PHO,7,89,11.6,0.653,0,1.5,8.6,40.6,24.3,9.1,1.1,0.9,26,13,0.1,0.1,0.2,0.094,-5,0,-4.9,-0.1
100,Tyson Chandler,C,36,LAL,48,786,11.2,0.626,0.011,0.793,11.4,23.5,17.6,4.8,1.1,2.3,23,8,0.9,1,1.9,0.116,-2.9,2,-0.9,0.2
Rk,Player,Pos,Age,Tm,G,MP,PER,TS%,3PAr,FTr,ORB%,DRB%,TRB%,AST%,STL%,BLK%,TOV%,USG%,OWS,DWS,WS,WS/48,OBPM,DBPM,BPM,VORP
101,Wilson Chandler,PF-SF,31,TOT,49,1134,8.6,0.543,0.579,0.089,4.5,14.5,9.7,9.2,1,1.5,14.1,11.6,0.5,1,1.6,0.066,-1.2,0.4,-0.9,0.3
101,Wilson Chandler,PF,31,PHI,36,951,9.1,0.561,0.57,0.087,5,13.4,9.3,9.9,1.1,1.5,15.4,11.2,0.6,0.9,1.5,0.074,-0.8,0.6,-0.2,0.4
101,Wilson Chandler,SF,31,LAC,13,183,6.2,0.47,0.615,0.096,1.8,20.2,11.3,5.1,0.8,1.3,8.4,13.7,-0.1,0.2,0.1,0.021,-3.5,-1,-4.5,-0.1
102,Joe Chealey,PG,23,CHO,1,8,2,0.333,0,0,0,0,0,17.7,0,0,0,16.1,0,0,0,-0.079,-8.9,-8.2,-17.1,0
103,Chris Chiozza,PG,23,HOU,6,27,6.9,0.429,0.571,0,4,8.4,6.2,15.1,1.8,0,12.5,12.9,0,0,0,0.03,-3.7,-1.7,-5.4,0
104,Marquese Chriss,PF,21,TOT,41,473,9.1,0.465,0.413,0.246,8.4,23.6,15.7,6.6,1.6,2,16.3,20.4,-0.6,0.3,-0.2,-0.021,-4.8,-1.4,-6.2,-0.5
104,Marquese Chriss,PF,21,HOU,16,104,3.4,0.391,0.441,0.206,7.3,22.9,14.9,8.2,0.9,3.3,24.4,20.5,-0.3,0.1,-0.2,-0.101,-9.3,-0.2,-9.4,-0.2
104,Marquese Chriss,PF,21,CLE,25,369,10.8,0.483,0.406,0.256,8.7,23.8,15.9,6.1,1.7,1.6,14,20.4,-0.2,0.2,0,0.002,-3.5,-1.7,-5.2,-0.3
105,Gary Clark,PF,24,HOU,50,632,8.9,0.473,0.912,0.048,3.8,16.1,9.8,3.9,1.6,3.5,4.5,10.8,0.2,0.7,0.9,0.067,-2.6,0.7,-1.8,0
106,Ian Clark,SG,27,NOP,58,899,7.4,0.494,0.521,0.097,1.3,8.3,4.8,12.8,1,0.5,13.6,18.8,-0.5,0.3,-0.3,-0.014,-2.8,-3,-5.7,-0.8
107,Jordan Clarkson,SG,26,CLE,79,2166,17.1,0.541,0.377,0.165,3.9,10,6.9,15.7,1.3,0.5,9.5,27.7,2,0,2.1,0.046,1.7,-3.5,-1.7,0.1
108,John Collins,PF,21,ATL,60,1793,21.7,0.627,0.191,0.321,12.1,21.6,16.8,10.7,0.6,1.8,11.2,23.8,4.9,0.9,5.9,0.157,2.6,-1.4,1.2,1.4
109,Zach Collins,C,21,POR,74,1311,13.4,0.561,0.306,0.322,8.6,16.7,12.7,7.2,0.9,3.8,14.1,16.5,1.4,1.5,2.9,0.105,-0.9,1,0,0.7
110,Darren Collison,PG,31,IND,74,2104,17,0.581,0.293,0.289,1.9,10,6,29.9,2.5,0.4,14.4,17.6,4.1,2.9,7,0.159,1.4,0.1,1.4,1.8
111,Bonzie Colson,SF,23,MIL,6,49,11.4,0.379,0.5,0.182,13.3,25.5,19.8,7.9,0.9,1.7,4,21.2,0,0.1,0.1,0.055,-4.2,-1.4,-5.6,0
112,Mike Conley,PG,31,MEM,70,2342,21.4,0.569,0.38,0.363,1.9,9.7,5.7,33.5,2,0.9,9.1,27.3,5.7,2.4,8,0.164,4.8,-1.3,3.5,3.2
113,Pat Connaughton,SG,26,MIL,59,1219,13.5,0.57,0.569,0.12,5.1,15.1,10.4,12.5,1.2,1.7,7.9,13.1,2,1.8,3.8,0.149,0.4,1.2,1.6,1.1
114,Quinn Cook,PG,25,GSW,71,989,13.1,0.565,0.468,0.054,2.4,13.3,8.1,15,1,0.3,10,20,1,0.7,1.7,0.083,-0.2,-2.5,-2.7,-0.2
115,DeMarcus Cousins,C,28,GSW,28,713,22.2,0.574,0.246,0.391,6.6,26.4,16.9,20.2,2.5,5.1,14.1,27.7,1,1.4,2.5,0.166,0.7,3.5,4.2,1.1
116,Robert Covington,SF,28,TOT,35,1203,13.3,0.58,0.622,0.246,2.5,14.5,8.5,5.2,2.9,3.2,10.5,15.6,0.9,1.6,2.5,0.101,0.5,2,2.4,1.3
116,Robert Covington,SF,28,PHI,13,440,11,0.578,0.658,0.197,1.7,14,8.1,4.3,2.6,4.1,14.8,14.2,0,0.7,0.7,0.077,-1.3,2.5,1.3,0.4
116,Robert Covington,SF,28,MIN,22,763,14.7,0.58,0.604,0.269,2.9,14.8,8.8,5.8,3.1,2.7,8.4,16.4,0.9,0.9,1.8,0.115,1.4,1.6,3.1,1
117,Allen Crabbe,SG,26,BRK,43,1133,7.7,0.519,0.694,0.15,1.5,12.2,6.9,5.8,1,0.9,10.4,16.5,-0.2,0.9,0.8,0.032,-1.9,-0.6,-2.6,-0.2
118,Torrey Craig,SF,28,DEN,72,1446,10.2,0.538,0.514,0.188,6.5,12.7,9.6,6,1.3,2.8,10.1,12.5,1.2,1.6,2.8,0.093,-1.1,1,-0.2,0.7
119,Jamal Crawford,SG,38,PHO,62,1146,10.2,0.496,0.463,0.246,0.8,6.7,3.7,27.2,1.3,0.8,17.7,19.7,-0.4,0.1,-0.3,-0.013,-2.9,-4,-6.9,-1.4
120,Mitch Creek,SF,26,BRK,4,36,21.5,0.573,0.1,0.7,14.7,14.5,14.6,20.2,1.3,0,0,15.3,0.2,0,0.2,0.256,3.3,-0.1,3.1,0
Rk,Player,Pos,Age,Tm,G,MP,PER,TS%,3PAr,FTr,ORB%,DRB%,TRB%,AST%,STL%,BLK%,TOV%,USG%,OWS,DWS,WS,WS/48,OBPM,DBPM,BPM,VORP
121,Jae Crowder,SF,28,UTA,77,2102,12,0.535,0.657,0.245,3.2,15.6,9.5,8.8,1.5,1.1,8.7,19.1,1.1,3.1,4.2,0.096,0,0.5,0.5,1.3
122,Dante Cunningham,PF,31,SAS,63,923,10.3,0.592,0.41,0.115,5.7,16.3,11,6.8,1.4,1.2,11.8,8.9,1,0.8,1.9,0.097,-0.9,0.7,-0.1,0.4
123,Seth Curry,SG,28,POR,72,1349,11.1,0.591,0.54,0.117,2.2,6.9,4.6,6.7,1.2,0.7,11.1,16.4,1.4,0.8,2.2,0.079,0.3,-1.8,-1.4,0.2
124,Stephen Curry,PG,30,GSW,67,2292,24.4,0.641,0.606,0.217,2.2,14.2,8.5,24.3,1.9,0.9,11.6,30.4,7.1,2.4,9.5,0.2,7.8,-1.4,6.4,4.8
125,Troy Daniels,SG,27,PHO,49,723,10.5,0.575,0.705,0.087,1.8,9.1,5.4,5.1,1.6,0.6,9,17.9,0.3,0.1,0.5,0.031,-0.6,-3.4,-3.9,-0.4
126,Anthony Davis,C,25,NOP,56,1850,30.3,0.597,0.141,0.422,9.9,27.6,18.8,19.1,2.2,6,8.4,29.5,6.4,3.1,9.5,0.248,4.7,3.8,8.5,4.9
127,Deyonta Davis,C,22,ATL,7,102,14.3,0.647,0.053,0.316,8.1,26.4,17.1,5.3,1.4,4.2,12.2,9.8,0.2,0.1,0.3,0.128,-2.8,1.6,-1.3,0
128,Ed Davis,C,29,BRK,79,1411,17.3,0.632,0.007,0.534,15.9,34.7,25.3,6.2,1.1,1.8,14.9,12.8,3.2,2.4,5.5,0.189,-1.4,1.6,0.2,0.8
129,Tyler Davis,C,21,OKC,1,1,0,0,0,0,100,0,51.7,0,0,0,0,40.7,0,0,0,-0.473,-15,-20.6,-35.5,0
130,Dewayne Dedmon,C,29,ATL,64,1609,16.1,0.602,0.413,0.215,6.7,25.1,15.7,8.1,2,3.8,12.7,16.7,2.1,1.9,4,0.119,-0.4,1.7,1.3,1.3
131,Sam Dekker,PF,24,TOT,45,733,14,0.537,0.225,0.195,6.9,13.7,10.2,8.6,2.3,0.8,7.9,16.2,0.7,0.4,1.1,0.075,-1.2,-0.8,-2.1,0
131,Sam Dekker,PF,24,CLE,9,169,14,0.544,0.271,0.208,5.7,16.4,10.8,7.8,3.2,0,8.7,14.8,0.2,0.1,0.3,0.081,-1,-0.3,-1.3,0
131,Sam Dekker,PF,24,WAS,36,564,14,0.535,0.213,0.191,7.2,12.9,10,8.8,2,1,7.7,16.6,0.5,0.3,0.9,0.073,-1.3,-1,-2.3,0
132,Angel Delgado,C,24,LAC,2,15,4.3,0.255,0,0.4,14.6,13.7,14.1,0,3.1,0,0,16.5,0,0,0,-0.053,-8.6,-4,-12.7,0
133,Matthew Dellavedova,PG,28,TOT,48,812,11.1,0.532,0.537,0.215,0.8,9.9,5.2,31.8,0.8,0.2,20.4,17.8,0.5,0,0.5,0.029,-1.3,-4.1,-5.4,-0.7
133,Matthew Dellavedova,PG,28,MIL,12,97,7.5,0.482,0.579,0.211,0,9.9,5.3,35.7,1,0,34.6,13.7,0,0.1,0.1,0.044,-5.5,-3,-8.5,-0.2
133,Matthew Dellavedova,PG,28,CLE,36,715,11.6,0.537,0.534,0.215,0.9,9.9,5.2,31.3,0.8,0.2,18.9,18.4,0.5,-0.1,0.4,0.027,-0.7,-4.2,-5,-0.5
134,Luol Deng,SF,33,MIN,22,392,14.6,0.588,0.373,0.297,5.4,14.6,9.9,6.5,1.8,1.7,9.5,15.8,0.5,0.3,0.8,0.103,-0.2,-0.5,-0.6,0.1
135,DeMar DeRozan,SG,29,SAS,75,2623,19.6,0.542,0.034,0.332,2.2,16.6,9.4,27.6,1.5,1.2,11.6,28,3.5,2.4,6,0.109,0.4,0.4,0.7,1.8
136,Marcus Derrickson,PF,22,GSW,9,54,10.3,0.543,0.583,0.167,10.4,5.7,7.9,2.6,0,1.6,10.4,22.8,0,0,0,0.04,-1,-5.6,-6.7,-0.1
137,Cheick Diallo,PF,22,NOP,62,842,17.6,0.638,0.012,0.259,9,29.6,19.4,4.3,1.5,3.2,13.8,16.3,1.3,1.1,2.4,0.139,-2.4,0.3,-2.2,0
138,Hamidou Diallo,SG,20,OKC,51,526,10.2,0.497,0.145,0.358,7.2,12,9.5,4.4,1.9,1.6,10.7,16.6,0.1,0.7,0.8,0.07,-4.4,-0.4,-4.7,-0.4
139,Gorgui Dieng,C,29,MIN,73,953,18.2,0.576,0.15,0.288,8.2,24.3,16.2,9.7,2.2,3.6,11.3,19,1.5,1.3,2.7,0.138,-0.9,1.5,0.6,0.6
140,Spencer Dinwiddie,PG,25,BRK,66,1863,16.5,0.581,0.44,0.432,1.5,7.8,4.6,25.5,1,0.7,13.2,25.1,3.4,1.3,4.7,0.121,1.9,-2.2,-0.3,0.8
Rk,Player,Pos,Age,Tm,G,MP,PER,TS%,3PAr,FTr,ORB%,DRB%,TRB%,AST%,STL%,BLK%,TOV%,USG%,OWS,DWS,WS,WS/48,OBPM,DBPM,BPM,VORP
141,Donte DiVincenzo,SG,22,MIL,27,411,9.1,0.507,0.669,0.097,4.2,11.5,8.1,9.7,1.5,1.2,12.8,15.1,0,0.6,0.6,0.069,-1.9,0.1,-1.8,0
142,Luka Doncic,SG,19,DAL,71,2286,19.4,0.545,0.434,0.407,3.9,21.6,12.8,31.3,1.6,0.9,15,30.6,2.1,2.7,4.7,0.099,2.8,1.1,3.9,3.4
143,Tyler Dorsey,SG,22,TOT,45,604,11,0.502,0.493,0.253,3.9,14.8,9.2,11.9,1,0.3,7.7,19.3,0.2,0.4,0.5,0.043,-1.7,-2.4,-4.1,-0.3
143,Tyler Dorsey,SG,22,ATL,27,251,7.8,0.448,0.438,0.292,3.7,14.6,9,9.3,1.3,0.3,9.1,17.9,-0.2,0.1,-0.1,-0.01,-4.3,-2.7,-6.9,-0.3
143,Tyler Dorsey,SG,22,MEM,18,353,13.2,0.538,0.529,0.228,4.1,14.9,9.4,13.8,0.8,0.3,6.8,20.3,0.3,0.3,0.6,0.082,0.1,-2.2,-2.2,0
144,Damyean Dotson,SG,24,NYK,70,1902,11.1,0.529,0.491,0.146,1.8,12.3,6.9,10,1.5,0.4,8.4,17.5,0.8,0.8,1.6,0.04,-0.7,-1.4,-2.1,-0.1
145,PJ Dozier,SG,22,BOS,5,14,16.5,0.5,0.286,0,15.2,30.6,22.9,0,0,0,0,21.6,0,0,0,0.12,-4.9,-9.4,-14.4,0
146,Goran Dragic,PG,32,MIA,33,911,14.6,0.53,0.385,0.243,2,9.9,5.9,26.9,1.5,0.5,12.9,24.4,0.8,0.9,1.7,0.087,0.5,-1.5,-1.1,0.2
147,Andre Drummond,C,25,DET,76,2539,23.3,0.554,0.037,0.39,16.7,34.5,25.3,7.1,2.5,4.4,12.3,23,3.8,5.5,9.3,0.177,-0.8,3.5,2.7,3
148,Jared Dudley,PF,33,BRK,58,1193,7.8,0.555,0.622,0.197,3,10.3,6.7,8.9,1.4,1,13.9,10.4,0.7,1.1,1.7,0.068,-1.7,0.9,-0.8,0.4
149,Kris Dunn,PG,24,CHI,46,1389,12.4,0.484,0.19,0.136,1.5,13.3,7.3,29.9,2.4,1.3,16.2,20.1,-0.5,1.2,0.7,0.023,-2,0.3,-1.8,0.1
150,Kevin Durant,PF,30,GSW,76,2655,24,0.628,0.281,0.362,1.4,17.7,9.9,26,1,2.6,12.4,29.1,8.2,2.9,11.1,0.2,4,0.1,4.1,4.1
151,Trevon Duval,PG,20,MIL,3,6,38.4,0.833,0.333,0,0,16,8.5,58.9,0,0,0,21,0.1,0,0.1,0.538,13.9,-4.1,9.7,0
152,Vince Edwards,SF,22,HOU,2,16,3.8,0.375,1,0,6.8,7.1,6.9,0,0,0,0,10.9,0,0,0,-0.015,-4.3,-5.5,-9.8,0
153,Henry Ellenson,PF,22,TOT,16,206,12.2,0.516,0.395,0.25,2,26.4,13.8,10.5,1.6,0,9.6,19.3,0,0.2,0.2,0.054,-3.2,-1.5,-4.6,-0.1
153,Henry Ellenson,PF,22,DET,2,25,14.8,0.551,0.4,0.2,0,40.9,19.7,6.2,0,0,0,18.8,0,0,0.1,0.147,-3.7,-2.9,-6.7,0
153,Henry Ellenson,PF,22,NYK,14,181,11.8,0.51,0.394,0.258,2.3,24.4,13,11.1,1.9,0,10.9,19.4,0,0.2,0.2,0.041,-3.1,-1.3,-4.3,-0.1
154,Wayne Ellington,SG,31,TOT,50,1209,12,0.574,0.815,0.096,1.1,7.9,4.5,8.2,2,0.4,7.5,17.1,1.3,1.2,2.5,0.099,1.4,-1.1,0.3,0.7
154,Wayne Ellington,SG,31,MIA,25,533,10.9,0.547,0.842,0.087,1.2,8.2,4.7,7.8,2.2,0.5,6.8,16.5,0.4,0.6,1,0.091,0.6,-1,-0.5,0.2
154,Wayne Ellington,SG,31,DET,25,676,12.8,0.594,0.795,0.102,1.1,7.7,4.3,8.5,1.9,0.4,7.9,17.7,0.8,0.6,1.5,0.105,2,-1.2,0.8,0.5
155,Joel Embiid,C,24,PHI,64,2154,26.2,0.593,0.219,0.541,8.1,33.9,21.4,18.5,1,4.5,13.2,33.3,5,3.8,8.8,0.195,2,2.2,4.2,3.4
156,James Ennis,SF,28,TOT,58,1230,11,0.59,0.531,0.276,5.3,10.9,8.1,4.7,1.6,1.6,9.3,12.7,1.6,1,2.6,0.103,-0.5,-0.1,-0.7,0.4
156,James Ennis,SF,28,HOU,40,949,11.3,0.622,0.569,0.275,4.2,9.6,6.8,4.1,2,1.4,8.9,11.9,1.4,0.8,2.2,0.112,-0.1,0.2,0.1,0.5
156,James Ennis,SF,28,PHI,18,281,9.9,0.51,0.434,0.277,8.9,15.4,12.2,6.8,0.5,2,10.6,15.5,0.2,0.2,0.4,0.071,-2,-1.2,-3.1,-0.1
157,Drew Eubanks,PF,21,SAS,22,111,15.8,0.667,0,0.52,5.9,27.3,16.7,8.5,0.9,3.8,20.7,15.4,0.2,0.1,0.3,0.129,-3.2,1.3,-1.9,0
158,Jacob Evans,SG,21,GSW,28,142,0.3,0.288,0.222,0.028,3.1,9.4,6.4,14.3,0.7,0.6,16.1,13.1,-0.3,0.1,-0.2,-0.073,-7.6,-1.7,-9.3,-0.3
159,Jawun Evans,PG,22,PHO,7,64,0.7,0.231,0.154,0,1.7,19.4,10.4,20,2.2,0,31.6,12.8,-0.2,0,-0.2,-0.137,-10.2,0.1,-10,-0.1
160,Tyreke Evans,SG,29,IND,68,1376,11.1,0.475,0.322,0.24,2.7,13.1,8,17.2,2.1,1.2,13.9,26.4,-1.8,2,0.1,0.005,-3.5,-0.3,-3.7,-0.6
Rk,Player,Pos,Age,Tm,G,MP,PER,TS%,3PAr,FTr,ORB%,DRB%,TRB%,AST%,STL%,BLK%,TOV%,USG%,OWS,DWS,WS,WS/48,OBPM,DBPM,BPM,VORP
161,Dante Exum,PG,23,UTA,42,664,11.2,0.516,0.257,0.357,2.7,8.3,5.5,24.1,1,0.6,15.7,21.3,0.2,0.7,1,0.071,-2.6,-1.3,-3.9,-0.3
162,Kenneth Faried,C,29,TOT,36,720,21.3,0.62,0.092,0.375,14.3,23.6,18.8,4.7,1.2,2.6,9.8,20.2,2,0.9,2.8,0.19,-0.3,-0.9,-1.3,0.1
162,Kenneth Faried,C,29,BRK,12,118,20.5,0.622,0.119,0.381,13.5,25.7,19.6,2.8,0.8,2.7,10.9,19.6,0.2,0.2,0.4,0.166,-2,-1.6,-3.5,0
162,Kenneth Faried,C,29,HOU,24,602,21.5,0.619,0.087,0.374,14.4,23.2,18.7,5,1.2,2.5,9.6,20.4,1.7,0.7,2.4,0.194,0,-0.8,-0.8,0.2
163,Derrick Favors,C,27,UTA,75,1744,21.9,0.624,0.127,0.371,12.9,21.3,17.2,8,1.5,4.8,10.3,19.3,4.5,3.5,7.9,0.219,1.2,3.3,4.4,2.8
164,Cristiano Felicio,C,26,CHI,58,707,13.8,0.579,0.023,0.395,11.6,19.9,15.7,7.4,0.7,0.9,13.7,14.4,1,0.4,1.4,0.094,-2.1,-1,-3.2,-0.2
165,Raymond Felton,PG,34,OKC,30,335,10.5,0.485,0.418,0.107,1.2,7.7,4.3,17.1,1.4,1.5,9.2,17.1,0.1,0.4,0.5,0.069,-3,-1.7,-4.7,-0.2
166,Terrance Ferguson,SG,20,OKC,71,1847,6.1,0.556,0.67,0.118,1.7,5.6,3.6,4.4,1,0.7,9,10.3,1,1.6,2.6,0.068,-1.7,-0.5,-2.2,-0.1
167,Yogi Ferrell,PG,25,SAC,69,1019,12.5,0.549,0.42,0.201,1.2,9.6,5.3,17.1,1.5,0.3,9.7,16.3,1.2,0.7,1.8,0.087,-0.7,-1.8,-2.5,-0.1
168,Dorian Finney-Smith,SF,25,DAL,78,1901,11,0.536,0.488,0.204,7.2,13.3,10.3,6.7,1.7,1.6,11.7,13.7,1.2,1.9,3.1,0.079,-1,1.2,0.2,1.1
169,Bryn Forbes,SG,25,SAS,80,2236,12,0.586,0.521,0.1,0.8,10.3,5.6,10.5,1,0.2,8.9,17.4,2.4,1.2,3.5,0.076,1,-1.8,-0.8,0.7
170,Evan Fournier,SG,26,ORL,79,2486,12.2,0.535,0.423,0.156,1.6,9.3,5.4,17.8,1.4,0.4,12,22.1,0.7,2.4,3.1,0.06,-0.4,-1.1,-1.5,0.3
171,De'Aaron Fox,PG,21,SAC,79,2494,17.8,0.541,0.212,0.385,1.7,10.8,6.1,32.7,2.4,1.5,15.1,24.5,2.8,2.5,5.3,0.102,0.8,0,0.8,1.8
172,Melvin Frazier,SG,22,ORL,10,44,1.2,0.33,0.286,0.19,7.2,4.9,6.1,3.4,1.1,0,4.2,23.5,-0.2,0,-0.1,-0.133,-8.4,-4.4,-12.9,-0.1
173,Tim Frazier,PG,28,TOT,57,1048,11.2,0.54,0.405,0.203,3.8,11.4,7.7,27.7,1.2,0.3,21.9,12.7,1.1,0.6,1.7,0.078,-1.1,-1.4,-2.5,-0.1
173,Tim Frazier,PG,28,NOP,47,909,11.7,0.552,0.395,0.21,3.7,11.8,7.8,28.1,1.3,0.4,22,12.3,1.1,0.4,1.5,0.081,-0.8,-1.4,-2.2,0
173,Tim Frazier,PG,28,MIL,10,139,8.6,0.479,0.459,0.162,4.7,8.3,6.6,25.2,1,0,21.7,15.3,0,0.2,0.2,0.06,-3,-1.6,-4.6,-0.1
174,Jimmer Fredette,SG,29,PHO,4,46,4.8,0.398,0.4,0.24,0,9.8,4.8,10,3.1,0,12.6,29.6,-0.2,0,-0.2,-0.166,-8.2,-4.2,-12.4,-0.1
175,Channing Frye,C,35,CLE,34,318,8.8,0.517,0.686,0.114,1.3,16,8.4,8.7,0.9,1.4,8.3,16.5,0.1,0.1,0.1,0.022,-1.8,-2.7,-4.5,-0.2
176,Markelle Fultz,SG,20,PHI,19,427,10.5,0.452,0.09,0.239,6.6,10.6,8.7,19.6,1.9,0.9,12.7,19.3,-0.1,0.4,0.3,0.036,-2.9,-0.1,-3.1,-0.1
177,Danilo Gallinari,SF,30,LAC,67,2035,21,0.635,0.425,0.46,2.9,18.2,10.8,13,1.1,0.9,8.6,23.8,6.4,1.8,8.2,0.193,4.2,-1.2,3,2.6
178,Langston Galloway,SG,27,DET,77,1684,10.8,0.541,0.647,0.167,2.9,7.9,5.3,7.3,1,0.4,3.8,16.1,2.1,1.2,3.3,0.095,0.4,-1.6,-1.2,0.3
179,Billy Garrett,SG,24,NYK,2,37,8.6,0.432,0.308,0.154,0,2.9,1.4,16.4,1.3,2.3,6.7,17.1,0,0,0,-0.017,-4.9,-3.5,-8.3,-0.1
180,Marc Gasol,C,34,TOT,77,2379,16.7,0.544,0.312,0.285,3.6,25.2,14.3,22.4,1.7,3.3,13.6,20.9,1.8,3.9,5.8,0.116,-0.3,3.2,2.9,2.9
180,Marc Gasol,C,34,MEM,53,1788,16.9,0.541,0.324,0.294,3.4,25.6,14.3,22.7,1.7,3.4,13.4,22.3,1,2.8,3.9,0.104,-0.3,3,2.7,2.2
180,Marc Gasol,C,34,TOR,24,591,16.2,0.557,0.27,0.247,4.1,23.9,14.2,21.5,1.9,3.2,14.7,16.8,0.8,1.1,1.9,0.153,-0.4,3.7,3.3,0.8
Rk,Player,Pos,Age,Tm,G,MP,PER,TS%,3PAr,FTr,ORB%,DRB%,TRB%,AST%,STL%,BLK%,TOV%,USG%,OWS,DWS,WS,WS/48,OBPM,DBPM,BPM,VORP
181,Pau Gasol,C,38,TOT,30,360,16.7,0.529,0.138,0.426,6.7,34.3,20.7,19.1,0.7,3.5,12.5,15.6,0.5,0.5,1,0.14,-2.1,2.6,0.5,0.2
181,Pau Gasol,C,38,SAS,27,330,18,0.544,0.114,0.432,7.3,34.5,21,20.2,0.7,3.6,11.8,15.8,0.6,0.5,1.1,0.158,-1.3,2.7,1.4,0.3
181,Pau Gasol,C,38,MIL,3,30,1.7,0.291,0.5,0.333,0,32,17,7.7,0,2.8,22.5,12.4,-0.1,0.1,0,-0.063,-10.7,1.6,-9,-0.1
182,Rudy Gay,PF,32,SAS,67,1797,17.9,0.587,0.248,0.195,3.8,23.6,13.8,14.8,1.4,1.6,11.8,22,2.4,2.1,4.5,0.12,0.6,0.6,1.2,1.4
183,Paul George,SF,28,OKC,75,2762,23.4,0.585,0.466,0.336,3.7,19.7,11.4,17.8,2.8,1,10.1,29.5,6.9,4.8,11.6,0.202,4.8,0.7,5.5,5.2
184,Taj Gibson,PF,33,MIN,70,1686,17.8,0.612,0.063,0.33,10.8,18.3,14.5,7.3,1.5,2,10.6,17.1,3.7,1.4,5.1,0.146,0.8,0.3,1,1.3
185,Harry Giles,PF,20,SAC,58,820,14.4,0.526,0.017,0.261,8.1,20,13.9,15.2,1.8,2.3,15.8,23.2,0,1,1,0.058,-3.1,1,-2.1,0
186,Shai Gilgeous-Alexander,PG,20,LAC,80,2121,13.5,0.554,0.197,0.271,2.9,8.3,5.7,17.9,2.1,1.7,15.2,18.4,1.4,1.9,3.3,0.075,-0.6,0.3,-0.3,0.9
187,Rudy Gobert,C,26,UTA,79,2506,24.6,0.682,0,0.733,13.3,30.5,22.1,9.6,1.2,5.8,12.3,17.7,8.4,5.7,14.1,0.27,1.9,5.1,7.1,5.8
188,Brandon Goodwin,PG,23,DEN,16,57,8.3,0.413,0.261,0.478,1.9,3.8,2.9,32,0,0,9.7,23.1,0,0,0,0.023,-4.5,-6.4,-10.8,-0.1
189,Aaron Gordon,PF,23,ORL,76,2559,15,0.536,0.335,0.243,5.1,18.4,11.7,16.8,1.1,1.8,12.3,21.8,1.6,3.3,4.9,0.091,-0.3,1.2,0.9,1.9
190,Eric Gordon,SG,30,HOU,66,2103,12.1,0.546,0.634,0.167,0.9,7,3.8,9.5,0.9,1.1,8.2,22,1.6,0.9,2.5,0.057,-0.1,-2.9,-2.9,-0.5
191,Marcin Gortat,C,34,LAC,47,751,12.8,0.562,0,0.258,9.8,26.6,18.4,12,0.4,2.5,19.4,14.5,0.6,0.8,1.4,0.09,-2.5,1.4,-1.1,0.2
192,Devonte' Graham,PG,23,CHO,43,621,10.6,0.463,0.56,0.22,1.5,8.2,4.8,25.5,1.7,0.3,11.3,17.1,0.2,0.3,0.5,0.039,-1.5,-2.8,-4.3,-0.4
193,Treveon Graham,SG,25,BRK,33,668,5.8,0.456,0.665,0.129,3.3,12.4,7.9,6.3,0.9,0.8,8.6,12.4,-0.1,0.5,0.4,0.027,-3,-0.1,-3.1,-0.2
194,Jerami Grant,PF,24,OKC,77,2503,13.7,0.589,0.351,0.271,3.6,13.4,8.3,4.3,1.1,3.3,6.9,15.4,3.7,3.3,6.9,0.133,-0.7,1,0.2,1.4
195,Jerian Grant,PG,26,ORL,60,939,10.8,0.526,0.5,0.182,2.1,9.1,5.6,22.5,2.3,0.5,17.7,13.4,0.5,1.2,1.7,0.085,-1.9,-0.1,-2,0
196,Donte Grantham,SF,23,OKC,3,2,-38.1,0,1,0,0,0,0,0,0,0,0,40.7,0,0,0,-0.947,-25.2,-13.7,-38.9,0
197,Danny Green,SG,31,TOR,78,2156,12.9,0.63,0.691,0.065,3.1,12.3,7.8,7.5,1.6,1.9,10.4,14,2.9,2.8,5.6,0.126,1.7,1.1,2.8,2.6
198,Draymond Green,PF,28,GSW,64,2017,12.8,0.529,0.399,0.217,3.2,20.6,12.3,26.9,2.1,2.8,26.7,13,1.2,3,4.2,0.1,-1.3,3.2,1.9,2
199,Gerald Green,SG,33,HOU,71,1446,11.3,0.555,0.758,0.121,2.3,11.8,6.9,4.2,1.1,1.6,8.5,19.5,0.8,1,1.8,0.061,-0.8,-2.5,-3.3,-0.5
200,JaMychal Green,PF,28,TOT,64,1345,14.8,0.586,0.366,0.21,8.5,24.7,16.6,5.8,1.6,2.3,14.4,19.5,0.9,1.9,2.9,0.102,-1.5,0,-1.5,0.2
200,JaMychal Green,PF,28,MEM,41,900,14.9,0.58,0.308,0.256,8.8,22.9,15.7,6.5,1.8,2.7,15.6,20.4,0.4,1.4,1.8,0.095,-2.1,0.6,-1.5,0.1
200,JaMychal Green,PF,28,LAC,23,445,14.5,0.598,0.484,0.116,7.9,28.4,18.5,4.3,1.3,1.2,11.9,17.5,0.5,0.6,1.1,0.116,-0.5,-1.2,-1.7,0
Rk,Player,Pos,Age,Tm,G,MP,PER,TS%,3PAr,FTr,ORB%,DRB%,TRB%,AST%,STL%,BLK%,TOV%,USG%,OWS,DWS,WS,WS/48,OBPM,DBPM,BPM,VORP
201,Jeff Green,PF,32,WAS,75,2056,13.6,0.613,0.465,0.298,3,13.2,8,9.1,1,1.6,11.5,17.5,2.9,0.8,3.6,0.085,0.3,-1.3,-1,0.5
202,Blake Griffin,PF,29,DET,73,2571,21.3,0.584,0.386,0.414,4.1,20.3,11.9,27.3,1,0.9,13.8,30.3,5.2,2.8,8,0.149,4.4,0.4,4.8,4.4
203,Daniel Hamilton,SG,23,ATL,19,204,7.1,0.455,0.383,0.1,5.1,19.6,12.2,14.6,1.4,0.4,20.3,15.7,-0.2,0.1,-0.1,-0.024,-4.9,-0.9,-5.8,-0.2
204,Dusty Hannahs,SG,25,MEM,2,26,4.6,0.311,0.417,0.167,0,4.4,2.2,28.9,1.9,0,7.2,23.9,-0.1,0,-0.1,-0.126,-7.1,-5.1,-12.2,-0.1
205,Tim Hardaway,SG,26,TOT,65,2057,13.6,0.527,0.48,0.278,1.7,9.9,5.7,12.7,1.3,0.3,8.6,25.3,1,0.8,1.8,0.043,0.5,-2.9,-2.4,-0.2
205,Tim Hardaway,SG,26,NYK,46,1499,14.4,0.531,0.464,0.321,1.8,9.7,5.6,13.4,1.3,0.3,8.9,25.9,1,0.5,1.5,0.048,1,-3.1,-2.1,0
205,Tim Hardaway,SG,26,DAL,19,558,11.7,0.514,0.524,0.161,1.4,10.3,5.9,10.9,1,0.3,7.7,23.9,0,0.3,0.4,0.031,-0.7,-2.6,-3.3,-0.2
206,James Harden,PG,29,HOU,76,2801,30.6,0.615,0.539,0.449,2.5,17.4,9.8,39.8,2.7,1.7,14.4,40.5,11.2,3.6,14.8,0.253,10.6,1.1,11.7,9.7
207,Maurice Harkless,SF,25,POR,58,1360,12.8,0.537,0.312,0.175,5.9,14,10,7.3,2.4,2.9,9.9,13.8,1.2,1.9,3.1,0.108,-0.4,2.4,2,1.4
208,Montrezl Harrell,C,25,LAC,80,2106,23.4,0.636,0.02,0.468,9.4,16.8,13.2,12.2,1.5,4.1,10.9,23.4,6,2.6,8.6,0.195,2.6,1.5,4.1,3.2
209,Devin Harris,PG,35,DAL,65,993,10.7,0.527,0.584,0.388,1.2,9.9,5.6,16.4,1.7,1.1,11.9,18.5,0.5,0.9,1.4,0.068,-1.2,-1,-2.2,-0.1
210,Gary Harris,SG,24,DEN,54,1555,12,0.524,0.391,0.227,2.7,8.1,5.4,11.1,1.6,1,9,19.9,1,1.4,2.5,0.076,-0.8,-1,-1.8,0.1
211,Joe Harris,SG,27,BRK,75,2263,13.5,0.643,0.514,0.178,2.4,10.9,6.7,11.9,0.8,0.6,12.9,17,3.7,1.6,5.3,0.113,1.4,-0.5,0.9,1.6
212,Tobias Harris,PF,26,TOT,81,2827,17.4,0.596,0.313,0.248,2.6,20.7,11.9,12.6,0.9,1,9.9,22.7,4.6,2.7,7.3,0.124,1.2,-0.6,0.7,1.9
212,Tobias Harris,PF,26,LAC,55,1903,18.3,0.605,0.302,0.256,2.1,21.3,12,12.5,1,1,10.3,23.5,3.3,1.8,5.1,0.129,1.6,-0.5,1.1,1.5
212,Tobias Harris,PF,26,PHI,26,924,15.7,0.576,0.337,0.23,3.5,19.4,11.7,12.7,0.6,1.1,9.1,21,1.4,0.8,2.2,0.114,0.5,-0.8,-0.3,0.4
213,Andrew Harrison,PG,24,TOT,17,187,5.8,0.443,0.472,0.34,3.4,8.4,5.8,17.1,1.1,0.9,16.5,16.8,-0.1,0,-0.1,-0.026,-3.8,-2.7,-6.5,-0.2
213,Andrew Harrison,PG,24,MEM,1,5,4.6,0.5,0.5,0,0,0,0,0,0,0,0,17.9,0,0,0,-0.012,-4.1,-6.2,-10.3,0
213,Andrew Harrison,PG,24,CLE,10,144,6.6,0.467,0.359,0.41,3,8.8,5.8,16.3,1.4,1.2,17.8,17,-0.1,0,-0.1,-0.021,-3.9,-2.2,-6.1,-0.1
213,Andrew Harrison,PG,24,NOP,6,38,3.1,0.349,0.833,0.167,5.5,8.1,6.8,22.3,0,0,13.4,16.1,0,0,0,-0.05,-3.1,-4.4,-7.4,-0.1
214,Shaquille Harrison,PG,25,CHI,71,1382,12.2,0.493,0.21,0.295,2.6,14.3,8.4,14.2,3.1,1.6,11.4,16.3,-0.1,1.5,1.4,0.048,-2.7,1.4,-1.3,0.3
215,Josh Hart,SG,23,LAL,67,1715,9.3,0.526,0.591,0.172,2.2,12.5,7.5,7,1.7,1.9,10.4,13.5,0.2,1.9,2.1,0.059,-1.8,1,-0.7,0.5
216,Isaiah Hartenstein,PF,20,HOU,28,221,10,0.562,0.146,0.341,10.3,13.3,11.8,9.5,1.6,4.6,21.6,11.8,0.2,0.3,0.5,0.101,-3,2.4,-0.6,0.1
217,Udonis Haslem,C,38,MIA,8,35,0,0.333,0.444,0,3,33.6,18.3,0,0,0,18.2,13.5,-0.1,0,-0.1,-0.082,-12.7,-5.1,-17.8,-0.1
218,Gordon Hayward,PF,28,BOS,71,1825,15.6,0.575,0.369,0.301,3,15.6,9.3,18.4,1.6,1.1,12.9,19.1,2.6,2.2,4.8,0.127,0.2,0.4,0.5,1.2
219,John Henson,C,28,MIL,14,188,17.2,0.553,0.463,0.149,9.2,28.1,19.2,10.1,1.7,4.9,14.4,18.6,0.1,0.4,0.6,0.147,-1.8,3.1,1.3,0.2
220,Juan Hernangomez,PF,23,DEN,68,1325,11,0.58,0.581,0.279,5.1,16.1,10.6,5,1,1.6,9.7,12.3,1.5,1.4,2.9,0.105,-0.9,-0.1,-1.1,0.3
Rk,Player,Pos,Age,Tm,G,MP,PER,TS%,3PAr,FTr,ORB%,DRB%,TRB%,AST%,STL%,BLK%,TOV%,USG%,OWS,DWS,WS,WS/48,OBPM,DBPM,BPM,VORP
221,Willy Hernangomez,C,24,CHO,57,809,20.4,0.589,0.129,0.49,15.2,26.2,20.6,11.4,1,2.1,14,22.1,1.8,0.8,2.6,0.153,0.2,-0.4,-0.2,0.4
222,Mario Hezonja,SF,23,NYK,56,1150,10.7,0.492,0.33,0.25,2.3,19.1,10.5,10.8,2.2,0.6,13.6,21,-1,1,0,-0.001,-3.6,-0.6,-4.2,-0.6
223,Isaiah Hicks,PF,24,NYK,1,4,13.8,0.568,,,0,0,0,31.5,0,0,0,9.4,0,0,0,0.132,-4.3,-10.5,-14.9,0
224,Buddy Hield,SG,26,SAC,80,2567,17.7,0.588,0.475,0.144,4,12.4,8.1,11.7,1,1.1,9.1,25.2,4.3,1.7,6,0.112,3.1,-1.9,1.2,2.1
225,Haywood Highsmith,SF,22,PHI,3,15,10.7,0.5,0.6,0,0,20.6,10.6,18.4,0,0,0,14,0,0,0,0.098,-1.5,-2.7,-4.2,0
226,Nene Hilario,C,36,HOU,40,520,11.8,0.556,0.019,0.421,6.7,18.8,12.6,6,1.7,2.3,7.3,11.4,0.7,0.6,1.3,0.123,-3.1,1.1,-2,0
227,George Hill,PG,32,TOT,58,1262,12.3,0.561,0.394,0.212,3.2,8.1,5.7,14.2,1.9,0.5,10.8,15,1.6,1.3,2.8,0.108,-0.4,-0.4,-0.8,0.4
227,George Hill,PG,32,CLE,13,344,13.5,0.604,0.262,0.187,3.7,5,4.4,16.1,1.7,0.3,14.7,17.3,0.5,0,0.5,0.067,0.3,-2.5,-2.2,0
227,George Hill,PG,32,MIL,45,918,11.9,0.543,0.449,0.223,3,9.2,6.3,13.5,1.9,0.6,9.1,14.1,1.1,1.3,2.4,0.124,-0.7,0.4,-0.3,0.4
228,Solomon Hill,SF,27,NOP,42,831,6.7,0.5,0.566,0.201,4.3,11.1,7.7,7.2,1.2,0.9,14.8,10,0.1,0.4,0.5,0.029,-2.2,-0.2,-2.4,-0.1
229,Aaron Holiday,PG,22,IND,48,600,12.1,0.519,0.484,0.193,0.9,11.1,6.1,18.7,1.6,1.9,12.3,22,0.1,0.8,0.9,0.068,-1.5,-0.9,-2.4,-0.1
230,Jrue Holiday,SG,28,NOP,67,2402,19.4,0.555,0.313,0.234,3.3,11,7.2,31.9,2.1,1.8,14.1,25.4,3.5,1.9,5.4,0.109,2.9,-0.1,2.8,2.9
231,Justin Holiday,SG,29,TOT,79,2501,9.7,0.513,0.599,0.134,1.9,11.9,6.8,8.1,2.3,1.2,11.3,15.4,-0.6,2.4,1.8,0.034,-1.5,0.7,-0.8,0.7
231,Justin Holiday,SG,29,CHI,38,1325,11,0.531,0.685,0.117,1.5,12.5,7,9.1,2.5,1.4,10.2,15.2,0.2,1.1,1.3,0.047,-0.1,0.8,0.7,0.9
231,Justin Holiday,SG,29,MEM,41,1176,8.2,0.493,0.499,0.153,2.3,11.3,6.7,7.1,2.2,1.1,12.6,15.7,-0.8,1.3,0.5,0.02,-3.1,0.5,-2.5,-0.1
232,John Holland,SF,30,CLE,1,1,0,,,,0,0,0,0,0,0,,0,0,0,0,-0.032,-6.3,-0.9,-7.2,0
233,Rondae Hollis-Jefferson,SF,24,BRK,58,1208,12.5,0.47,0.1,0.39,6.8,19.1,13,11.6,1.6,1.7,10.6,21.4,-0.3,1.5,1.2,0.048,-4.2,1.1,-3.1,-0.3
234,Richaun Holmes,C,25,PHO,70,1184,20.7,0.647,0,0.479,10.6,20.6,15.5,7.9,1.7,5.5,10.5,17.9,3.1,1.2,4.3,0.175,-0.1,1.5,1.4,1
235,Rodney Hood,SG,26,TOT,70,1846,12.5,0.548,0.353,0.231,1.4,7.8,4.5,9.9,1.6,0.5,6.7,18.2,2.2,0.5,2.6,0.069,-0.1,-2.2,-2.2,-0.1
235,Rodney Hood,SG,26,CLE,45,1234,13,0.542,0.335,0.251,1.6,8.8,5,11.4,1.5,0.3,6.7,19.1,1.5,0,1.5,0.06,-0.1,-2.6,-2.7,-0.2
235,Rodney Hood,SG,26,POR,25,612,11.5,0.56,0.392,0.186,1.1,5.8,3.5,6.8,1.7,0.8,6.8,16.3,0.7,0.4,1.1,0.087,-0.1,-1.2,-1.3,0.1
236,Al Horford,C,32,BOS,67,1947,20.1,0.604,0.284,0.128,6.6,18.4,12.5,21,1.4,3.9,11.8,18.8,4.4,2.9,7.3,0.181,2.1,2.7,4.8,3.4
237,Danuel House,SF,25,HOU,37,933,12.3,0.648,0.705,0.295,2.9,13,7.8,5.9,1,0.9,11.4,14.3,1.6,0.6,2.2,0.113,0.4,-1.2,-0.8,0.3
238,Dwight Howard,C,33,WAS,9,230,17.4,0.638,0,0.696,11.2,28.3,19.6,2.6,1.4,1.5,15.1,19.6,0.4,0.2,0.6,0.124,-2.9,-2.3,-5.2,-0.2
239,Kevin Huerter,SG,20,ATL,73,1993,10,0.528,0.538,0.088,3,9.6,6.2,14.3,1.5,1,13.7,15.7,0.6,0.7,1.3,0.031,-1,-1.1,-2.1,-0.1
240,Isaac Humphries,C,21,ATL,3,38,-1,0.25,0.5,0,5.4,11.3,8.3,0,1.2,0,0,15,-0.1,0,-0.1,-0.129,-9.1,-5.5,-14.6,-0.1
Rk,Player,Pos,Age,Tm,G,MP,PER,TS%,3PAr,FTr,ORB%,DRB%,TRB%,AST%,STL%,BLK%,TOV%,USG%,OWS,DWS,WS,WS/48,OBPM,DBPM,BPM,VORP
241,Chandler Hutchison,SF,22,CHI,44,895,8.8,0.507,0.239,0.182,3.7,18.9,11.3,5.3,1.2,0.6,10,12.2,0,0.6,0.6,0.03,-3.9,-0.4,-4.3,-0.5
242,Serge Ibaka,C,29,TOR,73,1991,18.8,0.585,0.195,0.205,8.5,23.4,16.1,7.8,0.7,4.2,10.7,22.7,2.9,3.2,6.1,0.147,-0.6,1.2,0.6,1.3
243,Andre Iguodala,SF,35,GSW,67,1556,13.3,0.597,0.473,0.229,3.4,13.4,8.6,16.7,1.9,2.8,13.7,10.2,2.5,1.8,4.3,0.133,0.3,1.9,2.2,1.7
244,Ersan Ilyasova,PF,31,MIL,65,1189,12.2,0.557,0.418,0.181,8.6,15.8,12.4,5.6,1.3,1.4,10.1,15.7,1.3,1.8,3.2,0.128,-1,0.1,-0.9,0.3
245,Joe Ingles,PF,31,UTA,79,2484,13.4,0.581,0.596,0.153,1.5,12.2,6.9,25.7,1.8,0.6,18.3,17.5,2.3,3.6,5.9,0.114,0.9,0.8,1.8,2.4
246,Andre Ingram,SG,33,LAL,4,15,-11.9,0,0.5,0,7,6.7,6.9,0,3.1,0,14.3,19.3,-0.1,0,-0.1,-0.409,-17,-3,-20,-0.1
247,Brandon Ingram,SF,21,LAL,52,1760,13.4,0.555,0.129,0.396,2.5,13,7.8,12.9,0.7,1.4,13.1,23.2,0.6,1.4,2,0.054,-2.2,-0.6,-2.8,-0.4
248,Kyrie Irving,PG,26,BOS,66,2179,24.4,0.592,0.35,0.2,3.4,12.8,8.1,35.1,2.3,1.3,11.3,29.6,6.2,2.9,9.1,0.2,6.1,0.4,6.4,4.7
249,Jonathan Isaac,PF,21,ORL,74,1974,13,0.536,0.433,0.222,5.3,16.9,11,5.8,1.4,4.1,10.1,16.4,0.9,3,3.9,0.096,-1.9,2,0.1,1.1
250,Wesley Iwundu,SF,24,ORL,66,1191,8.6,0.532,0.287,0.389,3.3,13.2,8.2,7.7,1.1,1.4,12.2,12.9,0.5,1.3,1.8,0.073,-3.4,0.6,-2.8,-0.2
251,Demetrius Jackson,PG,24,PHI,6,39,21,0.656,0.4,0.267,5.6,2.6,4.1,19.6,2.4,0,5.6,19.1,0.2,0,0.2,0.232,4.4,-3.4,1,0
252,Frank Jackson,PG,20,NOP,61,1169,9.4,0.517,0.378,0.163,2.2,9.5,5.9,8,1,0.1,9.1,18.5,0.1,0.4,0.5,0.019,-2.2,-2.8,-5,-0.9
253,Jaren Jackson,PF,19,MEM,58,1515,16.4,0.591,0.241,0.334,5.3,15.1,10.1,7.2,1.7,5.1,12.7,22.8,1.1,2.2,3.3,0.106,-1.4,1.4,0.1,0.8
254,Josh Jackson,SG,21,PHO,77,1915,10.7,0.49,0.263,0.255,3.7,15.7,9.6,14.2,1.8,2.3,15.8,24,-2.6,1.1,-1.5,-0.037,-4.2,-0.5,-4.8,-1.3
255,Justin Jackson,SF,23,TOT,78,1539,11,0.55,0.511,0.167,2.8,11.5,7.1,8.2,0.9,0.8,5.2,14.2,1.7,0.9,2.7,0.083,-0.6,-1.1,-1.7,0.1
255,Justin Jackson,SF,23,SAC,52,1083,10.1,0.546,0.539,0.169,2.3,11.8,6.9,8.1,1,1,6.5,12.9,1,0.7,1.7,0.074,-0.9,-0.7,-1.6,0.1
255,Justin Jackson,SF,23,DAL,26,456,13.3,0.557,0.461,0.164,3.8,11,7.4,8.6,0.9,0.2,2.7,17.1,0.7,0.3,1,0.104,0.1,-2,-1.9,0
256,Reggie Jackson,PG,28,DET,79,2219,15.1,0.549,0.451,0.227,2,8.4,5.1,24.3,1.2,0.3,11.5,24.3,3,1.7,4.7,0.103,1.7,-2.1,-0.4,0.9
257,LeBron James,SF,34,LAL,55,1937,25.6,0.588,0.299,0.382,3.1,21.3,12.4,39.5,1.7,1.4,13.3,31.6,4.7,2.6,7.2,0.179,6.2,1.8,8,4.9
258,Amile Jefferson,PF,25,ORL,11,44,25.4,0.677,0,0.667,9.6,24.6,17,6.7,2.2,5.7,0,15.4,0.2,0.1,0.3,0.317,0.7,2.9,3.6,0.1
259,John Jenkins,SG,27,TOT,23,263,7.7,0.486,0.548,0.179,1.2,8.6,4.8,10,0,0.6,8.1,16,0,0,-0.1,-0.011,-3.1,-3.8,-6.9,-0.3
259,John Jenkins,SG,27,WAS,4,14,20.5,1.5,1,0,0,7.9,3.9,9.9,0,0,0,6.1,0.1,0,0.1,0.202,7.4,-5.3,2.2,0
259,John Jenkins,SG,27,NYK,19,249,6.9,0.463,0.537,0.183,1.2,8.7,4.8,10,0,0.7,8.3,16.5,-0.1,0,-0.1,-0.023,-3.7,-3.7,-7.4,-0.3
260,Jonas Jerebko,PF,31,GSW,70,1174,13.4,0.591,0.533,0.237,6.7,18.4,12.8,9.9,1,1.2,10.1,15.1,2,1.2,3.2,0.131,0.6,-0.7,-0.1,0.6
Rk,Player,Pos,Age,Tm,G,MP,PER,TS%,3PAr,FTr,ORB%,DRB%,TRB%,AST%,STL%,BLK%,TOV%,USG%,OWS,DWS,WS,WS/48,OBPM,DBPM,BPM,VORP
261,Alize Johnson,PF,22,IND,13,39,-2.2,0.235,0.182,0.364,2.9,19.5,11.4,0,0,2.3,0,14.3,-0.1,0,-0.1,-0.107,-12.4,-3.7,-16.1,-0.1
262,Amir Johnson,C,31,PHI,49,487,12.5,0.579,0.259,0.252,9.2,19,14.2,16.5,1.5,1.8,22.1,17.5,0.3,0.6,0.9,0.089,-1.6,0.7,-1,0.1
263,B.J. Johnson,SF,23,ATL,6,43,14.1,0.622,0.375,0.125,4.8,15,9.8,0,2.2,0,10.6,17.9,0,0,0.1,0.076,-3,-5.3,-8.4,-0.1
264,James Johnson,PF,31,MIA,52,1102,10.9,0.518,0.393,0.175,2,14.2,8.1,16.5,1.5,2.1,14.5,17.9,0,1.4,1.4,0.061,-2.4,0.8,-1.7,0.1
265,Stanley Johnson,SF,22,TOT,66,1208,9.6,0.485,0.489,0.145,3,16.9,9.7,10.6,2.4,1,14.7,19.4,-1.1,1.6,0.5,0.02,-3.2,0.5,-2.6,-0.2
265,Stanley Johnson,SF,22,DET,48,961,9.8,0.482,0.519,0.146,2.7,17.7,10,9.4,2.5,1.1,12.9,19.1,-0.7,1.4,0.6,0.032,-3,0.9,-2.1,0
265,Stanley Johnson,SF,22,NOP,18,247,8.9,0.496,0.374,0.143,3.8,13.7,8.8,15.1,2.3,0.3,21.2,20.4,-0.3,0.2,-0.1,-0.027,-3.8,-0.9,-4.7,-0.2
266,Tyler Johnson,PG,26,TOT,57,1529,12.5,0.532,0.494,0.241,2.4,9.9,6.1,15.9,1.7,1.6,11.7,18.5,0.9,1.4,2.3,0.072,-0.6,-0.4,-1,0.4
266,Tyler Johnson,PG,26,MIA,44,1123,12.3,0.54,0.509,0.219,1.8,9.7,5.8,14.9,1.7,1.7,12.5,19.2,0.5,1.3,1.8,0.075,-0.7,-0.1,-0.8,0.3
266,Tyler Johnson,PG,26,PHO,13,406,12.8,0.506,0.448,0.312,4,10.3,7.1,18.6,1.6,1.2,9,16.5,0.4,0.1,0.5,0.063,-0.3,-1.3,-1.6,0
267,Wesley Johnson,SF,31,TOT,38,534,5.5,0.469,0.594,0.148,2.4,11.7,7.1,5.3,1.2,1.9,11.7,12,-0.3,0.3,0,0.001,-3.6,-0.7,-4.3,-0.3
267,Wesley Johnson,SF,31,NOP,26,377,6.9,0.517,0.568,0.102,2.8,12,7.4,5.2,1.5,1.5,11.5,11.3,0,0.2,0.3,0.033,-2.5,-0.4,-2.9,-0.1
267,Wesley Johnson,SF,31,WAS,12,157,2,0.372,0.65,0.25,1.4,11.3,6.2,5.6,0.6,2.7,11.9,13.6,-0.3,0,-0.2,-0.075,-6.3,-1.5,-7.7,-0.2
268,Nikola Jokic,C,23,DEN,78,2451,26.6,0.593,0.224,0.296,9.8,27.6,18.7,37.5,2.1,2,15.5,27.3,7.7,4.2,11.9,0.232,5.9,3.8,9.8,7.3
269,Damian Jones,C,23,GSW,24,410,15.4,0.72,0,0.5,8.5,11,9.8,8.8,1.4,5.1,15.1,11.1,1,0.5,1.5,0.173,0.5,2.4,3,0.5
270,Derrick Jones,SF,21,MIA,57,1088,14.3,0.556,0.288,0.362,9.2,13.7,11.4,4.8,2.1,3.4,10.4,15.9,1.1,1.6,2.8,0.122,-1.2,1.6,0.4,0.7
271,Jalen Jones,SF,25,CLE,16,214,11.7,0.548,0.452,0.435,5.5,12.4,8.8,4.8,2.1,0.8,9.8,16.7,0.2,0.1,0.3,0.057,-1.2,-2.1,-3.3,-0.1
272,Jemerrio Jones,SF,23,LAL,4,59,10.4,0.346,0.333,0.133,12.5,18.8,15.7,10.6,3.2,2.8,15.9,13.3,-0.1,0.1,0,0.033,-4.2,3.5,-0.7,0
273,Terrence Jones,PF,27,HOU,2,5,-15.8,0.225,0.5,0.25,0,90.7,44.3,0,0,0,18.4,47.3,-0.1,0,-0.1,-0.662,-36.1,-16.2,-52.3,-0.1
274,Tyus Jones,PG,22,MIN,65,1463,13.6,0.493,0.285,0.156,1.7,7.7,4.6,27.2,2.6,0.3,9.4,14.1,1.9,0.9,2.8,0.091,-0.4,-1.3,-1.7,0.1
275,DeAndre Jordan,C,30,TOT,69,2047,19.1,0.674,0,0.592,11.7,35.3,23.5,11.6,1,3,21.4,15,4,3.1,7.1,0.167,-0.9,3.3,2.4,2.3
275,DeAndre Jordan,C,30,DAL,50,1554,18.1,0.672,0,0.613,11.2,36,23.7,9.5,1,2.9,21.3,14.4,2.7,2.5,5.3,0.163,-1.4,3.4,2,1.6
275,DeAndre Jordan,C,30,NYK,19,493,22.1,0.681,0,0.537,13.3,33.2,23,18.2,0.9,3.4,21.6,16.8,1.3,0.6,1.8,0.18,0.7,2.9,3.6,0.7
276,Cory Joseph,PG,27,IND,80,2023,10.9,0.472,0.312,0.077,2.1,12.6,7.5,20.7,2.2,0.9,12.7,13.6,0.5,2.9,3.4,0.08,-2,1.5,-0.5,0.8
277,Frank Kaminsky,C,25,CHO,44,686,16.4,0.578,0.47,0.333,5.8,18.3,11.9,12.8,0.8,1.4,10.7,21.7,1.1,0.4,1.5,0.106,0.8,-1.9,-1.1,0.2
278,Enes Kanter,C,26,TOT,65,1576,22.4,0.596,0.05,0.288,16.1,26.2,21.1,12.3,0.9,1.4,13.1,23,3.8,1.4,5.2,0.159,1.5,-0.2,1.3,1.3
278,Enes Kanter,C,26,NYK,44,1128,21.8,0.585,0.047,0.276,15.5,27.7,21.4,13,0.8,1.3,13.1,22.8,2.4,0.9,3.3,0.142,1.1,-0.2,0.8,0.8
278,Enes Kanter,C,26,POR,21,448,24.1,0.622,0.058,0.317,17.8,22.4,20.1,10.4,1.3,1.6,13.3,23.4,1.4,0.5,1.9,0.204,2.8,-0.2,2.6,0.5
279,Luke Kennard,SG,22,DET,60,1363,11.6,0.551,0.507,0.115,0.9,13.3,6.9,12.2,0.9,0.6,9.1,17.8,1.1,1.2,2.2,0.079,-0.8,-1,-1.8,0.1
280,Michael Kidd-Gilchrist,PF,25,CHO,63,1178,13.3,0.553,0.142,0.37,7.9,14.8,11.2,7.4,1.3,2.9,10,15.6,1.5,1,2.4,0.1,-1.6,0.4,-1.2,0.2
Rk,Player,Pos,Age,Tm,G,MP,PER,TS%,3PAr,FTr,ORB%,DRB%,TRB%,AST%,STL%,BLK%,TOV%,USG%,OWS,DWS,WS,WS/48,OBPM,DBPM,BPM,VORP
281,George King,SF,25,PHO,1,6,1.9,,,,0,18.8,9.3,0,0,0,,0,0,0,0,0.001,-8.8,-1.8,-10.5,0
282,Maxi Kleber,PF,27,DAL,70,1482,13.2,0.577,0.564,0.187,6.5,16.5,11.6,6.8,1.2,4.4,11.1,13.6,1.6,1.8,3.4,0.111,-0.7,2.2,1.6,1.3
283,Brandon Knight,PG,27,TOT,37,679,8.8,0.482,0.508,0.113,1.4,7.5,4.3,14.9,1.3,0.1,9.4,17.7,0,0,0,0,-1.8,-3.3,-5.1,-0.5
283,Brandon Knight,PG,27,HOU,12,118,0.8,0.347,0.681,0.234,0.9,7.7,4.2,10.7,0.8,0,8.8,20.9,-0.3,0,-0.3,-0.113,-6.8,-4.4,-11.2,-0.3
283,Brandon Knight,PG,27,CLE,25,561,10.5,0.518,0.466,0.084,1.5,7.4,4.3,15.8,1.4,0.2,9.6,17.1,0.3,0,0.3,0.024,-0.7,-3.1,-3.8,-0.3
284,Kevin Knox,PF,19,NYK,72,2063,8.6,0.477,0.393,0.241,2.9,13.2,7.9,5.6,1,0.9,10.2,22.2,-2.1,0.8,-1.3,-0.03,-3.6,-2.5,-6,-2.1
285,Furkan Korkmaz,SG,21,PHI,46,654,11.7,0.533,0.594,0.179,2.7,14,8.5,10.9,2,0.2,9,17.8,0.4,0.7,1.1,0.082,-0.6,-1.4,-2,0
286,Luke Kornet,PF,23,NYK,43,681,14.7,0.535,0.683,0.177,3.4,14.2,8.7,10.5,1.8,4,8.2,18.3,0.6,0.6,1.2,0.082,0.1,0.2,0.4,0.4
287,Kyle Korver,SG-PF,37,TOT,70,1334,11.3,0.582,0.72,0.151,0.7,12.4,6.6,8.9,0.9,0.7,10.3,18.5,1,1.3,2.3,0.084,0,-1.4,-1.5,0.2
287,Kyle Korver,PF,37,CLE,16,251,11.3,0.65,0.711,0.211,0,13.4,6.4,10.1,0.6,0.7,17,17.4,0.2,0,0.2,0.044,-0.3,-3.4,-3.6,-0.1
287,Kyle Korver,SG,37,UTA,54,1083,11.2,0.569,0.722,0.14,0.9,12.2,6.6,8.6,1,0.7,8.9,18.7,0.8,1.3,2.1,0.093,0,-1,-0.9,0.3
288,Kosta Koufos,C,29,SAC,42,502,12.3,0.477,0,0.157,10.4,26.2,18.2,9.6,1.4,3.1,14.2,15.7,0,0.7,0.7,0.064,-4.3,1.9,-2.4,-0.1
289,Rodions Kurucs,SF,20,BRK,61,1250,11,0.556,0.41,0.208,4.2,15.2,9.7,6,1.5,1.6,14.1,18.1,0.1,1.4,1.5,0.059,-2.5,0.2,-2.3,-0.1
290,Kyle Kuzma,PF,23,LAL,70,2314,14,0.546,0.388,0.23,2.7,14.1,8.5,11.5,0.8,0.9,10,23.8,1.2,1.9,3.1,0.064,-0.4,-1.4,-1.8,0.1
291,Skal Labissiere,PF,22,TOT,21,136,7.1,0.504,0.344,0.406,3.8,17.8,10.7,9.2,1,3.1,19.3,14.2,-0.1,0.1,0.1,0.019,-5,0.5,-4.5,-0.1
291,Skal Labissiere,PF,22,SAC,13,113,7,0.517,0.367,0.367,3.6,18.6,10.9,6.8,0.8,2.3,16.7,15.3,-0.1,0.1,0,0.02,-4.7,-0.4,-5.1,-0.1
291,Skal Labissiere,PF,22,POR,8,23,8,0.347,0,1,4.7,13.6,9.3,21,2.1,7,41,9,0,0,0,0.012,-6.2,5,-1.2,0
292,Jeremy Lamb,SG,26,CHO,76,2163,16.8,0.544,0.333,0.258,3.1,18,10.4,11.7,1.9,1.2,6.9,22.5,2.8,1.9,4.7,0.104,0.3,-0.6,-0.3,0.9
293,Zach LaVine,SG,23,CHI,63,2171,18.7,0.574,0.283,0.33,2,12.9,7.4,22.6,1.3,1,14.2,30.5,1.7,1.1,2.9,0.063,1.8,-1.7,0,1.1
294,Jake Layman,SF,24,POR,68,1258,14,0.602,0.434,0.164,4.9,12.7,8.9,5.7,1.2,1.9,8.9,15.9,2,1.1,3.1,0.119,0.7,-0.5,0.2,0.7
295,T.J. Leaf,PF,21,IND,56,469,15.7,0.557,0.181,0.163,9.2,17.4,13.4,6.9,0.7,3.2,6.5,17.1,0.6,0.7,1.3,0.133,-1.6,0,-1.6,0.1
296,Courtney Lee,SG,33,TOT,32,391,10.1,0.483,0.427,0.179,2.4,11,6.6,12.8,2.3,0.7,9.3,15.3,0,0.3,0.4,0.044,-2.6,-0.3,-3,-0.1
296,Courtney Lee,SG,33,NYK,12,160,13.7,0.527,0.34,0.298,3.8,14.1,8.8,15.1,2.4,1.1,8.6,15.5,0.2,0.1,0.3,0.086,-1.1,-0.1,-1.3,0
296,Courtney Lee,SG,33,DAL,20,231,7.6,0.452,0.486,0.1,1.4,8.8,5.1,11.3,2.3,0.4,9.9,15.1,-0.1,0.2,0.1,0.015,-3.7,-0.5,-4.2,-0.1
297,Damion Lee,SG,26,GSW,29,313,10.2,0.568,0.54,0.15,2.5,13.7,8.4,2.9,1.8,0,8.6,15.9,0.1,0.3,0.4,0.069,-1.8,-2.5,-4.4,-0.2
298,Walt Lemon,PG,26,CHI,4,121,16.7,0.456,0.051,0.136,0.9,14.6,7.7,32.7,4.4,0.7,10.1,25.1,-0.1,0.2,0.1,0.032,-2,1,-1,0
299,Alex Len,C,25,ATL,75,1479,16.8,0.575,0.306,0.331,10.5,18.7,14.5,8.2,0.8,3.7,12.1,21.8,1.9,1,2.9,0.095,-0.4,-0.9,-1.3,0.3
300,Kawhi Leonard,SF,27,TOR,58,1978,26,0.607,0.262,0.382,4.4,18.7,11.7,16.5,2.5,1,8.5,30.4,6.1,3.2,9.3,0.225,4.4,0.7,5.1,3.5
Rk,Player,Pos,Age,Tm,G,MP,PER,TS%,3PAr,FTr,ORB%,DRB%,TRB%,AST%,STL%,BLK%,TOV%,USG%,OWS,DWS,WS,WS/48,OBPM,DBPM,BPM,VORP
301,Meyers Leonard,C,26,POR,60,836,15.8,0.674,0.476,0.214,5.9,22.1,14.2,11.9,0.8,0.9,13.8,14.7,2,0.8,2.9,0.165,1.8,-0.2,1.5,0.7
302,Jon Leuer,PF,29,DET,40,398,13.1,0.613,0.098,0.277,7.2,19.7,13.2,5.5,1.5,0.8,15.5,16.1,0.4,0.5,0.9,0.107,-2.9,-0.2,-3.1,-0.1
303,Caris LeVert,SF,24,BRK,38,1015,14.6,0.506,0.325,0.251,3.3,11.4,7.4,23.4,1.9,1,11.6,24,0.4,1.1,1.5,0.069,-0.5,0,-0.5,0.4
304,Damian Lillard,PG,28,POR,78,2764,23.7,0.587,0.415,0.334,2.6,11.1,7,30.8,1.5,1,10.8,29.4,9.4,2.4,11.7,0.204,6.6,-1.1,5.5,5.2
305,Jeremy Lin,PG,30,TOT,73,1417,13.6,0.56,0.343,0.386,1.6,11.6,6.6,23.3,1.5,0.8,16.2,21.7,1.2,0.9,2.1,0.071,-1,-1.9,-2.9,-0.3
305,Jeremy Lin,PG,30,ATL,51,1003,15.9,0.594,0.342,0.435,1.6,11.1,6.3,26.8,1.8,0.6,17.6,22.7,1.5,0.4,1.9,0.092,0.1,-2.4,-2.2,-0.1
305,Jeremy Lin,PG,30,TOR,22,414,8.1,0.467,0.347,0.259,1.3,13,7.3,14.8,0.9,1.2,12.3,19.4,-0.3,0.4,0.2,0.022,-3.9,-0.7,-4.6,-0.3
306,Shaun Livingston,PG,33,GSW,62,939,11.7,0.552,0.01,0.239,4.8,7.9,6.4,15.1,1.5,2.4,14.4,12,1.1,0.8,1.9,0.1,-2.1,0.5,-1.6,0.1
307,Zach Lofton,SG,26,DET,1,4,-10,0,1,0,0,0,0,0,12.3,0,50,21.5,-0.1,0,0,-0.449,-16.9,8.1,-8.9,0
308,Kevon Looney,C,22,GSW,77,1439,17,0.638,0.031,0.321,14.5,15.4,15,10.5,1.4,3.1,12,12.6,4,1.7,5.7,0.19,1.7,1.7,3.4,2
309,Brook Lopez,C,30,MIL,80,2298,14.7,0.6,0.653,0.169,1.6,14.9,8.6,5.7,1,6.4,8.7,16.7,2.4,4.3,6.7,0.14,-0.1,2.8,2.7,2.7
310,Robin Lopez,C,30,CHI,72,1549,15.9,0.6,0.053,0.236,9.5,10.2,9.8,8.9,0.3,4.2,14.4,18.6,2,0.7,2.7,0.082,-1,-0.1,-1.1,0.4
311,Kevin Love,PF,30,CLE,21,585,19.4,0.561,0.516,0.409,6,39.9,22.3,12.6,0.4,0.7,11.3,27.7,0.9,0.3,1.3,0.105,0.7,-2.5,-1.8,0
312,Kyle Lowry,PG,32,TOR,64,2171,16.7,0.565,0.613,0.26,2.1,12.7,7.5,35.2,1.9,1.2,18.1,19.7,3.8,2.9,6.6,0.146,2.7,0.4,3,2.7
313,Jordan Loyd,PG,25,TOR,11,47,15.4,0.625,0.5,0.714,2.4,15.7,9.2,17.2,0,0,9.8,18.6,0.1,0,0.2,0.181,0.9,-2.8,-1.9,0
314,Kalin Lucas,PG,29,DET,1,6,16.6,0.532,1,2,0,56.7,27.3,20.7,0,0,0,13.5,0,0,0,0.237,-1,0.4,-0.6,0
315,Timothe Luwawu-Cabarrot,SF,23,TOT,48,615,7.9,0.487,0.543,0.178,1.9,13.9,7.8,5.5,1.5,1.1,9,16.3,-0.3,0.5,0.2,0.013,-3.4,-1.5,-4.9,-0.4
315,Timothe Luwawu-Cabarrot,SF,23,OKC,21,123,3.5,0.383,0.512,0.14,3.3,12.2,7.6,4.2,1.5,0.7,9.9,16.8,-0.2,0.1,-0.1,-0.032,-6.7,-1.9,-8.6,-0.2
315,Timothe Luwawu-Cabarrot,SF,23,CHI,27,492,9,0.516,0.552,0.188,1.5,14.3,7.9,5.8,1.5,1.2,8.8,16.2,-0.1,0.3,0.2,0.024,-2.6,-1.4,-3.9,-0.2
316,Tyler Lydon,PF,22,DEN,24,90,8.1,0.573,0.588,0.176,7.2,13.3,10.2,7.1,1.1,0,17.9,10.6,0.1,0.1,0.1,0.069,-2.1,-1.2,-3.2,0
317,Trey Lyles,PF,23,DEN,63,1093,12.6,0.498,0.4,0.238,4.1,19.5,11.8,11.3,1.3,1.9,11,23.4,-0.2,1.4,1.1,0.05,-2.7,-0.7,-3.4,-0.4
318,Scott Machado,PG,28,LAL,4,19,22.2,0.776,0.167,0.167,0,0,0,23.5,2.4,0,0,14,0.1,0,0.1,0.28,2.4,-6.8,-4.5,0
319,Shelvin Mack,PG,28,TOT,57,1246,10.4,0.489,0.323,0.208,1.6,7.9,4.7,22.7,1.9,0.3,13,18.1,-0.2,1.1,0.9,0.034,-2.6,-1.6,-4.2,-0.7
319,Shelvin Mack,PG,28,MEM,53,1204,11,0.499,0.329,0.193,1.6,8,4.8,23.3,1.9,0.3,12.8,18,0.1,1.1,1.1,0.045,-2.2,-1.5,-3.7,-0.5
319,Shelvin Mack,PG,28,CHO,4,42,-6.5,0.251,0.143,0.643,0,5.3,2.6,3,2.3,0,18.2,22.5,-0.3,0,-0.3,-0.302,-14.5,-3,-17.5,-0.2
320,Daryl Macon,SG,23,DAL,7,57,2.6,0.425,0.35,0,3.8,5.6,4.7,12.9,0.9,0,20,18.9,-0.1,0,-0.1,-0.09,-6.7,-2.6,-9.3,-0.1
Rk,Player,Pos,Age,Tm,G,MP,PER,TS%,3PAr,FTr,ORB%,DRB%,TRB%,AST%,STL%,BLK%,TOV%,USG%,OWS,DWS,WS,WS/48,OBPM,DBPM,BPM,VORP
321,J.P. Macura,SG,23,CHO,1,14,0.5,0.25,0.5,0,0,15.8,7.7,20.8,0,0,0,24.5,-0.1,0,-0.1,-0.216,-8.3,-5,-13.3,0
322,Ian Mahinmi,C,32,WAS,32,453,12.3,0.56,0.151,0.698,9.5,16.8,13.1,6.8,2.5,2.8,15.1,12.4,0.5,0.5,1,0.101,-2,1.5,-0.5,0.2
323,Thon Maker,C-PF,21,TOT,61,923,12,0.542,0.574,0.318,4.4,17.4,11,6.6,1.1,4.5,9.5,15,0.6,1.4,2.1,0.108,-2,1.7,-0.3,0.4
323,Thon Maker,C,21,MIL,35,409,12.9,0.546,0.582,0.276,4.5,18.6,12,5.8,1.1,3.7,5.7,16.3,0.4,0.7,1.1,0.132,-1.6,0.7,-0.9,0.1
323,Thon Maker,PF,21,DET,26,514,11.3,0.539,0.565,0.363,4.3,16.6,10.2,7.1,1.1,5.1,13.3,13.9,0.2,0.7,1,0.089,-2.4,2.6,0.1,0.3
324,Boban Marjanovic,C,30,TOT,56,637,23.8,0.663,0.029,0.55,14.6,27,21,11.6,1,3.1,16.2,23.3,1.9,0.9,2.8,0.209,1,0.3,1.3,0.5
324,Boban Marjanovic,C,30,LAC,36,376,25,0.666,0.014,0.679,16,26.5,21.4,9.4,1.4,3.6,16.9,24.6,1.2,0.6,1.7,0.219,1.1,0.4,1.5,0.3
324,Boban Marjanovic,C,30,PHI,20,261,22.2,0.659,0.051,0.367,12.5,27.6,20.3,14.7,0.5,2.4,14.9,21.5,0.7,0.3,1.1,0.193,0.9,0.1,1.1,0.2
325,Lauri Markkanen,PF,21,CHI,52,1682,17.1,0.553,0.418,0.245,4.7,25.9,15.2,7.2,1.1,1.7,8.8,25.1,1.3,1.5,2.8,0.079,-0.3,-1.6,-1.9,0
326,Jarell Martin,PF,24,ORL,40,306,10.3,0.544,0.535,0.111,3.8,20.9,12.2,8,0.5,2.2,9.6,16.3,0.2,0.4,0.5,0.084,-2.8,-0.6,-3.4,-0.1
327,Frank Mason,PG,24,SAC,37,418,12.2,0.499,0.372,0.353,1,9.3,5.1,26.9,1.8,0.8,15.9,21.2,0,0.3,0.3,0.037,-2.2,-2.3,-4.5,-0.3
328,Wesley Matthews,SF-SG,32,TOT,68,2067,10.5,0.546,0.576,0.235,1.7,7.1,4.4,11.3,1.2,0.7,10.5,17.9,1.2,1.5,2.7,0.063,-0.2,-1.2,-1.4,0.3
328,Wesley Matthews,SF,32,DAL,44,1312,11.3,0.556,0.561,0.235,1.7,6.7,4.2,11.6,1.2,0.8,10.1,18.9,1,0.8,1.8,0.066,0.1,-1.4,-1.3,0.2
328,Wesley Matthews,SG,32,NYK,2,54,2.9,0.33,0.526,0.263,1.9,4,2.9,12.9,0.9,1.6,8.6,18.3,-0.1,0,-0.1,-0.115,-6.3,-3.4,-9.6,-0.1
328,Wesley Matthews,SG,32,IND,22,701,9.5,0.544,0.614,0.232,1.8,8.2,5.1,10.5,1.3,0.5,11.6,16.1,0.3,0.7,1,0.071,-0.4,-0.6,-1,0.2
329,Luc Mbah a Moute,PF,32,LAC,4,61,6.7,0.495,0.333,0.278,3.6,8.4,6.1,4.5,0.8,1.3,9,15.4,0,0,0,0.011,-3.3,-2,-5.4,-0.1
330,Tahjere McCall,SG,24,BRK,1,8,9.6,0.581,0.333,0.333,0,13.1,6.6,0,0,0,0,18.1,0,0,0,0.053,-3.8,-6,-9.8,0
331,Patrick McCaw,SG,23,TOT,29,397,7.5,0.532,0.444,0.238,1.9,11,6.5,9.1,2.8,0.4,19.6,9.4,0,0.5,0.5,0.064,-2.8,1.6,-1.2,0.1
331,Patrick McCaw,SG,23,CLE,3,53,-0.7,0.278,0.444,0,0,6.5,3.1,4.9,1.9,0,25,9.9,-0.2,0,-0.2,-0.137,-8.1,-1.1,-9.2,-0.1
331,Patrick McCaw,SG,23,TOR,26,344,8.7,0.569,0.444,0.278,2.2,11.6,7.1,9.8,2.9,0.5,18.8,9.3,0.2,0.5,0.7,0.095,-2,2.1,0.1,0.2
332,CJ McCollum,SG,27,POR,68,2321,17.2,0.557,0.357,0.155,2.8,9.7,6.3,13.5,1.1,0.9,7.4,25.6,4,1.7,5.6,0.116,2.2,-1.9,0.3,1.3
333,T.J. McConnell,PG,26,PHI,74,1424,13.3,0.552,0.104,0.092,2.1,10.3,6.3,24.9,2.6,0.9,17.3,14.9,1.2,1.6,2.8,0.094,-1.7,0.1,-1.6,0.2
334,Doug McDermott,SF,27,IND,75,1288,11.7,0.624,0.494,0.184,1.4,7.4,4.5,7.1,0.6,0.6,8.8,16.2,1.8,1.1,2.8,0.106,0,-2.1,-2,0
335,JaVale McGee,C,31,LAL,73,1625,21.8,0.632,0.016,0.236,12.4,22.6,17.6,4.6,1.3,7.3,13.1,20,2.9,2.9,5.8,0.171,-1,2.8,1.7,1.5
336,Rodney McGruder,SG,27,MIA,65,1527,9.6,0.516,0.495,0.154,4.1,12.2,8.1,10.4,1.2,0.7,11.6,15.4,0.5,1.5,2,0.062,-1.7,-0.1,-1.8,0.1
337,Alfonzo McKinnie,SF,26,GSW,69,941,11.1,0.564,0.424,0.164,9.5,16.8,13.3,4,0.8,1.3,9.4,14.1,1.1,0.9,1.9,0.099,-1,-1.7,-2.7,-0.2
338,Ben McLemore,SG,25,SAC,19,158,10.5,0.541,0.641,0.188,1.9,9.3,5.5,3.4,1.8,1.6,6.7,19.4,0.1,0.1,0.2,0.057,-1.1,-2.5,-3.6,-0.1
339,Jordan McRae,SG,27,WAS,27,333,14.3,0.55,0.269,0.269,1.9,11.3,6.5,13.2,1.8,1.8,9.4,20.4,0.3,0.2,0.5,0.066,-1.9,-1.8,-3.7,-0.1
340,Jodie Meeks,SG,31,TOR,7,86,17.3,0.639,0.441,0.029,1.3,12.2,6.9,12.3,0.6,1,2.8,17.7,0.2,0.1,0.3,0.17,1.8,-2.1,-0.2,0
Rk,Player,Pos,Age,Tm,G,MP,PER,TS%,3PAr,FTr,ORB%,DRB%,TRB%,AST%,STL%,BLK%,TOV%,USG%,OWS,DWS,WS,WS/48,OBPM,DBPM,BPM,VORP
341,Salah Mejri,C,32,DAL,34,352,15.3,0.559,0.263,0.295,10.2,24.8,17.5,13.1,1.2,4.8,15.7,15.6,0.4,0.5,0.9,0.127,-1.9,3.1,1.2,0.3
342,De'Anthony Melton,PG,20,PHO,48,942,9.7,0.456,0.381,0.098,2.8,12.3,7.5,22.2,3.3,2,21.3,14.8,-0.8,0.8,0,0.002,-3.6,1.1,-2.5,-0.1
343,Chimezie Metu,PF,21,SAS,29,145,6.4,0.389,0.034,0.293,6.8,20.2,13.5,12,2,1.2,18.6,24.4,-0.5,0.2,-0.3,-0.101,-8.9,-0.4,-9.3,-0.3
344,Khris Middleton,SF,27,MIL,75,2352,16.3,0.556,0.412,0.229,2.3,16.5,9.9,19.9,1.6,0.2,12.4,25,2.4,3.5,5.9,0.12,0.6,0.1,0.7,1.6
345,C.J. Miles,SF,31,TOT,53,856,9,0.504,0.653,0.186,1.7,10.4,6.1,6,1.5,1.5,8.2,18.6,-0.2,0.9,0.7,0.041,-2.1,-1.4,-3.4,-0.3
345,C.J. Miles,SF,31,TOR,40,562,8,0.484,0.665,0.214,2.4,10.5,6.5,5.2,1.5,1.5,8.5,18.8,-0.3,0.7,0.4,0.034,-2.4,-1.3,-3.7,-0.2
345,C.J. Miles,SF,31,MEM,13,294,10.8,0.544,0.629,0.133,0.4,10.1,5.2,7.5,1.4,1.6,7.5,18.3,0.1,0.3,0.3,0.054,-1.4,-1.6,-2.9,-0.1
346,Darius Miller,SF,28,NOP,69,1757,8.4,0.55,0.752,0.147,0.8,6.6,3.8,10.4,1.1,1.1,10.3,13.4,1.1,0.6,1.7,0.045,-0.1,-1.6,-1.7,0.1
347,Malcolm Miller,SF,25,TOR,9,58,14.4,0.643,0.875,0.083,0,7.3,3.7,2.5,0.8,1.4,3.9,19.2,0.1,0.1,0.2,0.133,2.3,-3.8,-1.6,0
348,Patty Mills,PG,30,SAS,80,1867,13.1,0.572,0.609,0.156,1.4,8.9,5.2,17.4,1.3,0.5,11.6,18.5,2.2,1.1,3.2,0.083,1.5,-2,-0.5,0.7
349,Paul Millsap,PF,33,DEN,68,1841,18.3,0.573,0.237,0.373,8.9,20.2,14.5,10.6,2.2,2.5,10.8,19.7,3.3,2.9,6.2,0.161,0.7,1.8,2.5,2.1
350,Shake Milton,SG,22,PHI,18,224,8.7,0.506,0.515,0.074,3.4,8.7,6.1,9.1,1.1,1.8,7.9,14.3,0.1,0.2,0.3,0.057,-2,-1.2,-3.3,-0.1
351,Nikola Mirotic,PF,27,TOT,46,1245,17.2,0.584,0.587,0.229,5.1,22.6,14.1,6.2,1.2,2.2,7.4,21.4,2,1.4,3.5,0.134,1.2,-1.2,0,0.6
351,Nikola Mirotic,PF,27,NOP,32,925,17.5,0.591,0.568,0.248,5.2,24.1,14.8,5.3,1.1,2.2,7.6,21.7,1.6,0.9,2.5,0.129,1.4,-1.7,-0.3,0.4
351,Nikola Mirotic,PF,27,MIL,14,320,16.3,0.562,0.644,0.17,4.7,18.3,11.9,8.6,1.5,2.4,7,20.5,0.4,0.6,1,0.148,0.7,0.1,0.8,0.2
352,Donovan Mitchell,SG,22,UTA,75,2525,17,0.534,0.339,0.25,2.5,10.5,6.6,21.2,1.9,1,11.4,31.6,1.1,3.7,4.7,0.09,0.6,-0.2,0.4,1.5
353,Naz Mitrou-Long,SG,25,UTA,12,49,-2.2,0.318,0.636,0,0,4.3,2.2,15.8,0,0,26.7,13.1,-0.1,0,-0.1,-0.1,-8.6,-2.9,-11.5,-0.1
354,Malik Monk,SG,20,CHO,70,1201,12,0.519,0.559,0.178,1.3,10.5,5.8,14.2,1.4,1.2,12,25.1,-0.4,0.7,0.3,0.012,-1.1,-2.9,-4,-0.6
355,Greg Monroe,C,28,TOT,41,438,14.8,0.499,0.023,0.363,16.1,23.3,19.8,7.1,1.5,1.5,13.5,22.5,0.1,0.7,0.8,0.086,-3.7,-0.5,-4.2,-0.2
355,Greg Monroe,C,28,TOR,38,423,13.5,0.487,0.025,0.379,15.7,23.9,19.9,5.4,1.5,1.6,14.2,22.2,-0.1,0.7,0.6,0.07,-4.6,-0.7,-5.3,-0.4
355,Greg Monroe,C,28,BOS,2,5,60.3,0.6,0,0,64,0,32.1,73.7,0,0,0,43.1,0.1,0,0.1,0.536,38.3,6.8,45.1,0.1
355,Greg Monroe,C-F,28,PHI,1,10,44.8,0.827,0,0.2,10.9,10.3,10.6,43.7,4.7,0,0,22.8,0.1,0,0.1,0.522,16.4,0.7,17.1,0
356,E'Twaun Moore,SG,29,NOP,53,1463,11.5,0.567,0.331,0.111,2.5,6.4,4.5,9.6,1.3,0.4,9.6,17.3,1.2,0.5,1.7,0.055,-0.2,-2,-2.2,-0.1
357,Eric Moreland,PF,27,TOT,4,36,7.4,0.583,0.167,0,9.2,38.7,24.1,14.4,0,0,33.3,10.7,0,0.1,0.1,0.083,-5.3,0.2,-5.1,0
357,Eric Moreland,PF,27,PHO,1,5,3.9,,,,0,67.7,33.3,0,0,0,,0,0,0,0,0.078,-14,-3.9,-17.9,0
357,Eric Moreland,PF,27,TOR,3,31,8,0.583,0.167,0,10.7,34,22.6,16.7,0,0,33.3,12.5,0,0,0.1,0.083,-3.9,0.9,-3,0
358,Jaylen Morris,SG,23,MIL,4,29,12.2,0.46,0.3,0.2,0,16.6,8.8,18.1,3.2,0,8.4,17.2,0,0.1,0.1,0.084,-3.8,0.8,-3,0
359,Marcus Morris,PF,29,BOS,74,2060,14.3,0.569,0.459,0.199,3.9,19.5,11.7,7.6,1,1,9.1,20.9,2,2.5,4.5,0.105,-0.4,-1,-1.4,0.3
360,Markieff Morris,PF,29,TOT,55,1208,11.4,0.516,0.422,0.196,4.8,16.9,10.7,8.7,1.4,1.5,9.6,19.2,0.4,1,1.3,0.053,-1.9,-1.1,-2.9,-0.3
360,Markieff Morris,PF,29,WAS,34,883,12.3,0.543,0.439,0.223,5,16.6,10.7,9.6,1.3,1.9,11.5,19.6,0.4,0.5,0.9,0.051,-1.1,-1,-2.1,0
360,Markieff Morris,PF,29,OKC,21,325,8.9,0.448,0.379,0.129,4.3,17.8,10.8,6.3,1.6,0.5,4.1,18.2,0,0.4,0.4,0.059,-4,-1.4,-5.4,-0.3
Rk,Player,Pos,Age,Tm,G,MP,PER,TS%,3PAr,FTr,ORB%,DRB%,TRB%,AST%,STL%,BLK%,TOV%,USG%,OWS,DWS,WS,WS/48,OBPM,DBPM,BPM,VORP
361,Monte Morris,PG,23,DEN,79,1895,16.2,0.576,0.323,0.107,2,8.8,5.4,21.8,1.8,0.2,6.9,17.1,4.2,1.7,5.9,0.15,1.5,-1.3,0.2,1
362,Donatas Motiejunas,PF,28,SAS,1,4,-7,0.25,0,0,27.4,0,13.6,0,0,21.1,20,55,-0.1,0,-0.1,-0.636,-28.5,-2.7,-31.1,0
363,Johnathan Motley,PF,23,LAC,21,144,17.9,0.555,0.045,0.567,12.2,20.7,16.6,11.4,1.3,1.6,15.2,28.9,0.1,0.2,0.2,0.08,-2.3,-1.7,-4,-0.1
364,Emmanuel Mudiay,PG,22,NYK,59,1607,14.6,0.531,0.284,0.251,2.1,10.9,6.4,24.1,1.3,1,14.6,25.5,0.2,0.6,0.8,0.023,-0.4,-1.9,-2.4,-0.2
365,Jamal Murray,PG,21,DEN,73,2382,16,0.537,0.352,0.19,2.9,11,6.9,22.5,1.4,1,11.1,24.9,2.8,2.2,5.1,0.102,1.1,-1,0.1,1.3
366,Dzanan Musa,SG,19,BRK,8,34,2.9,0.383,0.45,0.1,3.1,9.2,6.2,5,2.8,0,16.1,30.8,-0.2,0,-0.2,-0.226,-9.9,-3.4,-13.3,-0.1
367,Mike Muscala,PF,27,TOT,62,1232,10.6,0.551,0.713,0.249,4.7,14.8,9.9,8,0.8,2.4,10.6,14.4,1.1,1.2,2.2,0.087,-0.5,-0.2,-0.7,0.4
367,Mike Muscala,PF,27,PHI,47,1041,10.4,0.56,0.716,0.277,5.3,14.7,10.2,7.9,0.8,2,12.1,14.3,0.9,1,1.9,0.087,-0.3,-0.4,-0.7,0.4
367,Mike Muscala,PF,27,LAL,15,191,11.6,0.511,0.698,0.127,1.1,15.3,8.4,8.3,1,4.3,2.9,14.9,0.1,0.2,0.4,0.089,-1.8,0.6,-1.2,0
368,Sviatoslav Mykhailiuk,SF,21,TOT,42,440,6,0.447,0.636,0.143,2.2,6.2,4.2,10.9,1.5,0.2,12.4,16,-0.4,0.3,-0.1,-0.013,-3.6,-2.1,-5.7,-0.4
368,Sviatoslav Mykhailiuk,SF,21,LAL,39,420,5.9,0.451,0.644,0.152,2,6.3,4.2,10.1,1.4,0.2,12.4,15.9,-0.4,0.3,-0.1,-0.014,-3.7,-2.1,-5.8,-0.4
368,Sviatoslav Mykhailiuk,SF,21,DET,3,20,9.8,0.375,0.5,0,5.3,5.7,5.5,28.4,2.5,0,11.1,19.4,0,0,0,0.014,-2.7,-2,-4.7,0
369,Abdel Nader,SF,25,OKC,60,679,8.6,0.527,0.463,0.172,1.8,15.1,8.2,3.5,1.3,1.5,9.9,14.5,0.1,0.9,0.9,0.065,-4.2,-0.9,-5.1,-0.5
370,Larry Nance,C,26,CLE,65,1725,18.4,0.584,0.203,0.281,9.9,24.7,17,17.6,2.7,1.9,15.5,15.6,3.1,1.6,4.7,0.13,1.4,2.5,3.9,2.6
371,Shabazz Napier,PG,27,BRK,55,953,15.1,0.532,0.514,0.33,1.7,8.8,5.3,22.1,2,1.3,12.1,24,0.8,1,1.8,0.09,0.1,-1.2,-1,0.2
372,Raul Neto,PG,26,UTA,37,474,13.5,0.558,0.373,0.205,1.4,12.6,7.1,28.8,1.4,0.7,16.6,19,0.5,0.6,1.2,0.118,-1,-0.5,-1.5,0.1
373,Georges Niang,PF,25,UTA,56,428,12.9,0.616,0.634,0.117,2.3,16.9,9.7,10,1,0.6,9.5,16.8,0.6,0.6,1.2,0.132,0,-0.7,-0.7,0.1
374,Joakim Noah,C,33,MEM,42,693,18.6,0.571,0.005,0.512,9.2,29.8,19.3,20.6,1.4,4.3,16.1,20.1,1,1.2,2.2,0.151,-1.9,3.5,1.6,0.6
375,Nerlens Noel,C,24,OKC,74,1022,19.3,0.606,0,0.287,12,20.4,16.1,5.7,3,7.6,13,13.8,1.8,2.4,4.2,0.199,-1.7,5.4,3.8,1.5
376,Dirk Nowitzki,PF,40,DAL,48,719,9.2,0.474,0.574,0.141,0.6,19.4,10.1,6.5,0.5,1.9,4.5,21.2,-0.4,0.7,0.3,0.02,-3.6,-2,-5.6,-0.7
377,Frank Ntilikina,PG,20,NYK,43,904,6,0.417,0.408,0.106,1.4,8.9,5,19.4,1.6,1.3,15.9,16.6,-1.3,0.4,-0.9,-0.046,-4.4,-1.2,-5.6,-0.8
378,James Nunnally,SF,28,TOT,15,102,7.3,0.503,0.735,0.118,0,5.3,2.6,9.5,0.5,0,2.7,15.3,0.1,0,0.1,0.036,-1.6,-4.8,-6.4,-0.1
378,James Nunnally,SF,28,MIN,13,64,12.1,0.593,0.619,0.19,0,6.7,3.3,10.8,0.7,0,4.2,15.6,0.1,0,0.1,0.098,0.3,-4.5,-4.2,0
378,James Nunnally,SF,28,HOU,2,38,-0.8,0.346,0.923,0,0,3,1.5,7.2,0,0,0,14.9,-0.1,0,-0.1,-0.068,-4.9,-5.3,-10.2,-0.1
379,Jusuf Nurkic,C,24,POR,72,1974,23.4,0.57,0.035,0.442,13.4,26.7,20.2,17.9,1.7,4.2,14.6,24.7,4.4,3.4,7.8,0.19,1.5,3.6,5.1,3.5
380,David Nwaba,SG,26,CLE,49,951,13.1,0.568,0.29,0.333,4.6,14,9.1,8.2,1.8,1.5,8.2,14.6,1.3,0.3,1.6,0.08,-0.7,-0.6,-1.2,0.2
Rk,Player,Pos,Age,Tm,G,MP,PER,TS%,3PAr,FTr,ORB%,DRB%,TRB%,AST%,STL%,BLK%,TOV%,USG%,OWS,DWS,WS,WS/48,OBPM,DBPM,BPM,VORP
381,Royce O'Neale,SF,25,UTA,79,1579,9.1,0.593,0.5,0.127,1.5,16.9,9.3,10.1,1.6,1.2,16.7,11.1,0.7,2.5,3.2,0.096,-2.1,2.3,0.3,0.9
382,Kyle O'Quinn,C,28,IND,43,357,16.2,0.536,0.087,0.151,8.6,26.5,17.7,22.2,1.2,5.7,18.3,20.1,0.2,0.7,0.9,0.122,-2.6,4.1,1.5,0.3
383,Semi Ojeleye,PF,24,BOS,55,556,8.3,0.54,0.582,0.248,4.2,11.5,7.9,4.7,0.8,0.6,10.8,13.6,0.2,0.5,0.7,0.058,-2.6,-1.7,-4.2,-0.3
384,Jahlil Okafor,C,23,NOP,57,862,17.2,0.596,0.009,0.262,9.2,21.6,15.5,6.1,0.7,3.6,11.7,19.5,1.2,0.8,2,0.11,-2.1,-0.5,-2.6,-0.1
385,Elie Okobo,PG,21,PHO,51,907,7.2,0.48,0.46,0.157,1.3,10.3,5.8,18.6,1.5,0.6,18.2,17,-0.8,0.2,-0.6,-0.031,-3.9,-2.2,-6.2,-0.9
386,Josh Okogie,SG,20,MIN,71,1686,9.5,0.494,0.425,0.321,2.6,11.1,6.8,6.8,2.4,1.5,10,15.6,-0.1,1.3,1.2,0.035,-2,0.3,-1.7,0.1
387,Victor Oladipo,SG,26,IND,36,1147,17.7,0.519,0.367,0.24,2.1,17.2,9.8,25.3,2.6,0.9,11.2,27.9,0.4,1.9,2.4,0.099,1.3,1.1,2.4,1.3
388,Kelly Olynyk,PF,27,MIA,76,1753,14.5,0.61,0.57,0.335,4.3,17.8,11.1,11.5,1.5,1.7,14.9,18,2.3,2.3,4.6,0.127,0.5,0.7,1.2,1.4
389,Cedi Osman,SF,23,CLE,74,2372,11.5,0.536,0.445,0.213,1.9,15,8.2,12.4,1.2,0.4,11.1,18.6,1.2,0.2,1.5,0.029,-0.4,-1.6,-2,0
390,Kelly Oubre,SF,23,TOT,69,1935,15.2,0.551,0.401,0.29,4,14.7,9.3,6.8,2.1,2.5,9.8,23.3,0.9,1.3,2.2,0.055,-0.9,-1.3,-2.2,-0.1
390,Kelly Oubre,SF,23,WAS,29,755,13.3,0.545,0.433,0.279,3.4,15.4,9.3,3.8,1.7,2.2,8.1,20.9,0.3,0.5,0.8,0.053,-1.8,-1.9,-3.6,-0.3
390,Kelly Oubre,SF,23,PHO,40,1180,16.4,0.555,0.384,0.296,4.4,14.3,9.2,8.7,2.3,2.7,10.7,24.8,0.6,0.8,1.4,0.057,-0.3,-0.9,-1.2,0.2
391,Zaza Pachulia,C,34,DET,66,856,13.5,0.542,0.022,0.649,11.5,21.3,16.2,14.5,1.7,1.7,18.8,14.7,1.1,1.2,2.3,0.127,-2.2,2.4,0.2,0.5
392,Jabari Parker,PF,23,TOT,64,1724,15.5,0.56,0.26,0.246,4.9,21.9,13.3,14.1,1.3,1.5,15.4,24.6,0.1,1.3,1.4,0.04,-1.5,-0.6,-2.1,0
392,Jabari Parker,PF,23,CHI,39,1042,14.6,0.543,0.246,0.233,4.2,21.1,12.6,13.2,1.1,1.2,14.1,25,-0.2,0.7,0.5,0.024,-2,-1,-3,-0.3
392,Jabari Parker,PF,23,WAS,25,682,17,0.587,0.284,0.267,6,23,14.4,15.4,1.6,2,17.4,24,0.3,0.6,0.9,0.063,-0.8,0.1,-0.6,0.2
393,Tony Parker,PG,36,CHO,56,1003,15.3,0.512,0.11,0.268,1.5,7.6,4.5,33.4,1,0.6,12.7,25.4,0.6,0.3,0.9,0.045,-1.5,-3.7,-5.2,-0.8
394,Chandler Parsons,SF,30,MEM,23,437,9.1,0.499,0.528,0.132,0.8,15.7,8.1,11.8,2,0.9,13.4,19.9,-0.4,0.5,0.1,0.009,-3.4,-0.6,-4,-0.2
395,Patrick Patterson,PF,29,OKC,62,859,8.1,0.493,0.626,0.137,4.8,13.1,8.8,4.6,0.9,1.3,8.7,12,0.2,0.9,1.1,0.064,-3.1,-0.7,-3.8,-0.4
396,Justin Patton,C,21,PHI,3,21,10.5,0.317,0.286,0.286,10.4,19.6,15.1,18.7,4.5,0,0,15.7,0,0,0,0.079,-2.3,2.1,-0.2,0
397,Chris Paul,PG,33,HOU,56,1797,19.5,0.557,0.489,0.29,2.1,13.9,7.9,39.4,2.9,0.9,15.8,22.6,4.2,2.1,6.3,0.168,2.8,0.2,2.9,2.2
398,Cameron Payne,PG,24,TOT,40,712,11.5,0.519,0.377,0.184,2,9.2,5.5,21.8,1.9,1.1,15.7,17.5,0.1,0.3,0.5,0.031,-1.9,-1.6,-3.5,-0.3
398,Cameron Payne,PG,24,CHI,31,536,10.3,0.492,0.351,0.149,2,8.8,5.4,22.4,1.8,1,16,17.4,-0.1,0.3,0.2,0.014,-2.7,-1.6,-4.3,-0.3
398,Cameron Payne,PG,24,CLE,9,176,15.3,0.596,0.455,0.291,1.8,10.5,6,19.9,2.3,1.5,15.1,18.1,0.2,0.1,0.3,0.083,0.5,-1.5,-1,0
399,Elfrid Payton,PG,24,NOP,40,1185,13.8,0.498,0.249,0.172,4.3,13.8,9.1,33.1,1.7,0.9,19.9,18.1,0.6,0.8,1.4,0.056,-0.7,-0.2,-0.9,0.3
400,Gary Payton,PG,26,WAS,3,16,37,0.688,0.25,0,6.7,6.9,6.8,45.1,8.9,5.2,11.1,23.9,0.1,0,0.1,0.358,9.8,5.1,14.9,0.1
Rk,Player,Pos,Age,Tm,G,MP,PER,TS%,3PAr,FTr,ORB%,DRB%,TRB%,AST%,STL%,BLK%,TOV%,USG%,OWS,DWS,WS,WS/48,OBPM,DBPM,BPM,VORP
401,Theo Pinson,SG,23,BRK,17,192,8.9,0.509,0.636,0.333,1.1,16.4,8.8,14,1.2,0,16.5,19.9,-0.1,0.2,0.1,0.021,-3.3,-1.4,-4.7,-0.1
402,Mason Plumlee,C,28,DEN,79,1650,17.9,0.608,0.024,0.458,10.5,22.3,16.4,19.1,1.9,3.9,19.7,16.3,2.8,2.8,5.5,0.161,0,3.8,3.8,2.4
403,Miles Plumlee,C,30,ATL,18,173,18.9,0.654,0,0.625,9.6,14.3,11.9,14.7,1.6,2,14,16.8,0.4,0.1,0.5,0.145,0.2,-0.3,-0.1,0.1
404,Jakob Poeltl,C,23,SAS,75,1227,19.4,0.637,0,0.326,15.6,19.8,17.7,10.2,1.1,4.5,12.7,13.3,3.4,1.5,4.9,0.191,1.6,2.5,4.1,1.9
405,Quincy Pondexter,SF,30,SAS,51,284,12.5,0.625,0.321,0.714,3.1,14.1,8.6,10.8,1.5,0.3,14,13.3,0.5,0.2,0.7,0.117,-1,-1,-2,0
406,Otto Porter,SF,25,TOT,56,1683,15.9,0.569,0.398,0.149,3.4,17.1,10.2,10.6,2.3,1.6,8.7,19.1,1.8,1.5,3.2,0.092,0.4,0.1,0.5,1.1
406,Otto Porter,SF,25,WAS,41,1191,15,0.551,0.398,0.145,3.6,17.7,10.6,9.6,2.5,1.6,7.8,18.2,1,1.1,2.1,0.084,-0.2,0.3,0.2,0.6
406,Otto Porter,SF,25,CHI,15,492,18,0.609,0.398,0.159,3.1,15.4,9.2,13,1.8,1.6,10.4,21.3,0.8,0.4,1.2,0.112,1.8,-0.4,1.3,0.4
407,Bobby Portis,PF,23,TOT,48,1252,16.1,0.532,0.302,0.155,8.8,24.9,16.7,8.6,1.3,1.4,9.9,24.6,0.5,1.1,1.6,0.061,-1.2,-1.7,-2.9,-0.3
407,Bobby Portis,PF,23,CHI,22,531,17.2,0.529,0.266,0.185,9.4,23.8,16.5,9.2,1,1.3,9,26.5,0.3,0.4,0.7,0.063,-0.9,-2.2,-3.1,-0.1
407,Bobby Portis,PF,23,WAS,26,721,15.4,0.535,0.332,0.132,8.3,25.7,16.9,8.2,1.5,1.4,10.6,23.3,0.3,0.6,0.9,0.06,-1.4,-1.4,-2.8,-0.1
408,Dwight Powell,C,27,DAL,74,1581,20.5,0.682,0.265,0.511,8.8,17.2,13.1,10.7,1.3,2.5,10,17.3,5.3,1.8,7.1,0.215,2.8,1.1,3.9,2.4
409,Norman Powell,SG,25,TOR,58,1085,12.7,0.584,0.423,0.18,1.6,11.2,6.5,11.5,1.6,1,13.4,18.9,0.8,1.3,2,0.09,-0.8,-0.4,-1.2,0.2
410,Alex Poythress,PF,25,ATL,21,305,12.2,0.571,0.284,0.358,9.8,16.6,13.2,7.7,0.6,2.8,12.2,14.3,0.4,0.1,0.5,0.086,-1.6,-0.7,-2.3,0
411,Zhou Qi,PF,23,HOU,1,1,80.6,1,0,0,0,0,0,0,0,0,0,43.4,0,0,0,1.264,22.1,-12.6,9.6,0
412,Ivan Rabb,PF,21,MEM,46,636,16.5,0.593,0.069,0.312,11.4,21.3,16.2,11,1.2,2.1,12.6,17.3,1.1,0.8,1.9,0.141,-1.2,0.6,-0.6,0.2
413,Chasson Randle,PG,25,WAS,47,693,9.8,0.559,0.508,0.291,1.5,6.9,4.2,17.3,1.6,0.4,15.4,16.3,0.4,0.2,0.6,0.04,-1.5,-2.9,-4.4,-0.4
414,Julius Randle,PF,24,NOP,73,2232,21,0.6,0.179,0.447,7.6,21.7,14.7,15.8,1.1,1.6,13.8,27.8,4.2,1.9,6.1,0.132,1.8,-0.4,1.4,1.9
415,J.J. Redick,SG,34,PHI,76,2379,15.1,0.602,0.589,0.248,0.9,7.2,4.1,13,0.6,0.6,8.1,21.8,4.7,1.2,5.9,0.119,2.6,-3.3,-0.7,0.8
416,Davon Reed,SG,23,IND,8,22,7.9,0.625,0.25,0,5.2,4.9,5.1,11.8,0,0,20,9.9,0,0,0,0.07,-2.6,-2.3,-4.9,0
417,Cameron Reynolds,SG,23,MIN,16,207,9.9,0.558,0.649,0.158,2,9.9,5.9,6.4,1.2,0.8,3.2,12.8,0.3,0.1,0.3,0.08,-0.3,-2,-2.3,0
418,Josh Richardson,SG,25,MIA,73,2539,14,0.536,0.448,0.225,2.3,8.8,5.5,17.9,1.5,1.2,9.1,20.9,3.1,2.6,5.6,0.106,1,-0.5,0.5,1.6
419,Malachi Richardson,SG,23,TOR,22,103,0.9,0.481,0.862,0.172,2.1,11.2,6.8,0,0.5,0,20.4,16.3,-0.2,0.1,-0.1,-0.06,-6.3,-4.5,-10.8,-0.2
420,Austin Rivers,SG,26,TOT,74,1984,7.6,0.504,0.569,0.168,1.4,7.6,4.4,11.4,1.1,1,10.2,14.5,0.3,0.8,1.1,0.027,-2,-1.5,-3.5,-0.8
420,Austin Rivers,SG,26,WAS,29,683,6.8,0.49,0.546,0.237,1.6,9.9,5.7,11.2,1.2,1.2,14.4,15.6,-0.4,0.2,-0.2,-0.015,-3,-1.5,-4.5,-0.4
420,Austin Rivers,SG,26,HOU,45,1301,8.1,0.511,0.581,0.132,1.3,6.4,3.7,11.4,1,0.9,7.7,14,0.7,0.6,1.3,0.049,-1.5,-1.5,-3,-0.3
Rk,Player,Pos,Age,Tm,G,MP,PER,TS%,3PAr,FTr,ORB%,DRB%,TRB%,AST%,STL%,BLK%,TOV%,USG%,OWS,DWS,WS,WS/48,OBPM,DBPM,BPM,VORP
421,Devin Robinson,SF,23,WAS,5,46,24,0.621,0,0.533,7,21.6,14.2,9.7,3.1,5.5,0,17.1,0.2,0.1,0.2,0.234,0.4,2.5,2.9,0.1
422,Duncan Robinson,PF,24,MIA,13,114,5,0.465,0.813,0.094,0,12.2,6.1,2.4,1.3,0,5.7,13.3,-0.1,0.1,0,0.019,-4.1,-2.1,-6.2,-0.1
423,Glenn Robinson,SF,25,DET,45,568,8.5,0.512,0.353,0.228,3.2,8.8,5.9,4.9,1,1,8.9,15.3,0.1,0.5,0.6,0.048,-3.4,-1.1,-4.6,-0.4
424,Jerome Robinson,SG,21,LAC,31,291,6.3,0.47,0.541,0.071,1.1,10.6,6,6.6,1.6,0.8,8.2,16,-0.2,0.2,0,0.006,-3,-1.6,-4.7,-0.2
425,Mitchell Robinson,C,20,NYK,63,1264,22.4,0.689,0,0.467,13.8,18.9,16.3,4.6,1.9,10.4,9.1,12.3,3.8,2,5.8,0.22,0.8,5.5,6.3,2.7
426,Rajon Rondo,PG,32,LAL,46,1369,12.1,0.473,0.329,0.083,2.6,15.4,9.2,35.5,1.9,0.4,22.1,17.4,-0.2,1.5,1.3,0.046,-2.1,0.4,-1.6,0.1
427,Derrick Rose,PG,30,MIN,51,1392,19.5,0.557,0.194,0.212,2.5,8.3,5.4,26.3,1.1,0.7,9.1,27.3,2.7,0.4,3,0.104,2.3,-2.9,-0.6,0.5
428,Terrence Ross,SG,27,ORL,79,2094,14.7,0.552,0.548,0.131,1.3,12.7,6.9,9.8,1.7,1.1,7.7,23.7,1.2,2.5,3.7,0.085,0.6,-1.2,-0.6,0.7
429,Terry Rozier,PG,24,BOS,77,1746,12.8,0.496,0.505,0.141,2,16.3,9.1,17.7,1.8,1.1,8.5,18.5,0.8,2.3,3.1,0.086,-1,0.3,-0.7,0.6
430,Ricky Rubio,PG,28,UTA,68,1899,14,0.52,0.348,0.312,1.9,11.7,6.9,32.1,2.3,0.4,17.8,22.8,0.9,2.9,3.8,0.097,-0.6,0.6,0,1
431,D'Angelo Russell,PG,22,BRK,79,2399,19.2,0.53,0.416,0.134,2.1,11.1,6.6,41.4,2,0.6,13.6,32,2.1,2.4,4.5,0.09,3.7,-0.6,3.1,3.1
432,Domantas Sabonis,C,22,IND,73,1808,22,0.629,0.025,0.42,11.6,29.7,20.8,18.2,1.3,1.5,16.1,23.5,4.2,3.3,7.5,0.2,1.5,2.2,3.8,2.6
433,Brandon Sampson,SG,21,CHI,12,169,6.6,0.535,0.489,0.089,1.9,7.2,4.5,7.6,1.1,1,17.6,14.7,-0.1,0.1,-0.1,-0.016,-3.8,-2,-5.7,-0.2
434,JaKarr Sampson,SF,25,CHI,3,94,29.5,0.759,0.237,0.447,4.6,23.4,13.9,5.7,1.5,2.8,6.2,22.5,0.5,0.1,0.6,0.284,4.2,-1.6,2.6,0.1
435,Dario Saric,PF,24,TOT,78,1937,13,0.562,0.462,0.22,6.7,17.4,12.1,8.9,1.1,0.3,11.6,17.6,2.2,1.2,3.4,0.085,0.3,-1.2,-1,0.5
435,Dario Saric,PF,24,PHI,13,396,8.1,0.496,0.53,0.227,5.8,16.9,11.5,8.9,0.5,0.6,14.7,18,-0.1,0.3,0.2,0.023,-2.4,-1.4,-3.8,-0.2
435,Dario Saric,PF,24,MIN,65,1541,14.3,0.579,0.445,0.218,6.9,17.5,12.2,8.9,1.3,0.3,10.7,17.5,2.3,0.9,3.2,0.1,1,-1.2,-0.2,0.7
436,Tomas Satoransky,PG,27,WAS,78,2104,14,0.586,0.305,0.297,4,10,7,24.6,1.8,0.5,16.6,14.1,3.6,0.9,4.5,0.102,0.4,-1,-0.6,0.7
437,Dennis Schroder,PG,25,OKC,76,2213,12.5,0.502,0.323,0.205,1.6,11.4,6.4,21.1,1.3,0.5,12.5,24.3,0.2,2.3,2.6,0.056,-1.8,-1.4,-3.2,-0.7
438,Mike Scott,PF,30,TOT,78,1374,8.5,0.527,0.606,0.08,3.4,16.9,10.4,6.5,0.9,0.7,9.3,14.5,0.4,1.1,1.5,0.053,-1.5,-1.2,-2.7,-0.2
438,Mike Scott,PF,30,LAC,52,748,9.4,0.521,0.578,0.078,3.5,20.6,12.3,8.1,1.1,0.8,10.2,15,0.2,0.7,0.9,0.056,-1.6,-0.7,-2.3,-0.1
438,Mike Scott,PF,30,PHI,26,626,7.5,0.535,0.641,0.082,3.3,12.5,8,4.5,0.7,0.5,8.2,13.9,0.2,0.4,0.7,0.05,-1.4,-1.8,-3.2,-0.2
439,Thabo Sefolosha,SF,34,UTA,47,545,11.5,0.601,0.538,0.169,1.2,20.5,11,5.6,3.2,0.7,14.1,12.8,0.2,1.1,1.3,0.112,-2.3,2.4,0.2,0.3
440,Wayne Selden,SG,24,TOT,73,1391,8.3,0.493,0.358,0.193,2.8,10.4,6.6,11.2,1.2,0.8,13.2,18.5,-0.9,0.7,-0.2,-0.007,-3.5,-1.6,-5.1,-1.1
440,Wayne Selden,SG,24,MEM,32,455,8.8,0.495,0.391,0.18,3.9,7.1,5.4,12.4,1.1,1.3,11.7,19.3,-0.2,0.3,0.1,0.014,-3.2,-2,-5.2,-0.4
440,Wayne Selden,SG,24,CHI,41,936,8.1,0.493,0.34,0.199,2.3,12,7.1,10.6,1.2,0.6,14,18,-0.7,0.4,-0.3,-0.018,-3.6,-1.4,-5.1,-0.7
Rk,Player,Pos,Age,Tm,G,MP,PER,TS%,3PAr,FTr,ORB%,DRB%,TRB%,AST%,STL%,BLK%,TOV%,USG%,OWS,DWS,WS,WS/48,OBPM,DBPM,BPM,VORP
441,Collin Sexton,PG,20,CLE,80,2527,12.1,0.52,0.24,0.214,2.4,8.1,5.2,14.9,0.8,0.2,12.2,25.3,0,-0.5,-0.5,-0.009,-1.4,-3.6,-5,-1.9
442,Landry Shamet,SG,21,TOT,77,1742,10.8,0.601,0.711,0.162,1.3,6.3,3.9,8.7,1,0.4,6.8,14.9,2.5,0.9,3.4,0.094,1.3,-2.4,-1.1,0.4
442,Landry Shamet,SG,21,PHI,54,1108,10.7,0.606,0.706,0.156,1.4,5.9,3.7,7.4,1,0.6,6.6,15,1.6,0.6,2.2,0.096,1,-2.5,-1.5,0.1
442,Landry Shamet,SG,21,LAC,23,634,10.9,0.592,0.721,0.174,1,7,4.1,11,1,0.1,7.3,14.7,0.9,0.3,1.2,0.091,1.8,-2.2,-0.4,0.3
443,Iman Shumpert,SG,28,TOT,61,1461,9.2,0.499,0.612,0.102,1.9,11.4,6.6,10.1,1.9,1.4,9.8,14.6,0.1,1.3,1.4,0.047,-1.5,0.2,-1.3,0.3
443,Iman Shumpert,SG,28,SAC,42,1099,10.1,0.511,0.58,0.118,1.7,10.5,6,10.7,2,1.6,9.4,15.2,0.3,1,1.3,0.056,-0.8,0.4,-0.5,0.4
443,Iman Shumpert,SG,28,HOU,19,362,6.4,0.454,0.731,0.043,2.4,14.1,8.1,8.1,1.6,0.9,11.2,12.8,-0.2,0.3,0.1,0.02,-3.3,-0.3,-3.6,-0.2
444,Pascal Siakam,PF,24,TOR,78,2493,18.7,0.624,0.223,0.319,5.5,17.4,11.6,14.7,1.4,1.7,12.3,20.8,5.5,3.4,9,0.173,2,1.4,3.4,3.4
445,Jordan Sibert,SG,26,ATL,1,4,29.8,1.5,1,0,0,0,0,0,0,0,0,10.2,0,0,0,0.183,13,-6.7,6.3,0
446,Ben Simmons,PG,22,PHI,78,2679,20,0.582,0.006,0.449,6.9,20.1,13.7,34.5,1.9,1.8,19.2,22,4.7,3.6,8.3,0.148,1.4,2.5,4,4
447,Jonathon Simmons,SG-SF,29,TOT,54,1008,7.6,0.451,0.291,0.284,2.7,9.7,6.2,15.8,1.2,1.2,14.8,18.6,-1,1,0,0,-4.6,-0.6,-5.3,-0.8
447,Jonathon Simmons,SG,29,ORL,41,845,7.4,0.445,0.29,0.252,2.9,9.9,6.3,15.8,1,1.4,15,19.3,-1,0.8,-0.2,-0.01,-4.9,-0.5,-5.4,-0.7
447,Jonathon Simmons,SF,29,PHI,13,163,8.6,0.488,0.293,0.512,2,8.8,5.5,16.2,2.3,0,13.7,15,0,0.2,0.2,0.052,-3.2,-1.2,-4.4,-0.1
448,Kobi Simmons,PG,21,CLE,1,2,0,,,,0,0,0,0,0,0,,0,0,0,0,-0.032,-6.3,-0.9,-7.2,0
449,Anfernee Simons,SG,19,POR,19,93,0.3,0.409,0.429,0.238,0,7.9,4,6,0,0,16.2,25.2,-0.3,0,-0.3,-0.166,-8.6,-5.3,-13.9,-0.3
450,Marcus Smart,SG,24,BOS,79,2180,13.1,0.567,0.607,0.23,2.7,8.6,5.7,19.2,3.1,1.1,16.5,14.6,2.2,3.1,5.3,0.116,0.5,1.2,1.8,2.1
451,Dennis Smith,PG,21,TOT,51,1447,12.3,0.501,0.315,0.244,2.3,8.9,5.6,27.1,2.2,1.2,17.6,24.5,-1.1,1.2,0.1,0.004,-1.7,-0.8,-2.4,-0.2
451,Dennis Smith,PG,21,DAL,32,908,11.5,0.527,0.35,0.23,2.1,9.3,5.7,24.1,2.1,1,20.3,23.3,-0.7,0.9,0.2,0.011,-2.1,-0.3,-2.4,-0.1
451,Dennis Smith,PG,21,NYK,19,539,13.7,0.465,0.267,0.264,2.7,8.2,5.3,32.2,2.3,1.4,13.5,26.3,-0.4,0.3,-0.1,-0.008,-0.9,-1.5,-2.5,-0.1
452,Ish Smith,PG,30,DET,53,1178,11.3,0.478,0.278,0.126,2.1,11,6.4,25.1,1.2,0.8,11.2,19.7,0.3,1,1.4,0.055,-2,-0.9,-2.9,-0.3
453,J.R. Smith,SG,33,CLE,11,222,7.8,0.444,0.494,0.127,0,9.4,4.5,13.8,2.5,1.2,11.7,18.6,-0.2,0.1,-0.2,-0.037,-3.4,-1.7,-5.1,-0.2
454,Jason Smith,PF-C,32,TOT,20,190,9.8,0.492,0.441,0.271,9,20.2,14.6,9.7,0.7,3.1,16.4,17.5,0,0.2,0.2,0.038,-3.7,-0.6,-4.2,-0.1
454,Jason Smith,C,32,WAS,12,130,11.7,0.52,0.27,0.324,9.1,22.1,15.5,12.3,0.4,3.2,14.2,16.1,0.1,0.1,0.2,0.07,-2.9,-0.3,-3.2,0
454,Jason Smith,PF,32,MIL,6,40,6.3,0.468,0.692,0.154,8.1,19.2,14,3.1,2.3,4.2,26.5,19.8,-0.1,0.1,0,-0.02,-6.8,1.2,-5.7,0
454,Jason Smith,C,32,NOP,2,20,4.6,0.405,0.778,0.222,10.5,10.2,10.4,6.2,0,0,9.2,22.3,0,0,0,-0.048,-2.6,-5.8,-8.4,0
455,Zhaire Smith,SG,19,PHI,4,49,4.8,0.407,0.615,0.308,2.2,12.6,7.6,7.7,1.9,3.2,16.9,15.2,-0.1,0.1,0,-0.021,-5.7,0.6,-5.2,0
456,Tony Snell,SF,27,MIL,74,1304,10.7,0.585,0.565,0.116,2.4,9.4,6.1,6.7,0.9,1.2,5.7,12.9,1.6,1.6,3.2,0.118,-0.6,-0.4,-1,0.3
457,Ray Spalding,PF,21,TOT,12,106,17.4,0.582,0.03,0.273,14.5,24.5,19.4,4.4,2.3,4.7,15.9,17.8,0.1,0.1,0.2,0.09,-3.2,0.5,-2.7,0
457,Ray Spalding,PF,21,DAL,1,1,0,,,,0,0,0,0,0,0,,0,0,0,0,0,-6.6,0.5,-6.1,0
457,Ray Spalding,PF,21,PHO,11,105,17.5,0.582,0.03,0.273,14.6,24.7,19.6,4.5,2.3,4.7,15.9,18,0.1,0.1,0.2,0.091,-3.2,0.5,-2.6,0
458,Omari Spellman,PF,21,ATL,46,805,12.4,0.516,0.525,0.184,9.2,16.3,12.7,8,1.5,2.7,10.5,14.9,0.6,0.5,1.2,0.07,-1,0,-1.1,0.2
459,Nik Stauskas,SG,25,TOT,67,1003,11.1,0.545,0.558,0.191,1.9,11.7,6.8,11.2,1,0.6,12.1,17.6,0.7,0.5,1.1,0.055,-0.9,-2.2,-3.1,-0.3
459,Nik Stauskas,SG,25,POR,44,673,10.8,0.545,0.546,0.157,1.6,10.9,6.3,12.6,1,0.5,14,17.9,0.3,0.5,0.8,0.055,-0.9,-1.9,-2.8,-0.1
459,Nik Stauskas,SG,25,CLE,23,330,11.7,0.545,0.585,0.264,2.6,13.3,7.7,8.3,1.1,0.8,7.8,17,0.4,0,0.4,0.054,-0.7,-2.9,-3.5,-0.1
460,D.J. Stephens,SG,28,MEM,1,7,5.5,0.5,0,0,0,0,0,0,7.1,0,33.3,19.2,0,0,0,-0.118,-10,2.3,-7.6,0
Rk,Player,Pos,Age,Tm,G,MP,PER,TS%,3PAr,FTr,ORB%,DRB%,TRB%,AST%,STL%,BLK%,TOV%,USG%,OWS,DWS,WS,WS/48,OBPM,DBPM,BPM,VORP
461,Lance Stephenson,SG,28,LAL,68,1123,11.8,0.529,0.456,0.169,3,16.5,9.9,17.4,1.7,0.5,15.6,20.3,-0.1,1.2,1.1,0.048,-1.8,-0.4,-2.1,0
462,Edmond Sumner,PG,23,IND,21,178,5.7,0.395,0.4,0.26,4.5,8,6.2,6.6,2.8,2.5,12.6,15.7,-0.3,0.3,0,-0.007,-5.2,1.3,-3.9,-0.1
463,Caleb Swanigan,PF,21,TOT,20,160,2.8,0.375,0.125,0.188,9.5,28.1,19,6.5,1.2,0,25.7,18.4,-0.5,0.2,-0.3,-0.091,-9,-0.8,-9.8,-0.3
463,Caleb Swanigan,PF,21,POR,18,145,3.1,0.372,0.114,0.159,9.8,28.1,19.1,6.2,1.3,0,25.4,18.4,-0.4,0.2,-0.3,-0.086,-8.9,-0.7,-9.6,-0.3
463,Caleb Swanigan,PF,21,SAC,2,15,-0.5,0.41,0.25,0.5,6.7,28.1,17.2,8.8,0,0,29.1,19,-0.1,0,0,-0.144,-9.9,-1.9,-11.8,0
464,Jayson Tatum,SF,20,BOS,78,2449,15.2,0.548,0.301,0.221,3,17.7,10.4,10.1,1.7,2.1,9.7,22.1,1.7,3.4,5.1,0.099,-1.2,0.7,-0.6,0.9
465,Jeff Teague,PG,30,MIN,42,1264,15.4,0.528,0.252,0.368,1.3,7.7,4.5,37.6,1.6,1.2,16.7,19.3,1.7,0.5,2.3,0.087,0.1,-2.4,-2.4,-0.1
466,Garrett Temple,SG,32,TOT,73,2005,8.4,0.542,0.536,0.211,1.5,10.3,5.8,7.4,1.8,1.4,11.6,13.3,0.2,2,2.1,0.051,-1.8,0.6,-1.2,0.4
466,Garrett Temple,SG,32,MEM,49,1530,8.6,0.551,0.543,0.196,1.3,10,5.6,6.7,1.6,1.6,11.4,13.9,0.1,1.5,1.6,0.05,-1.9,0.5,-1.4,0.2
466,Garrett Temple,SG,32,LAC,24,475,7.8,0.509,0.51,0.27,2.1,11,6.7,9.6,2.3,0.8,12.5,11.4,0.1,0.5,0.5,0.055,-1.4,0.7,-0.7,0.2
467,Milos Teodosic,PG,31,LAC,15,150,6.5,0.557,0.675,0.175,2.2,8.9,5.7,28.9,0.9,0.5,32.8,18,-0.1,0.1,-0.1,-0.017,-2.9,-3.2,-6.1,-0.2
468,Jared Terrell,SG,23,MIN,11,76,0.4,0.377,0.444,0.074,1.4,4.3,2.8,12.2,1.9,1.1,22.3,19.8,-0.3,0,-0.2,-0.154,-7.8,-2.6,-10.4,-0.2
469,Emanuel Terry,PF,22,TOT,3,23,19.7,0.571,0,0.571,14.2,19.6,16.8,12.2,6.2,0,18.6,20.1,0,0,0.1,0.118,-0.7,2.4,1.7,0
469,Emanuel Terry,PF,22,PHO,2,20,19.9,0.654,0,0.333,10.9,22.6,16.7,8,7.2,0,22.5,19.1,0,0,0.1,0.129,-1.2,2.9,1.7,0
469,Emanuel Terry,PF,22,MIA,1,3,18.4,0.266,0,2,35.6,0,17.8,40.5,0,0,0,26.9,0,0,0,0.046,2.9,-1.4,1.5,0
470,Daniel Theis,C,26,BOS,64,876,17.3,0.628,0.248,0.295,10.4,16.2,13.3,10.6,1.2,4,10.2,16,2.3,1.2,3.5,0.191,0.9,1.5,2.4,1
471,Isaiah Thomas,SG,29,DEN,11,157,7.8,0.457,0.447,0.271,3.4,5.5,4.5,18.7,0.9,0.6,15.2,30.5,-0.3,0.1,-0.2,-0.062,-4,-4.5,-8.5,-0.3
472,Khyri Thomas,SG,22,DET,25,190,7,0.431,0.53,0.167,2.2,9.6,5.8,6.1,1.8,2.2,5.3,17,-0.1,0.2,0.1,0.018,-4.1,-0.5,-4.6,-0.1
473,Lance Thomas,PF,30,NYK,46,783,6.4,0.482,0.401,0.183,2.7,13.2,7.8,5,1,0.8,10.1,12.9,-0.3,0.3,0,0.003,-4.1,-1.2,-5.3,-0.7
474,Klay Thompson,SG,28,GSW,76,2603,16.6,0.569,0.427,0.115,1.6,10.2,6.1,10.6,1.5,1.5,7.3,25.7,2.8,2.3,5.1,0.094,1.2,-2,-0.8,0.8
475,Tristan Thompson,C,27,CLE,43,1198,18.4,0.551,0,0.279,15.4,25.6,20.3,11.2,1.2,1.2,12.1,17.7,2.1,0.5,2.7,0.107,0.2,0.2,0.4,0.7
476,Sindarius Thornwell,SG,24,LAC,62,292,5.2,0.466,0.306,0.612,1.9,13.4,7.8,7.3,2.3,1.9,23.4,11.7,-0.3,0.3,0,-0.001,-5.3,1.3,-4,-0.1
477,Anthony Tolliver,PF,33,MIN,62,1020,8.7,0.578,0.832,0.242,1.6,16.3,8.9,5.4,0.7,1.5,11.2,12.5,0.7,0.5,1.2,0.055,-1.1,-1.3,-2.3,-0.1
478,Karl-Anthony Towns,C,23,MIN,76,2511,26.3,0.62,0.273,0.336,11,29.4,20.1,17.2,1.2,4.2,13.6,28.8,7.1,3.2,10.4,0.198,4.8,1.9,6.7,5.5
479,Gary Trent,SG,20,POR,14,63,-1,0.321,0.516,0.129,1.7,13.3,7.6,4.3,0,1.3,8.4,24,-0.3,0,-0.2,-0.179,-9.3,-4.7,-14,-0.2
480,Allonzo Trier,SG,23,NYK,64,1459,12.2,0.564,0.255,0.431,2.2,12.3,7.1,12.9,0.9,0.8,15.8,21.4,0.4,0.5,0.9,0.029,-2.2,-2,-4.1,-0.8
Rk,Player,Pos,Age,Tm,G,MP,PER,TS%,3PAr,FTr,ORB%,DRB%,TRB%,AST%,STL%,BLK%,TOV%,USG%,OWS,DWS,WS,WS/48,OBPM,DBPM,BPM,VORP
481,P.J. Tucker,PF,33,HOU,80,2750,9.2,0.55,0.74,0.112,4.6,14.6,9.5,4.7,2.3,1.1,10.4,9.4,2,2.9,4.9,0.086,-0.5,1.8,1.3,2.3
482,Evan Turner,PG,30,POR,71,1568,11.4,0.504,0.12,0.221,2.5,18.9,10.9,23.5,1,0.8,18.9,15.8,0.4,1.5,1.9,0.058,-2.5,0.7,-1.9,0.1
483,Myles Turner,C,22,IND,73,2101,18.1,0.566,0.249,0.259,5.5,22.1,13.9,8.1,1.4,8.3,10.4,20.1,1.9,4.5,6.4,0.145,-1.4,4.7,3.3,2.8
484,Ekpe Udoh,C,31,UTA,48,278,20.2,0.696,0,0.328,9.1,19.9,14.6,11.6,1.5,7.4,13.1,13,0.7,0.6,1.3,0.232,-0.4,5.4,5,0.5
485,Tyler Ulis,PG,23,CHI,1,1,0,,,,0,0,0,0,0,0,,0,0,0,0,-0.015,-6.7,-0.4,-7.1,0
486,Jonas Valanciunas,C,26,TOT,49,1091,24.4,0.616,0.089,0.344,10.7,31.5,21.1,12,0.8,4.4,12.7,28.5,2.2,1.9,4.2,0.183,0.1,1.2,1.3,0.9
486,Jonas Valanciunas,C,26,TOR,30,564,24.4,0.639,0.116,0.363,10.6,30.2,20.7,8.5,1.1,3.4,11.5,25.8,1.6,1,2.6,0.223,0.5,0.5,1,0.4
486,Jonas Valanciunas,C,26,MEM,19,527,24.4,0.594,0.065,0.326,10.9,32.9,21.6,15.8,0.6,5.4,13.8,31.4,0.6,0.9,1.5,0.14,-0.4,2,1.6,0.5
487,Jarred Vanderbilt,PF,19,DEN,15,54,15.6,0.487,0.059,0.471,12,32.2,22.1,7.7,3.6,1.6,16.3,19.4,0,0.1,0.1,0.088,-5.1,1.8,-3.3,0
488,Fred VanVleet,PG,24,TOR,62,1711,13.7,0.542,0.491,0.195,1.4,8.8,5.2,23.8,1.5,1,11.3,17.8,2.4,1.8,4.2,0.117,0.8,-0.7,0.1,0.9
489,Noah Vonleh,PF,23,NYK,68,1722,13.9,0.561,0.311,0.355,6.7,26,16.1,11.1,1.3,2.5,14.7,14.8,1.5,1.7,3.2,0.089,-1.6,1.6,0.1,0.9
490,Nikola Vucevic,C,28,ORL,79,2476,25.4,0.573,0.17,0.17,9.3,31.9,20.4,21.9,1.6,2.9,9.8,27.9,5.3,4.7,10,0.194,3,3.3,6.3,5.2
491,Dwyane Wade,SG,37,MIA,69,1782,15.6,0.507,0.259,0.247,4,12.1,8,26.3,1.6,1.8,13.8,27.7,0,2.1,2.1,0.058,-0.7,0,-0.7,0.6
492,Moritz Wagner,C,21,LAL,41,418,10.4,0.541,0.459,0.325,4,15.5,9.9,7.9,1.2,2.3,17.5,21.6,-0.2,0.5,0.2,0.025,-3.8,-1,-4.8,-0.3
493,Dion Waiters,SG,27,MIA,41,1079,11.5,0.533,0.602,0.097,0.7,10.1,5.4,16.6,1.3,0.7,11.8,21.2,0.1,1,1.2,0.052,-0.3,-1.6,-1.8,0.1
494,Kemba Walker,PG,28,CHO,79,2754,21.4,0.556,0.435,0.269,1.9,11.9,6.8,29.2,1.8,1,10.3,31.3,5,1.8,6.9,0.12,4.9,-1.6,3.3,3.7
495,Lonnie Walker,SG,20,SAS,15,102,8.6,0.417,0.31,0.19,0,15.9,8,9.2,2.9,1.7,8.1,21.4,-0.2,0.1,0,-0.023,-5.8,-0.4,-6.2,-0.1
496,John Wall,PG,28,WAS,32,1104,18,0.527,0.306,0.317,1.5,10.1,5.7,39.2,2.1,2.2,16.1,28.8,0.5,0.7,1.2,0.051,1,-1.2,-0.2,0.5
497,Tyrone Wallace,PG,24,LAC,60,603,6.9,0.444,0.091,0.264,3.6,13.1,8.5,9.4,1.6,0.9,12.4,18.6,-0.8,0.5,-0.3,-0.021,-5.5,-0.9,-6.4,-0.7
498,Taurean Waller-Prince,SF,24,ATL,53,1492,12.1,0.58,0.538,0.201,1.5,12.3,6.8,11.1,1.6,1,13.8,19.4,0.8,0.7,1.5,0.05,-0.4,-1.5,-1.9,0.1
499,Brad Wanamaker,PG,29,BOS,34,308,13.9,0.616,0.382,0.236,1,11.1,6.1,21.3,1.7,0.6,15.5,16.3,0.5,0.3,0.9,0.133,-0.9,-1.4,-2.3,0
500,T.J. Warren,SF,25,PHO,43,1360,16.3,0.58,0.295,0.203,2.5,11.9,7.1,7.7,1.8,1.8,7.2,22.7,1.6,0.6,2.2,0.077,0.1,-1.8,-1.6,0.1
Rk,Player,Pos,Age,Tm,G,MP,PER,TS%,3PAr,FTr,ORB%,DRB%,TRB%,AST%,STL%,BLK%,TOV%,USG%,OWS,DWS,WS,WS/48,OBPM,DBPM,BPM,VORP
501,Julian Washburn,SF,27,MEM,15,208,5.6,0.347,0.525,0.1,3.7,14.3,8.9,9.2,2.4,0.9,12.6,10.3,-0.2,0.3,0,0.003,-5.4,1.4,-4,-0.1
502,Yuta Watanabe,SF,24,MEM,14,155,3.8,0.369,0.302,0.233,1.4,18.5,9.8,7.4,1.3,0.6,11.2,15.4,-0.3,0.2,-0.2,-0.055,-8.1,-0.7,-8.8,-0.3
503,Thomas Welsh,C,22,DEN,11,36,16.1,0.648,0.538,0.154,0,12.1,6,20.5,0,0,6.7,17.6,0.1,0,0.1,0.163,1.7,-4.3,-2.7,0
504,Russell Westbrook,PG,30,OKC,70,2518,21,0.498,0.276,0.31,4.2,28.3,15.9,46.1,2.6,1.1,16.3,31.1,1.4,4.9,6.2,0.119,2.4,4,6.4,5.3
505,Derrick White,PG,24,SAS,65,1678,14.7,0.552,0.262,0.23,2.2,13.1,7.7,21.1,1.9,2.3,14.1,17.7,1.6,1.8,3.4,0.097,-0.2,1,0.8,1.2
506,Okaro White,PF,26,WAS,3,6,-4.5,0,1,0,17.9,18.4,18.1,0,0,0,0,14.1,0,0,0,-0.251,-11,-8.2,-19.2,0
507,Hassan Whiteside,C,29,MIA,70,1639,23.1,0.558,0.024,0.363,16.5,35.6,26,5.7,1.3,7.2,11.1,22.6,2.2,3.8,6,0.174,-2.3,2.9,0.5,1.1
508,Andrew Wiggins,SF,23,MIN,70,2444,12.1,0.489,0.286,0.251,3.5,11.4,7.4,10.6,1.3,1.6,9.4,24.3,-0.7,1.2,0.5,0.01,-1.9,-1.3,-3.2,-0.7
509,Alan Williams,PF,26,BRK,4,22,32.7,0.595,0.1,0.4,19.3,61.9,40.7,24.7,2.2,0,7.8,24.4,0.1,0.1,0.1,0.322,3.5,3.7,7.2,0.1
510,C.J. Williams,SG,28,MIN,13,92,6.7,0.481,0.444,0,1.2,4.7,2.9,16.4,1.6,0,12.9,14.1,0,0,0,0.005,-3,-3.3,-6.3,-0.1
511,Johnathan Williams,C,23,LAL,22,321,14,0.589,0.021,0.389,12.8,13.2,13,4.4,0.9,1.8,10.5,16,0.5,0.3,0.8,0.12,-1.4,-0.9,-2.3,0
512,Kenrich Williams,SF,24,NOP,44,1017,9.2,0.481,0.556,0.073,5.4,15.6,10.6,8.8,1.8,1.4,10.9,12.2,0.2,0.8,1,0.048,-1.4,0.7,-0.6,0.4
513,Lou Williams,SG,32,LAC,73,1942,21.6,0.557,0.259,0.429,2.1,9.2,5.8,33.2,1.3,0.4,11.5,32.4,4.2,1.1,5.3,0.131,3.4,-2.7,0.7,1.3
514,Marvin Williams,PF,32,CHO,75,2133,12.6,0.548,0.586,0.132,3.7,17.1,10.3,6.2,1.6,2.5,6.4,14.8,1.9,1.9,3.8,0.086,-0.2,0.6,0.4,1.3
515,Robert Williams,C,21,BOS,31,254,19.9,0.723,0,0.313,10.1,19.4,14.7,3.2,1.5,12.9,14.2,10.8,0.5,0.6,1.1,0.211,-2,6.7,4.7,0.4
516,Troy Williams,SF,24,SAC,19,298,11.1,0.548,0.462,0.165,3.4,16.6,9.9,4.9,1.6,2.3,8.4,14.8,0.2,0.3,0.5,0.075,-2,0,-2,0
517,D.J. Wilson,PF,22,MIL,46,812,10,0.511,0.515,0.194,5.3,18.7,12.4,7.5,1,2,10.5,14.2,0.3,1.3,1.5,0.091,-2.5,0.9,-1.6,0.1
518,Justise Winslow,SF,22,MIA,63,1874,12.8,0.513,0.338,0.185,3.4,16,9.7,21.9,1.7,0.9,15,20.7,0.2,2.4,2.6,0.067,-1.1,0.9,-0.3,0.8
519,Christian Wood,PF,23,TOT,19,193,23.9,0.637,0.195,0.598,6.6,27.1,17.1,6.3,1.7,3.8,11.2,25,0.5,0.3,0.8,0.19,-0.7,-0.4,-1.2,0
519,Christian Wood,PF,23,MIL,13,62,17.1,0.585,0.2,0.6,7,24.8,16.4,4.6,0,0,8.7,23.4,0.1,0.1,0.2,0.147,-3.4,-4.1,-7.5,-0.1
519,Christian Wood,PF,23,NOP,6,131,27,0.66,0.193,0.596,6.4,28.1,17.4,7.1,2.5,5.6,12.2,25.7,0.3,0.2,0.6,0.211,0.5,1.3,1.8,0.1
520,Delon Wright,PG,26,TOT,72,1583,15.2,0.519,0.298,0.256,4.5,11.7,8.1,20.8,2.6,1.6,10.7,18,1.6,2.2,3.8,0.116,-0.2,1.3,1.2,1.3
520,Delon Wright,PG,26,TOR,49,897,14.5,0.527,0.307,0.208,4.8,10.1,7.5,16.8,2.5,1.4,10.4,17.1,1,1.2,2.3,0.122,-0.2,1.1,0.9,0.6
520,Delon Wright,PG,26,MEM,23,686,16.1,0.509,0.286,0.316,4,13.9,8.8,25.9,2.8,1.9,11.1,19.3,0.6,1,1.5,0.108,-0.1,1.7,1.6,0.6
Rk,Player,Pos,Age,Tm,G,MP,PER,TS%,3PAr,FTr,ORB%,DRB%,TRB%,AST%,STL%,BLK%,TOV%,USG%,OWS,DWS,WS,WS/48,OBPM,DBPM,BPM,VORP
521,Guerschon Yabusele,PF,23,BOS,40,226,12.1,0.534,0.343,0.299,10.4,12.3,11.3,8.4,1.7,2.7,16.5,17.3,0.1,0.3,0.4,0.085,-2.4,0.3,-2.1,0
522,Nick Young,SG,33,DEN,4,37,2.3,0.5,0.889,0,0,2.9,1.5,6.8,0,2.4,18.2,12.7,0,0,0,-0.02,-4.4,-2.6,-7,0
523,Thaddeus Young,PF,30,IND,80,2463,16.2,0.566,0.176,0.161,8.8,14.6,11.8,11.9,2.4,1.3,11.8,17.9,3,3.9,6.9,0.135,0.8,2.2,3,3.1
524,Trae Young,PG,20,ATL,80,2470,17,0.539,0.384,0.326,2.6,10.2,6.3,40.4,1.3,0.5,17.6,28.3,2.5,0.7,3.2,0.063,1.7,-2.9,-1.1,0.5
525,Cody Zeller,C,26,CHO,49,1243,17.2,0.611,0.064,0.409,9.3,19.8,14.4,12.1,1.5,2.9,13.2,16.2,2.6,1.2,3.9,0.149,0.2,1.7,1.9,1.2
526,Tyler Zeller,C,29,TOT,3,29,14,0.512,0.125,0.5,14.7,18.8,16.7,4,1.7,0,0,14.8,0.1,0,0.1,0.163,-2.3,-3.1,-5.4,0
526,Tyler Zeller,C,29,ATL,2,11,1.5,0,0.5,0,18.8,39.2,28.8,10.6,0,0,0,7.4,0,0,0,-0.013,-6.8,-0.4,-7.2,0
526,Tyler Zeller,C,29,MEM,1,18,21.6,0.644,0,0.667,12.2,6.4,9.4,0,2.8,0,0,19.3,0.1,0,0.1,0.271,0.5,-4.8,-4.3,0
527,Ante Zizic,C,22,CLE,57,1044,16,0.586,0,0.398,10.4,23,16.5,7.5,0.6,1.8,13.4,18.1,1.5,0.3,1.9,0.085,-1.9,-1.3,-3.2,-0.3
528,Ivica Zubac,C,21,TOT,57,989,18.7,0.604,0,0.335,11.7,24.2,18.2,9.1,0.7,3.9,14,20.2,1.7,1.3,3,0.147,-1.3,1,-0.4,0.4
528,Ivica Zubac,C,21,LAL,33,516,19.5,0.633,0,0.342,11,21.1,16.2,7.3,0.4,4.3,12.9,20.5,1.1,0.6,1.8,0.165,-1.3,0.4,-0.9,0.1
528,Ivica Zubac,C,21,LAC,24,473,17.8,0.57,0,0.327,12.5,27.6,20.3,11.1,1,3.5,15.3,19.9,0.6,0.7,1.3,0.128,-1.4,1.6,0.2,0.3
